file,h1,h2,N1,N2,vocabulary,length,calculated_length,volume,difficulty,effort,time,bugs
src/integrations/prefect-dbt/prefect_dbt/_version.py,0,0,0,0,0,0,0.0,0.0,0.0,0.0,0.0,0.0
src/integrations/prefect-dbt/prefect_dbt/__init__.py,1,4,2,4,5,6,8.0,13.931568569324174,0.5,6.965784284662087,0.3869880158145604,0.004643856189774725
src/integrations/prefect-dbt/prefect_dbt/utilities.py,2,4,3,4,6,7,10.0,18.094737505048094,1.0,18.094737505048094,1.0052631947248942,0.006031579168349364
src/integrations/prefect-dbt/prefect_dbt/core/runner.py,9,78,49,95,87,144,518.7906980842362,927.783863402217,5.480769230769231,5084.969251339074,282.49829174105963,0.30926128780073897
src/integrations/prefect-dbt/prefect_dbt/core/__init__.py,0,0,0,0,0,0,0.0,0.0,0.0,0.0,0.0,0.0
src/integrations/prefect-dbt/prefect_dbt/core/settings.py,1,2,1,2,3,3,2.0,4.754887502163469,0.5,2.3774437510817346,0.1320802083934297,0.0015849625007211565
src/integrations/prefect-dbt/prefect_dbt/core/profiles.py,3,8,5,8,11,13,28.75488750216347,44.97261104228487,1.5,67.4589165634273,3.747717586857072,0.01499087034742829
src/integrations/prefect-dbt/prefect_dbt/cli/credentials.py,0,0,0,0,0,0,0.0,0.0,0.0,0.0,0.0,0.0
src/integrations/prefect-dbt/prefect_dbt/cli/__init__.py,0,0,0,0,0,0,0.0,0.0,0.0,0.0,0.0,0.0
src/integrations/prefect-dbt/prefect_dbt/cli/commands.py,11,95,67,131,106,198,662.1900305964504,1332.1282500035134,7.58421052631579,10103.141096079278,561.2856164488488,0.4440427500011711
src/integrations/prefect-dbt/prefect_dbt/cli/configs/bigquery.py,5,12,9,18,17,27,54.62919048309069,110.36149671375918,3.75,413.85561267659693,22.99197848203316,0.03678716557125306
src/integrations/prefect-dbt/prefect_dbt/cli/configs/__init__.py,0,0,0,0,0,0,0.0,0.0,0.0,0.0,0.0,0.0
src/integrations/prefect-dbt/prefect_dbt/cli/configs/snowflake.py,4,8,6,12,12,18,32.0,64.52932501298082,3.0,193.58797503894246,10.75488750216347,0.02150977500432694
src/integrations/prefect-dbt/prefect_dbt/cli/configs/postgres.py,4,9,6,12,13,18,36.52932501298081,66.60791492653966,2.6666666666666665,177.62110647077242,9.867839248376246,0.022202638308846556
src/integrations/prefect-dbt/prefect_dbt/cli/configs/base.py,9,31,24,47,40,71,182.10941063497398,377.85689473700273,6.82258064516129,2577.9591366734217,143.21995203741233,0.1259522982456676
src/integrations/prefect-dbt/prefect_dbt/cloud/models.py,0,0,0,0,0,0,0.0,0.0,0.0,0.0,0.0,0.0
src/integrations/prefect-dbt/prefect_dbt/cloud/credentials.py,1,2,1,2,3,3,2.0,4.754887502163469,0.5,2.3774437510817346,0.1320802083934297,0.0015849625007211565
src/integrations/prefect-dbt/prefect_dbt/cloud/__init__.py,0,0,0,0,0,0,0.0,0.0,0.0,0.0,0.0,0.0
src/integrations/prefect-dbt/prefect_dbt/cloud/jobs.py,11,90,68,133,101,201,622.3205264746811,1338.3005080331109,8.127777777777778,10877.409129180229,604.3005071766794,0.4461001693443703
src/integrations/prefect-dbt/prefect_dbt/cloud/utils.py,0,0,0,0,0,0,0.0,0.0,0.0,0.0,0.0,0.0
src/integrations/prefect-dbt/prefect_dbt/cloud/clients.py,1,2,1,2,3,3,2.0,4.754887502163469,0.5,2.3774437510817346,0.1320802083934297,0.0015849625007211565
src/integrations/prefect-dbt/prefect_dbt/cloud/exceptions.py,0,0,0,0,0,0,0.0,0.0,0.0,0.0,0.0,0.0
src/integrations/prefect-dbt/prefect_dbt/cloud/runs.py,3,5,3,6,8,9,16.36452797660028,27.0,1.8,48.6,2.7,0.009
src/integrations/prefect-slack/prefect_slack/_version.py,0,0,0,0,0,0,0.0,0.0,0.0,0.0,0.0,0.0
src/integrations/prefect-slack/prefect_slack/credentials.py,1,2,1,2,3,3,2.0,4.754887502163469,0.5,2.3774437510817346,0.1320802083934297,0.0015849625007211565
src/integrations/prefect-slack/prefect_slack/__init__.py,0,0,0,0,0,0,0.0,0.0,0.0,0.0,0.0,0.0
src/integrations/prefect-slack/prefect_slack/messages.py,0,0,0,0,0,0,0.0,0.0,0.0,0.0,0.0,0.0
src/integrations/prefect-gcp/prefect_gcp/cloud_storage.py,12,59,36,68,71,104,390.0954899210025,639.573700428487,6.915254237288136,4422.8147419461475,245.7119301081193,0.2131912334761623
src/integrations/prefect-gcp/prefect_gcp/_version.py,0,0,0,0,0,0,0.0,0.0,0.0,0.0,0.0,0.0
src/integrations/prefect-gcp/prefect_gcp/credentials.py,4,10,7,12,14,19,41.219280948873624,72.33974351909447,2.4,173.61538444582672,9.645299135879263,0.024113247839698156
src/integrations/prefect-gcp/prefect_gcp/bigquery.py,8,38,26,48,46,74,223.42124551085624,408.74358474821895,5.052631578947368,2065.230743991001,114.73504133283339,0.13624786158273966
src/integrations/prefect-gcp/prefect_gcp/__init__.py,0,0,0,0,0,0,0.0,0.0,0.0,0.0,0.0,0.0
src/integrations/prefect-gcp/prefect_gcp/secret_manager.py,2,7,6,12,9,18,21.651484454403228,57.058650025961626,1.7142857142857142,97.8148286159342,5.434157145329678,0.019019550008653876
src/integrations/prefect-gcp/prefect_gcp/utilities.py,4,24,12,24,28,36,118.03910001730776,173.06477719407374,2.0,346.1295543881475,19.229419688230415,0.057688259064691244
src/integrations/prefect-gcp/prefect_gcp/models/cloud_run_v2.py,3,18,9,18,21,27,79.81353752812508,118.59257041502654,1.5,177.8888556225398,9.882714201252211,0.03953085680500885
src/integrations/prefect-gcp/prefect_gcp/models/__init__.py,0,0,0,0,0,0,0.0,0.0,0.0,0.0,0.0,0.0
src/integrations/prefect-gcp/prefect_gcp/workers/cloud_run_v2.py,8,40,23,41,48,64,236.8771237954945,357.43760004615405,4.1,1465.4941601892315,81.41634223273508,0.11914586668205135
src/integrations/prefect-gcp/prefect_gcp/workers/__init__.py,0,0,0,0,0,0,0.0,0.0,0.0,0.0,0.0,0.0
src/integrations/prefect-gcp/prefect_gcp/workers/vertex.py,12,35,21,42,47,63,222.5444556017277,349.93909765569117,7.2,2519.5615031209763,139.97563906227646,0.11664636588523039
src/integrations/prefect-gcp/prefect_gcp/workers/cloud_run.py,6,21,12,21,27,33,107.74844088268091,156.91128757139447,3.0,470.7338627141834,26.151881261899078,0.052303762523798154
src/integrations/prefect-gcp/prefect_gcp/deployments/steps.py,6,23,15,29,29,44,119.55169999363824,213.7511637856132,3.782608695652174,808.5370108412325,44.91872282451291,0.07125038792853773
src/integrations/prefect-gcp/prefect_gcp/deployments/__init__.py,0,0,0,0,0,0,0.0,0.0,0.0,0.0,0.0,0.0
src/integrations/prefect-email/prefect_email/_version.py,0,0,0,0,0,0,0.0,0.0,0.0,0.0,0.0,0.0
src/integrations/prefect-email/prefect_email/credentials.py,6,12,9,17,18,26,58.52932501298082,108.41805003750011,4.25,460.77671265937545,25.598706258854193,0.036139350012500036
src/integrations/prefect-email/prefect_email/__init__.py,0,0,0,0,0,0,0.0,0.0,0.0,0.0,0.0,0.0
src/integrations/prefect-email/prefect_email/message.py,2,6,3,6,8,9,17.509775004326936,27.0,1.0,27.0,1.5,0.009
src/integrations/prefect-kubernetes/integration_tests/src/prefect_kubernetes_integration_tests/conftest.py,0,0,0,0,0,0,0.0,0.0,0.0,0.0,0.0,0.0
src/integrations/prefect-kubernetes/integration_tests/src/prefect_kubernetes_integration_tests/test_eviction.py,5,16,9,18,21,27,75.60964047443682,118.59257041502654,2.8125,333.54160429226215,18.530089127347896,0.03953085680500885
src/integrations/prefect-kubernetes/integration_tests/src/prefect_kubernetes_integration_tests/__init__.py,0,0,0,0,0,0,0.0,0.0,0.0,0.0,0.0,0.0
src/integrations/prefect-kubernetes/integration_tests/src/prefect_kubernetes_integration_tests/utils/prefect_core.py,4,7,4,7,11,11,27.651484454403228,38.053747805010275,2.0,76.10749561002055,4.228194200556697,0.012684582601670092
src/integrations/prefect-kubernetes/integration_tests/src/prefect_kubernetes_integration_tests/utils/display.py,3,4,3,5,7,8,12.75488750216347,22.458839376460833,1.875,42.11032383086406,2.3394624350480036,0.007486279792153611
src/integrations/prefect-kubernetes/integration_tests/src/prefect_kubernetes_integration_tests/utils/k8s.py,4,12,6,12,16,18,51.01955000865388,72.0,2.0,144.0,8.0,0.024
src/integrations/prefect-kubernetes/prefect_kubernetes/worker.py,13,134,89,170,147,259,994.9616678571757,1864.7151373126185,8.246268656716419,15376.941990525698,854.2745550292054,0.6215717124375395
src/integrations/prefect-kubernetes/prefect_kubernetes/services.py,0,0,0,0,0,0,0.0,0.0,0.0,0.0,0.0,0.0
src/integrations/prefect-kubernetes/prefect_kubernetes/custom_objects.py,0,0,0,0,0,0,0.0,0.0,0.0,0.0,0.0,0.0
src/integrations/prefect-kubernetes/prefect_kubernetes/_version.py,0,0,0,0,0,0,0.0,0.0,0.0,0.0,0.0,0.0
src/integrations/prefect-kubernetes/prefect_kubernetes/credentials.py,2,6,3,6,8,9,17.509775004326936,27.0,1.0,27.0,1.5,0.009
src/integrations/prefect-kubernetes/prefect_kubernetes/events.py,5,13,7,14,18,21,59.715356810271004,87.56842503028855,2.6923076923076925,235.76114431231534,13.097841350684185,0.029189475010096184
src/integrations/prefect-kubernetes/prefect_kubernetes/__init__.py,0,0,0,0,0,0,0.0,0.0,0.0,0.0,0.0,0.0
src/integrations/prefect-kubernetes/prefect_kubernetes/jobs.py,7,18,11,20,25,31,94.71013448036484,143.95954188301644,3.888888888888889,559.8426628783973,31.10237015991096,0.04798651396100548
src/integrations/prefect-kubernetes/prefect_kubernetes/settings.py,0,0,0,0,0,0,0.0,0.0,0.0,0.0,0.0,0.0
src/integrations/prefect-kubernetes/prefect_kubernetes/deployments.py,0,0,0,0,0,0,0.0,0.0,0.0,0.0,0.0,0.0
src/integrations/prefect-kubernetes/prefect_kubernetes/exceptions.py,0,0,0,0,0,0,0.0,0.0,0.0,0.0,0.0,0.0
src/integrations/prefect-kubernetes/prefect_kubernetes/flows.py,0,0,0,0,0,0,0.0,0.0,0.0,0.0,0.0,0.0
src/integrations/prefect-kubernetes/prefect_kubernetes/utilities.py,3,10,5,10,13,15,37.974168451037094,55.506595772116384,1.5,83.25989365817458,4.625549647676365,0.01850219859070546
src/integrations/prefect-kubernetes/prefect_kubernetes/pods.py,1,2,1,2,3,3,2.0,4.754887502163469,0.5,2.3774437510817346,0.1320802083934297,0.0015849625007211565
src/integrations/prefect-kubernetes/prefect_kubernetes/experimental/decorators.py,0,0,0,0,0,0,0.0,0.0,0.0,0.0,0.0,0.0
src/integrations/prefect-github/prefect_github/user.py,1,6,3,6,7,9,15.509775004326936,25.26619429851844,0.5,12.63309714925922,0.701838730514401,0.008422064766172813
src/integrations/prefect-github/prefect_github/graphql.py,2,3,2,3,5,5,6.754887502163469,11.60964047443681,1.0,11.60964047443681,0.6449800263576005,0.0038698801581456034
src/integrations/prefect-github/prefect_github/viewer.py,1,6,3,6,7,9,15.509775004326936,25.26619429851844,0.5,12.63309714925922,0.701838730514401,0.008422064766172813
src/integrations/prefect-github/prefect_github/_version.py,0,0,0,0,0,0,0.0,0.0,0.0,0.0,0.0,0.0
src/integrations/prefect-github/prefect_github/credentials.py,1,2,1,2,3,3,2.0,4.754887502163469,0.5,2.3774437510817346,0.1320802083934297,0.0015849625007211565
src/integrations/prefect-github/prefect_github/organization.py,1,6,3,6,7,9,15.509775004326936,25.26619429851844,0.5,12.63309714925922,0.701838730514401,0.008422064766172813
src/integrations/prefect-github/prefect_github/mutations.py,1,4,2,4,5,6,8.0,13.931568569324174,0.5,6.965784284662087,0.3869880158145604,0.004643856189774725
src/integrations/prefect-github/prefect_github/__init__.py,0,0,0,0,0,0,0.0,0.0,0.0,0.0,0.0,0.0
src/integrations/prefect-github/prefect_github/utils.py,2,4,2,4,6,6,10.0,15.509775004326936,1.0,15.509775004326936,0.861654166907052,0.005169925001442312
src/integrations/prefect-github/prefect_github/exceptions.py,0,0,0,0,0,0,0.0,0.0,0.0,0.0,0.0,0.0
src/integrations/prefect-github/prefect_github/repository.py,7,20,11,22,27,33,106.09004635215048,156.91128757139447,3.85,604.1084571498687,33.561580952770484,0.052303762523798154
src/integrations/prefect-github/prefect_github/repository_owner.py,1,6,3,6,7,9,15.509775004326936,25.26619429851844,0.5,12.63309714925922,0.701838730514401,0.008422064766172813
src/integrations/prefect-github/prefect_github/schemas/__init__.py,0,0,0,0,0,0,0.0,0.0,0.0,0.0,0.0,0.0
src/integrations/prefect-github/prefect_github/schemas/graphql_schema.py,1,3,2,4,4,6,4.754887502163469,12.0,0.6666666666666666,8.0,0.4444444444444444,0.004
src/integrations/prefect-snowflake/prefect_snowflake/_version.py,0,0,0,0,0,0,0.0,0.0,0.0,0.0,0.0,0.0
src/integrations/prefect-snowflake/prefect_snowflake/credentials.py,8,38,23,43,46,66,223.42124551085624,364.5550890997629,4.526315789473684,1650.0914559252424,91.67174755140235,0.12151836303325429
src/integrations/prefect-snowflake/prefect_snowflake/database.py,7,22,14,23,29,37,117.75898006442377,179.74529681972018,3.659090909090909,657.7043815448852,36.539132308049176,0.05991509893990673
src/integrations/prefect-snowflake/prefect_snowflake/__init__.py,0,0,0,0,0,0,0.0,0.0,0.0,0.0,0.0,0.0
src/integrations/prefect-dask/prefect_dask/_version.py,0,0,0,0,0,0,0.0,0.0,0.0,0.0,0.0,0.0
src/integrations/prefect-dask/prefect_dask/client.py,1,2,1,2,3,3,2.0,4.754887502163469,0.5,2.3774437510817346,0.1320802083934297,0.0015849625007211565
src/integrations/prefect-dask/prefect_dask/__init__.py,0,0,0,0,0,0,0.0,0.0,0.0,0.0,0.0,0.0
src/integrations/prefect-dask/prefect_dask/utils.py,1,2,1,2,3,3,2.0,4.754887502163469,0.5,2.3774437510817346,0.1320802083934297,0.0015849625007211565
src/integrations/prefect-dask/prefect_dask/task_runners.py,6,30,19,40,36,59,162.7164928725825,305.0255750850964,4.0,1220.1023003403857,67.78346113002142,0.10167519169503214
src/integrations/prefect-docker/prefect_docker/worker.py,13,77,45,85,90,130,530.6482799693416,843.9409025228578,7.175324675324675,6055.549982388037,336.41944346600206,0.2813136341742859
src/integrations/prefect-docker/prefect_docker/_version.py,0,0,0,0,0,0,0.0,0.0,0.0,0.0,0.0,0.0
src/integrations/prefect-docker/prefect_docker/credentials.py,0,0,0,0,0,0,0.0,0.0,0.0,0.0,0.0,0.0
src/integrations/prefect-docker/prefect_docker/host.py,2,3,2,4,5,6,6.754887502163469,13.931568569324174,1.3333333333333333,18.575424759098897,1.0319680421721609,0.004643856189774725
src/integrations/prefect-docker/prefect_docker/containers.py,1,10,5,10,11,15,33.219280948873624,51.89147427955947,0.5,25.945737139779734,1.4414298410988742,0.01729715809318649
src/integrations/prefect-docker/prefect_docker/__init__.py,0,0,0,0,0,0,0.0,0.0,0.0,0.0,0.0,0.0
src/integrations/prefect-docker/prefect_docker/types.py,5,16,11,19,21,30,75.60964047443682,131.76952268336282,2.96875,391.1907704662334,21.73282058145741,0.04392317422778761
src/integrations/prefect-docker/prefect_docker/images.py,3,7,4,8,10,12,24.406371956566698,39.863137138648355,1.7142857142857142,68.33680652339717,3.796489251299843,0.013287712379549451
src/integrations/prefect-docker/prefect_docker/deployments/steps.py,7,28,18,34,35,52,154.25742227201613,266.72271688113824,4.25,1133.5715467448376,62.97619704137987,0.08890757229371275
src/integrations/prefect-docker/prefect_docker/deployments/__init__.py,0,0,0,0,0,0,0.0,0.0,0.0,0.0,0.0,0.0
src/integrations/prefect-gitlab/prefect_gitlab/_version.py,0,0,0,0,0,0,0.0,0.0,0.0,0.0,0.0,0.0
src/integrations/prefect-gitlab/prefect_gitlab/credentials.py,0,0,0,0,0,0,0.0,0.0,0.0,0.0,0.0,0.0
src/integrations/prefect-gitlab/prefect_gitlab/__init__.py,0,0,0,0,0,0,0.0,0.0,0.0,0.0,0.0,0.0
src/integrations/prefect-gitlab/prefect_gitlab/repositories.py,6,15,8,16,21,24,74.11313393845472,105.41561814669026,3.2,337.32997806940887,18.74055433718938,0.03513853938223009
src/integrations/prefect-aws/prefect_aws/secrets_manager.py,6,32,27,47,38,74,175.50977500432694,388.3466359948253,4.40625,1711.152364852199,95.06402026956661,0.12944887866494176
src/integrations/prefect-aws/prefect_aws/_version.py,0,0,0,0,0,0,0.0,0.0,0.0,0.0,0.0,0.0
src/integrations/prefect-aws/prefect_aws/credentials.py,1,2,1,2,3,3,2.0,4.754887502163469,0.5,2.3774437510817346,0.1320802083934297,0.0015849625007211565
src/integrations/prefect-aws/prefect_aws/batch.py,0,0,0,0,0,0,0.0,0.0,0.0,0.0,0.0,0.0
src/integrations/prefect-aws/prefect_aws/__init__.py,0,0,0,0,0,0,0.0,0.0,0.0,0.0,0.0,0.0
src/integrations/prefect-aws/prefect_aws/client_parameters.py,5,18,13,23,23,36,86.66829050039843,162.84823041805248,3.1944444444444446,520.2096249465566,28.900534719253145,0.05428274347268416
src/integrations/prefect-aws/prefect_aws/utilities.py,8,14,10,17,22,27,77.30296890880645,120.40465370320703,4.857142857142857,584.8226037012912,32.490144650071734,0.04013488456773568
src/integrations/prefect-aws/prefect_aws/client_waiter.py,2,8,4,8,10,12,26.0,39.863137138648355,1.0,39.863137138648355,2.2146187299249087,0.013287712379549451
src/integrations/prefect-aws/prefect_aws/s3.py,11,100,61,115,111,176,702.4393667824828,1195.8171924776186,6.325,7563.543742420938,420.196874578941,0.39860573082587286
src/integrations/prefect-aws/prefect_aws/glue_job.py,2,3,2,4,5,6,6.754887502163469,13.931568569324174,1.3333333333333333,18.575424759098897,1.0319680421721609,0.004643856189774725
src/integrations/prefect-aws/prefect_aws/lambda_function.py,1,6,4,8,7,12,15.509775004326936,33.68825906469125,0.6666666666666666,22.458839376460833,1.2477132986922685,0.011229419688230418
src/integrations/prefect-aws/prefect_aws/experimental/__init__.py,0,0,0,0,0,0,0.0,0.0,0.0,0.0,0.0,0.0
src/integrations/prefect-aws/prefect_aws/experimental/bundles/upload.py,3,5,3,5,8,8,16.36452797660028,24.0,1.5,36.0,2.0,0.008
src/integrations/prefect-aws/prefect_aws/experimental/bundles/execute.py,3,6,3,6,9,9,20.264662506490406,28.529325012980813,1.5,42.793987519471216,2.377443751081734,0.009509775004326938
src/integrations/prefect-aws/prefect_aws/experimental/bundles/__init__.py,0,0,0,0,0,0,0.0,0.0,0.0,0.0,0.0,0.0
src/integrations/prefect-aws/prefect_aws/workers/__init__.py,0,0,0,0,0,0,0.0,0.0,0.0,0.0,0.0,0.0
src/integrations/prefect-aws/prefect_aws/workers/ecs_worker.py,13,221,142,258,234,400,1769.2321819613405,3148.145887833362,7.588235294117647,23888.87173708845,1327.1595409493584,1.0493819626111207
src/integrations/prefect-aws/prefect_aws/deployments/steps.py,7,15,9,16,22,25,78.25484338853101,111.48579046593244,3.7333333333333334,416.2136177394811,23.122978763304506,0.037161930155310816
src/integrations/prefect-aws/prefect_aws/deployments/__init__.py,0,0,0,0,0,0,0.0,0.0,0.0,0.0,0.0,0.0
src/integrations/prefect-sqlalchemy/prefect_sqlalchemy/_version.py,0,0,0,0,0,0,0.0,0.0,0.0,0.0,0.0,0.0
src/integrations/prefect-sqlalchemy/prefect_sqlalchemy/credentials.py,1,2,1,2,3,3,2.0,4.754887502163469,0.5,2.3774437510817346,0.1320802083934297,0.0015849625007211565
src/integrations/prefect-sqlalchemy/prefect_sqlalchemy/database.py,6,29,19,35,35,54,156.39122386302654,276.9812829150282,3.6206896551724137,1002.8632657268262,55.71462587371256,0.0923270943050094
src/integrations/prefect-sqlalchemy/prefect_sqlalchemy/__init__.py,0,0,0,0,0,0,0.0,0.0,0.0,0.0,0.0,0.0
src/integrations/prefect-shell/prefect_shell/_version.py,0,0,0,0,0,0,0.0,0.0,0.0,0.0,0.0,0.0
src/integrations/prefect-shell/prefect_shell/__init__.py,0,0,0,0,0,0,0.0,0.0,0.0,0.0,0.0,0.0
src/integrations/prefect-shell/prefect_shell/commands.py,7,33,22,41,40,63,186.1164903932322,335.28146997790384,4.348484848484849,1457.9663921766426,80.99813289870237,0.11176048999263462
src/integrations/prefect-bitbucket/prefect_bitbucket/_version.py,0,0,0,0,0,0,0.0,0.0,0.0,0.0,0.0,0.0
src/integrations/prefect-bitbucket/prefect_bitbucket/credentials.py,3,6,4,6,9,10,20.264662506490406,31.699250014423125,1.5,47.548875021634686,2.6416041678685938,0.010566416671474375
src/integrations/prefect-bitbucket/prefect_bitbucket/__init__.py,0,0,0,0,0,0,0.0,0.0,0.0,0.0,0.0,0.0
src/integrations/prefect-bitbucket/prefect_bitbucket/repository.py,6,20,11,22,26,33,101.94833690207419,155.11451069865606,3.3,511.877885305565,28.43766029475361,0.05170483689955202
src/integrations/prefect-ray/prefect_ray/_version.py,0,0,0,0,0,0,0.0,0.0,0.0,0.0,0.0,0.0
src/integrations/prefect-ray/prefect_ray/__init__.py,0,0,0,0,0,0,0.0,0.0,0.0,0.0,0.0,0.0
src/integrations/prefect-ray/prefect_ray/context.py,0,0,0,0,0,0,0.0,0.0,0.0,0.0,0.0,0.0
src/integrations/prefect-ray/prefect_ray/task_runners.py,4,12,9,15,16,24,51.01955000865388,96.0,2.5,240.0,13.333333333333334,0.032
src/integrations/prefect-databricks/prefect_databricks/_version.py,0,0,0,0,0,0,0.0,0.0,0.0,0.0,0.0,0.0
src/integrations/prefect-databricks/prefect_databricks/credentials.py,1,2,1,2,3,3,2.0,4.754887502163469,0.5,2.3774437510817346,0.1320802083934297,0.0015849625007211565
src/integrations/prefect-databricks/prefect_databricks/rest.py,3,11,6,12,14,18,42.808635307173745,68.53238859703687,1.6363636363636365,112.14390861333307,6.23021714518517,0.022844129532345624
src/integrations/prefect-databricks/prefect_databricks/__init__.py,0,0,0,0,0,0,0.0,0.0,0.0,0.0,0.0,0.0
src/integrations/prefect-databricks/prefect_databricks/jobs.py,0,0,0,0,0,0,0.0,0.0,0.0,0.0,0.0,0.0
src/integrations/prefect-databricks/prefect_databricks/flows.py,6,24,17,35,30,52,125.5488750216347,255.15831097164298,4.375,1116.317610500938,62.017645027829886,0.08505277032388099
src/integrations/prefect-databricks/prefect_databricks/models/__init__.py,0,0,0,0,0,0,0.0,0.0,0.0,0.0,0.0,0.0
src/integrations/prefect-databricks/prefect_databricks/models/jobs.py,0,0,0,0,0,0,0.0,0.0,0.0,0.0,0.0,0.0
src/integrations/prefect-redis/prefect_redis/tasks.py,0,0,0,0,0,0,0.0,0.0,0.0,0.0,0.0,0.0
src/integrations/prefect-redis/prefect_redis/_version.py,0,0,0,0,0,0,0.0,0.0,0.0,0.0,0.0,0.0
src/integrations/prefect-redis/prefect_redis/client.py,5,15,12,23,20,35,70.2129994085646,151.26748332105768,3.8333333333333335,579.8586860640545,32.21437144800303,0.05042249444035256
src/integrations/prefect-redis/prefect_redis/__init__.py,0,0,0,0,0,0,0.0,0.0,0.0,0.0,0.0,0.0
src/integrations/prefect-redis/prefect_redis/locking.py,6,18,10,19,24,29,90.56842503028855,132.96391252091354,3.1666666666666665,421.05238964955953,23.39179942497553,0.044321304173637846
src/integrations/prefect-redis/prefect_redis/ordering.py,11,28,18,31,39,49,172.65968562262316,258.9847087242502,6.089285714285714,1577.0318870530236,87.61288261405687,0.08632823624141674
src/integrations/prefect-redis/prefect_redis/blocks.py,4,9,6,10,13,16,36.52932501298081,59.207035490257475,2.2222222222222223,131.57118997834996,7.309510554352776,0.019735678496752493
src/integrations/prefect-redis/prefect_redis/messaging.py,13,54,34,61,67,95,358.86964145266154,576.2784730934884,7.342592592592593,4231.378047806817,235.07655821148987,0.19209282436449612
src/integrations/prefect-azure/prefect_azure/_version.py,0,0,0,0,0,0,0.0,0.0,0.0,0.0,0.0,0.0
src/integrations/prefect-azure/prefect_azure/credentials.py,6,27,17,31,33,48,143.89173756274062,242.13091772920575,3.4444444444444446,834.0064944005976,46.333694133366535,0.08071030590973526
src/integrations/prefect-azure/prefect_azure/blob_storage.py,6,24,17,32,30,49,125.5488750216347,240.4376391848174,4.0,961.7505567392697,53.43058648551498,0.08014587972827247
src/integrations/prefect-azure/prefect_azure/__init__.py,0,0,0,0,0,0,0.0,0.0,0.0,0.0,0.0,0.0
src/integrations/prefect-azure/prefect_azure/cosmos_db.py,0,0,0,0,0,0,0.0,0.0,0.0,0.0,0.0,0.0
src/integrations/prefect-azure/prefect_azure/container_instance.py,0,0,0,0,0,0,0.0,0.0,0.0,0.0,0.0,0.0
src/integrations/prefect-azure/prefect_azure/ml_datastore.py,2,8,4,8,10,12,26.0,39.863137138648355,1.0,39.863137138648355,2.2146187299249087,0.013287712379549451
src/integrations/prefect-azure/prefect_azure/workers/__init__.py,0,0,0,0,0,0,0.0,0.0,0.0,0.0,0.0,0.0
src/integrations/prefect-azure/prefect_azure/workers/container_instance.py,9,40,26,46,49,72,241.40644880847532,404.259108776295,5.175,2092.0408879173265,116.2244937731848,0.134753036258765
src/integrations/prefect-azure/prefect_azure/deployments/steps.py,5,17,11,21,22,32,81.0965087756926,142.7018117963935,3.088235294117647,440.69677172415646,24.483153984675358,0.04756727059879784
src/integrations/prefect-azure/prefect_azure/deployments/__init__.py,0,0,0,0,0,0,0.0,0.0,0.0,0.0,0.0,0.0
src/prefect/plugins.py,2,4,2,4,6,6,10.0,15.509775004326936,1.0,15.509775004326936,0.861654166907052,0.005169925001442312
src/prefect/task_runs.py,5,16,10,19,21,29,75.60964047443682,127.37720526058406,2.96875,378.15107811735896,21.008393228742165,0.04245906842019469
src/prefect/filesystems.py,9,49,38,66,58,104,303.650107374626,609.2300234932675,6.061224489795919,3692.6799383163357,205.14888546201865,0.20307667449775582
src/prefect/tasks.py,14,137,107,201,151,308,1025.7333642743986,2229.4286597121245,10.27007299270073,22896.395067262474,1272.0219481812485,0.7431428865707081
src/prefect/results.py,8,124,75,148,132,223,886.3203424879727,1570.8998886169352,4.774193548387097,7499.7801133969815,416.65445074427674,0.523633296205645
src/prefect/flow_runs.py,9,33,21,38,42,59,194.9943309518098,318.14672794394687,5.181818181818182,1648.5784993459065,91.58769440810592,0.10604890931464896
src/prefect/variables.py,2,6,4,6,8,10,17.509775004326936,30.0,1.0,30.0,1.6666666666666667,0.01
src/prefect/cache_policies.py,9,40,39,72,49,111,241.40644880847532,623.2327926967881,8.1,5048.185620843984,280.4547567135547,0.20774426423226272
src/prefect/transactions.py,9,71,43,90,80,133,465.1613704978132,840.8164366200191,5.704225352112676,4796.206434240954,266.45591301338635,0.28027214554000635
src/prefect/serializers.py,2,5,3,6,7,9,13.60964047443681,25.26619429851844,1.2,30.319433158222125,1.6844129532345624,0.008422064766172813
src/prefect/__init__.py,5,14,8,16,19,24,64.91260938324326,101.95026032264605,2.857142857142857,291.28645806470297,16.18258100359461,0.03398342010754868
src/prefect/task_worker.py,9,32,20,34,41,54,188.52932501298082,289.30780824937654,4.78125,1383.2529581923316,76.84738656624064,0.0964359360831255
src/prefect/futures.py,9,34,27,45,43,72,201.50306161549238,390.69106233855103,5.955882352941177,2326.9100036340174,129.27277797966764,0.13023035411285033
src/prefect/_build_info.py,0,0,0,0,0,0,0.0,0.0,0.0,0.0,0.0,0.0
src/prefect/engine.py,2,4,2,4,6,6,10.0,15.509775004326936,1.0,15.509775004326936,0.861654166907052,0.005169925001442312
src/prefect/_result_records.py,7,27,17,36,34,53,148.0334470128169,269.63553058626803,4.666666666666667,1258.2991427359175,69.9055079297732,0.08987851019542267
src/prefect/context.py,10,37,24,43,47,67,225.9690554771448,372.1574530624017,5.8108108108108105,2162.5365515788208,120.14091953215672,0.12405248435413391
src/prefect/automations.py,6,48,30,56,54,86,283.58797503894243,494.92032518605834,3.5,1732.2211381512043,96.23450767506691,0.1649734417286861
src/prefect/agent.py,0,0,0,0,0,0,0.0,0.0,0.0,0.0,0.0,0.0
src/prefect/exceptions.py,5,10,5,10,15,15,44.82892142331043,58.60335893412778,2.5,146.50839733531944,8.139355407517748,0.019534452978042596
src/prefect/flows.py,13,210,139,252,223,391,1668.09727504572,3050.1518608688393,7.8,23791.184514776945,1321.7324730431637,1.0167172869562797
src/prefect/artifacts.py,6,17,12,22,23,34,84.99664330558272,153.80110650593844,3.8823529411764706,597.1101781995256,33.17278767775142,0.05126703550197948
src/prefect/_waiters.py,6,21,13,25,27,38,107.74844088268091,180.68572508221183,3.5714285714285716,645.3061610078994,35.85034227821663,0.06022857502740395
src/prefect/main.py,0,0,0,0,0,0,0.0,0.0,0.0,0.0,0.0,0.0
src/prefect/states.py,9,88,52,100,97,152,596.959307453063,1003.1867520124434,5.113636363636363,5129.932254609085,284.9962363671714,0.3343955840041478
src/prefect/flow_engine.py,10,129,104,186,139,290,937.6675968984733,2064.4929110898174,7.209302325581396,14883.553545066126,826.864085837007,0.6881643036966059
src/prefect/__main__.py,1,2,1,2,3,3,2.0,4.754887502163469,0.5,2.3774437510817346,0.1320802083934297,0.0015849625007211565
src/prefect/task_engine.py,15,158,131,238,173,369,1212.6007171461101,2743.3778159979515,11.29746835443038,30993.22406048319,1721.8457811379549,0.9144592719993172
src/prefect/task_runners.py,6,19,13,21,25,34,96.22039775975506,157.89111045234063,3.3157894736842106,523.5336820261821,29.085204557010115,0.05263037015078021
src/prefect/schedules.py,4,16,13,26,20,39,72.0,168.55519570060713,3.25,547.8043860269731,30.433577001498506,0.05618506523353571
src/prefect/blocks/abstract.py,2,4,2,4,6,6,10.0,15.509775004326936,1.0,15.509775004326936,0.861654166907052,0.005169925001442312
src/prefect/blocks/system.py,0,0,0,0,0,0,0.0,0.0,0.0,0.0,0.0,0.0
src/prefect/blocks/fields.py,0,0,0,0,0,0,0.0,0.0,0.0,0.0,0.0,0.0
src/prefect/blocks/webhook.py,1,1,1,1,2,2,0.0,2.0,0.5,1.0,0.05555555555555555,0.0006666666666666666
src/prefect/blocks/__init__.py,0,0,0,0,0,0,0.0,0.0,0.0,0.0,0.0,0.0
src/prefect/blocks/core.py,12,163,107,202,175,309,1240.8622391483195,2302.42423355619,7.435582822085889,17119.866080184675,951.1036711213708,0.76747474451873
src/prefect/blocks/redis.py,2,4,3,4,6,7,10.0,18.094737505048094,1.0,18.094737505048094,1.0052631947248942,0.006031579168349364
src/prefect/blocks/notifications.py,8,24,15,27,32,42,134.03910001730776,210.0,4.5,945.0,52.5,0.07
src/prefect/_internal/retries.py,6,10,6,12,16,18,48.72905595320056,72.0,3.6,259.2,14.399999999999999,0.024
src/prefect/_internal/_logging.py,2,4,2,4,6,6,10.0,15.509775004326936,1.0,15.509775004326936,0.861654166907052,0.005169925001442312
src/prefect/_internal/__init__.py,0,0,0,0,0,0,0.0,0.0,0.0,0.0,0.0,0.0
src/prefect/_internal/pytz.py,0,0,0,0,0,0,0.0,0.0,0.0,0.0,0.0,0.0
src/prefect/_internal/integrations.py,0,0,0,0,0,0,0.0,0.0,0.0,0.0,0.0,0.0
src/prefect/_internal/compatibility/async_dispatch.py,3,9,6,9,12,15,33.28421251514428,53.77443751081735,1.5,80.66165626622603,4.481203125901446,0.017924812503605784
src/prefect/_internal/compatibility/deprecated.py,6,24,15,26,30,41,125.5488750216347,201.18251441994926,3.25,653.8431718648351,36.3246206591575,0.06706083813998309
src/prefect/_internal/compatibility/__init__.py,0,0,0,0,0,0,0.0,0.0,0.0,0.0,0.0,0.0
src/prefect/_internal/compatibility/migration.py,5,13,9,18,18,27,59.715356810271004,112.58797503894243,3.4615384615384617,389.7276059040315,21.651533661335083,0.03752932501298081
src/prefect/_internal/schemas/fields.py,0,0,0,0,0,0,0.0,0.0,0.0,0.0,0.0,0.0
src/prefect/_internal/schemas/validators.py,12,107,66,120,119,186,764.3565175535766,1282.4361039752775,6.728971962616822,8629.476587497194,479.41536597206635,0.4274787013250925
src/prefect/_internal/schemas/serializers.py,1,2,1,2,3,3,2.0,4.754887502163469,0.5,2.3774437510817346,0.1320802083934297,0.0015849625007211565
src/prefect/_internal/schemas/__init__.py,0,0,0,0,0,0,0.0,0.0,0.0,0.0,0.0,0.0
src/prefect/_internal/schemas/bases.py,2,13,8,17,15,25,50.105716335834195,97.67226489021297,1.3076923076923077,127.72526947181697,7.095848303989832,0.03255742163007099
src/prefect/_internal/concurrency/services.py,12,35,24,40,47,64,222.5444556017277,355.4936865073688,6.857142857142857,2437.670993193386,135.42616628852144,0.11849789550245626
src/prefect/_internal/concurrency/primitives.py,1,2,2,2,3,4,2.0,6.339850002884625,0.5,3.1699250014423126,0.17610694452457293,0.002113283334294875
src/prefect/_internal/concurrency/cancellation.py,11,68,44,78,79,122,452.0012210100334,769.0612512776066,6.3088235294117645,4851.871717619018,269.5484287566121,0.2563537504258689
src/prefect/_internal/concurrency/__init__.py,0,0,0,0,0,0,0.0,0.0,0.0,0.0,0.0,0.0
src/prefect/_internal/concurrency/inspection.py,5,13,8,15,18,23,59.715356810271004,95.90827503317318,2.8846153846153846,276.658485672615,15.369915870700831,0.03196942501105773
src/prefect/_internal/concurrency/event_loop.py,2,5,3,5,7,8,13.60964047443681,22.458839376460833,1.0,22.458839376460833,1.2477132986922685,0.007486279792153611
src/prefect/_internal/concurrency/api.py,1,9,6,12,10,18,28.529325012980813,59.794705707972525,0.6666666666666666,39.86313713864835,2.2146187299249083,0.019931568569324175
src/prefect/_internal/concurrency/threads.py,8,45,31,55,53,86,271.13338933483533,492.6011590924352,4.888888888888889,2408.2723333407944,133.7929074078219,0.16420038636414505
src/prefect/_internal/concurrency/waiters.py,4,17,13,22,21,35,77.48686830125578,153.73110979725664,2.588235294117647,397.89228418113487,22.105126898951937,0.05124370326575221
src/prefect/_internal/concurrency/calls.py,8,32,22,40,40,62,184.0,329.95954188301647,5.0,1649.7977094150824,91.65542830083791,0.10998651396100549
src/prefect/_internal/pydantic/v1_schema.py,1,2,1,2,3,3,2.0,4.754887502163469,0.5,2.3774437510817346,0.1320802083934297,0.0015849625007211565
src/prefect/_internal/pydantic/v2_validated_func.py,6,26,14,27,32,41,137.72120767599534,205.0,3.1153846153846154,638.6538461538462,35.48076923076923,0.06833333333333333
src/prefect/_internal/pydantic/__init__.py,0,0,0,0,0,0,0.0,0.0,0.0,0.0,0.0,0.0
src/prefect/_internal/pydantic/v2_schema.py,6,15,9,18,21,27,74.11313393845472,118.59257041502654,3.6,426.93325349409554,23.718514083005307,0.03953085680500885
src/prefect/_internal/pydantic/schemas.py,0,0,0,0,0,0,0.0,0.0,0.0,0.0,0.0,0.0
src/prefect/_internal/pydantic/annotations/__init__.py,0,0,0,0,0,0,0.0,0.0,0.0,0.0,0.0,0.0
src/prefect/_internal/pydantic/annotations/pendulum.py,0,0,0,0,0,0,0.0,0.0,0.0,0.0,0.0,0.0
src/prefect/settings/legacy.py,7,30,18,34,37,52,166.8582023226588,270.8915750127054,3.966666666666667,1074.5365808837314,59.696476715762856,0.0902971916709018
src/prefect/settings/constants.py,1,2,1,2,3,3,2.0,4.754887502163469,0.5,2.3774437510817346,0.1320802083934297,0.0015849625007211565
src/prefect/settings/__init__.py,1,2,1,2,3,3,2.0,4.754887502163469,0.5,2.3774437510817346,0.1320802083934297,0.0015849625007211565
src/prefect/settings/sources.py,9,40,29,57,49,86,241.40644880847532,482.8650465939079,6.4125,3096.372111283434,172.0206728490797,0.16095501553130262
src/prefect/settings/context.py,2,3,2,3,5,5,6.754887502163469,11.60964047443681,1.0,11.60964047443681,0.6449800263576005,0.0038698801581456034
src/prefect/settings/profiles.py,9,34,22,38,43,60,201.50306161549238,325.57588528212585,5.029411764705882,1637.4551877424565,90.96973265235869,0.10852529509404195
src/prefect/settings/base.py,6,27,16,34,33,50,143.89173756274062,252.21970596792266,3.7777777777777777,952.8300003232633,52.93500001795908,0.08407323532264088
src/prefect/settings/models/worker.py,0,0,0,0,0,0,0.0,0.0,0.0,0.0,0.0,0.0
src/prefect/settings/models/logging.py,1,2,1,2,3,3,2.0,4.754887502163469,0.5,2.3774437510817346,0.1320802083934297,0.0015849625007211565
src/prefect/settings/models/internal.py,0,0,0,0,0,0,0.0,0.0,0.0,0.0,0.0,0.0
src/prefect/settings/models/runner.py,0,0,0,0,0,0,0.0,0.0,0.0,0.0,0.0,0.0
src/prefect/settings/models/tasks.py,0,0,0,0,0,0,0.0,0.0,0.0,0.0,0.0,0.0
src/prefect/settings/models/results.py,0,0,0,0,0,0,0.0,0.0,0.0,0.0,0.0,0.0
src/prefect/settings/models/cloud.py,3,5,3,5,8,8,16.36452797660028,24.0,1.5,36.0,2.0,0.008
src/prefect/settings/models/client.py,0,0,0,0,0,0,0.0,0.0,0.0,0.0,0.0,0.0
src/prefect/settings/models/__init__.py,0,0,0,0,0,0,0.0,0.0,0.0,0.0,0.0,0.0
src/prefect/settings/models/api.py,0,0,0,0,0,0,0.0,0.0,0.0,0.0,0.0,0.0
src/prefect/settings/models/experiments.py,0,0,0,0,0,0,0.0,0.0,0.0,0.0,0.0,0.0
src/prefect/settings/models/cli.py,0,0,0,0,0,0,0.0,0.0,0.0,0.0,0.0,0.0
src/prefect/settings/models/deployments.py,0,0,0,0,0,0,0.0,0.0,0.0,0.0,0.0,0.0
src/prefect/settings/models/flows.py,0,0,0,0,0,0,0.0,0.0,0.0,0.0,0.0,0.0
src/prefect/settings/models/root.py,9,58,39,73,67,112,368.29222273037993,679.4019893312704,5.663793103448276,3847.9923016434886,213.77735009130492,0.22646732977709014
src/prefect/settings/models/testing.py,0,0,0,0,0,0,0.0,0.0,0.0,0.0,0.0,0.0
src/prefect/settings/models/server/services.py,0,0,0,0,0,0,0.0,0.0,0.0,0.0,0.0,0.0
src/prefect/settings/models/server/tasks.py,0,0,0,0,0,0,0.0,0.0,0.0,0.0,0.0,0.0
src/prefect/settings/models/server/ephemeral.py,0,0,0,0,0,0,0.0,0.0,0.0,0.0,0.0,0.0
src/prefect/settings/models/server/ui.py,0,0,0,0,0,0,0.0,0.0,0.0,0.0,0.0,0.0
src/prefect/settings/models/server/events.py,0,0,0,0,0,0,0.0,0.0,0.0,0.0,0.0,0.0
src/prefect/settings/models/server/database.py,4,20,12,28,24,40,94.43856189774725,183.39850002884629,2.8,513.5158000807696,28.528655560042758,0.061132833342948764
src/prefect/settings/models/server/__init__.py,0,0,0,0,0,0,0.0,0.0,0.0,0.0,0.0,0.0
src/prefect/settings/models/server/api.py,0,0,0,0,0,0,0.0,0.0,0.0,0.0,0.0,0.0
src/prefect/settings/models/server/flow_run_graph.py,0,0,0,0,0,0,0.0,0.0,0.0,0.0,0.0,0.0
src/prefect/settings/models/server/deployments.py,0,0,0,0,0,0,0.0,0.0,0.0,0.0,0.0,0.0
src/prefect/settings/models/server/root.py,0,0,0,0,0,0,0.0,0.0,0.0,0.0,0.0,0.0
src/prefect/docker/docker_image.py,5,8,5,10,13,15,35.60964047443681,55.506595772116384,3.125,173.4581117878637,9.636561765992427,0.01850219859070546
src/prefect/docker/__init__.py,1,2,1,2,3,3,2.0,4.754887502163469,0.5,2.3774437510817346,0.1320802083934297,0.0015849625007211565
src/prefect/types/__init__.py,8,23,13,24,31,37,128.0419249893113,183.3052634843144,4.173913043478261,765.1002301953991,42.505568344188845,0.06110175449477147
src/prefect/types/entrypoint.py,0,0,0,0,0,0,0.0,0.0,0.0,0.0,0.0,0.0
src/prefect/types/_datetime.py,0,0,0,0,0,0,0.0,0.0,0.0,0.0,0.0,0.0
src/prefect/_vendor/croniter/__init__.py,0,0,0,0,0,0,0.0,0.0,0.0,0.0,0.0,0.0
src/prefect/_vendor/croniter/croniter.py,22,482,338,649,504,987,4394.120155672861,8860.575284494418,14.811203319502075,131235.78206640176,7290.876781466764,2.953525094831473
src/prefect/_experimental/bundles.py,4,12,6,12,16,18,51.01955000865388,72.0,2.0,144.0,8.0,0.024
src/prefect/_experimental/__init__.py,0,0,0,0,0,0,0.0,0.0,0.0,0.0,0.0,0.0
src/prefect/_experimental/lineage.py,8,31,23,41,39,64,177.58008562199316,338.2657420071839,5.290322580645161,1789.5348931992955,99.41860517773864,0.11275524733572798
src/prefect/_experimental/sla/client.py,0,0,0,0,0,0,0.0,0.0,0.0,0.0,0.0,0.0
src/prefect/_experimental/sla/__init__.py,0,0,0,0,0,0,0.0,0.0,0.0,0.0,0.0,0.0
src/prefect/_experimental/sla/objects.py,0,0,0,0,0,0,0.0,0.0,0.0,0.0,0.0,0.0
src/prefect/input/run_input.py,6,17,13,23,23,36,84.99664330558272,162.84823041805248,4.0588235294117645,660.97222934386,36.72067940799222,0.05428274347268416
src/prefect/input/actions.py,5,15,9,18,20,27,70.2129994085646,116.69205856195879,3.0,350.07617568587636,19.44867642699313,0.03889735285398626
src/prefect/input/__init__.py,0,0,0,0,0,0,0.0,0.0,0.0,0.0,0.0,0.0
src/prefect/runner/submit.py,6,18,10,18,24,28,90.56842503028855,128.3789500201924,3.0,385.1368500605772,21.396491670032066,0.042792983340064136
src/prefect/runner/runner.py,17,178,119,211,195,330,1400.1674190132746,2510.4190035373717,10.075842696629213,25294.586982271212,1405.2548323484007,0.8368063345124572
src/prefect/runner/server.py,10,33,20,38,43,58,199.6842868877026,314.7233557727217,5.757575757575758,1812.0435635399128,100.66908686332849,0.1049077852575739
src/prefect/runner/__init__.py,0,0,0,0,0,0,0.0,0.0,0.0,0.0,0.0,0.0
src/prefect/runner/utils.py,1,3,2,4,4,6,4.754887502163469,12.0,0.6666666666666666,8.0,0.4444444444444444,0.004
src/prefect/runner/storage.py,13,108,77,144,121,221,777.633566569489,1529.0687754376856,8.666666666666666,13251.929387126607,736.2182992848116,0.5096895918125619
src/prefect/locking/memory.py,6,43,25,51,49,76,248.83915945651714,426.7179481527558,3.558139534883721,1518.3220015667823,84.35122230926568,0.1422393160509186
src/prefect/locking/protocol.py,0,0,0,0,0,0,0.0,0.0,0.0,0.0,0.0,0.0
src/prefect/locking/filesystem.py,8,48,33,57,56,90,292.0782000346155,522.6619429851844,4.75,2482.6442291796257,137.92467939886808,0.17422064766172812
src/prefect/locking/__init__.py,0,0,0,0,0,0,0.0,0.0,0.0,0.0,0.0,0.0
src/prefect/runtime/flow_run.py,6,66,45,90,72,135,414.43978688198484,832.9398751947122,4.090909090909091,3407.4813076147316,189.3045170897073,0.27764662506490406
src/prefect/runtime/deployment.py,5,25,14,28,30,42,127.70604521880493,206.0894050155578,2.8,577.0503340435617,32.05835189130899,0.06869646833851926
src/prefect/runtime/task_run.py,5,34,19,38,39,57,184.58337707694838,301.26792647514816,2.7941176470588234,841.7780298570316,46.76544610316842,0.10042264215838272
src/prefect/runtime/__init__.py,0,0,0,0,0,0,0.0,0.0,0.0,0.0,0.0,0.0
src/prefect/server/task_queue.py,2,6,3,6,8,9,17.509775004326936,27.0,1.0,27.0,1.5,0.009
src/prefect/server/__init__.py,0,0,0,0,0,0,0.0,0.0,0.0,0.0,0.0,0.0
src/prefect/server/exceptions.py,0,0,0,0,0,0,0.0,0.0,0.0,0.0,0.0,0.0
src/prefect/server/database/configurations.py,8,44,29,57,52,86,264.21499122004104,490.23781576013397,5.181818181818182,2540.323227120694,141.12906817337188,0.163412605253378
src/prefect/server/database/alembic_commands.py,2,3,2,3,5,5,6.754887502163469,11.60964047443681,1.0,11.60964047443681,0.6449800263576005,0.0038698801581456034
src/prefect/server/database/interface.py,0,0,0,0,0,0,0.0,0.0,0.0,0.0,0.0,0.0
src/prefect/server/database/query_components.py,13,88,86,171,101,257,616.5356987759164,1711.1603510672114,12.630681818181818,21613.121934218245,1200.728996345458,0.5703867836890705
src/prefect/server/database/__init__.py,0,0,0,0,0,0,0.0,0.0,0.0,0.0,0.0,0.0
src/prefect/server/database/orm_models.py,11,41,31,63,52,94,257.7133799943517,535.8413335052627,8.451219512195122,4528.51273316033,251.58404073112945,0.17861377783508756
src/prefect/server/database/dependencies.py,6,20,17,33,26,50,101.94833690207419,235.02198590705464,4.95,1163.3588302399205,64.63104612444003,0.07834066196901822
src/prefect/server/database/_migrations/env.py,8,29,20,41,37,61,164.8814488586996,317.77665530336594,5.655172413793103,1797.081774819035,99.83787637883528,0.10592555176778864
src/prefect/server/database/_migrations/versions/postgresql/2023_01_26_045501_2882cd2df465_migrate_artifact_data.py,2,6,3,6,8,9,17.509775004326936,27.0,1.0,27.0,1.5,0.009
src/prefect/server/database/_migrations/versions/postgresql/2024_04_09_132036_954db7517015_trigger_in_index.py,0,0,0,0,0,0,0.0,0.0,0.0,0.0,0.0,0.0
src/prefect/server/database/_migrations/versions/postgresql/2024_04_23_094748_7ae9e431e67a_work_status_fields.py,0,0,0,0,0,0,0.0,0.0,0.0,0.0,0.0,0.0
src/prefect/server/database/_migrations/versions/postgresql/2022_02_13_125213_679e695af6ba_add_configurations.py,0,0,0,0,0,0,0.0,0.0,0.0,0.0,0.0,0.0
src/prefect/server/database/_migrations/versions/postgresql/2022_10_20_101423_3ced59d8806b_add_last_polled.py,0,0,0,0,0,0,0.0,0.0,0.0,0.0,0.0,0.0
src/prefect/server/database/_migrations/versions/postgresql/2022_04_23_132803_d38c5e6a9115_rename_block_to_blockbasis_and_.py,0,0,0,0,0,0,0.0,0.0,0.0,0.0,0.0,0.0
src/prefect/server/database/_migrations/versions/postgresql/2022_07_07_112809_e905fd199258_removes_debugprintnotification_block_.py,0,0,0,0,0,0,0.0,0.0,0.0,0.0,0.0,0.0
src/prefect/server/database/_migrations/versions/postgresql/2022_08_18_102804_2d5e000696f1_adds_block_schema_version.py,0,0,0,0,0,0,0.0,0.0,0.0,0.0,0.0,0.0
src/prefect/server/database/_migrations/versions/postgresql/2024_12_04_165333_5d03c01be85e_sync_orm_models_and_migrations.py,0,0,0,0,0,0,0.0,0.0,0.0,0.0,0.0,0.0
src/prefect/server/database/_migrations/versions/postgresql/2024_03_05_122228_121699507574_add_job_variables_column_to_flow_runs.py,0,0,0,0,0,0,0.0,0.0,0.0,0.0,0.0,0.0
src/prefect/server/database/_migrations/versions/postgresql/2022_08_07_134410_77eb737fc759_add_work_queue_name_to_runs.py,0,0,0,0,0,0,0.0,0.0,0.0,0.0,0.0,0.0
src/prefect/server/database/_migrations/versions/postgresql/2022_10_31_161719_41e5ed9e1034_.py,0,0,0,0,0,0,0.0,0.0,0.0,0.0,0.0,0.0
src/prefect/server/database/_migrations/versions/postgresql/2022_06_21_093732_29ad9bef6147_adds_indexes_for_block_filtering.py,0,0,0,0,0,0,0.0,0.0,0.0,0.0,0.0,0.0
src/prefect/server/database/_migrations/versions/postgresql/2024_05_21_101457_94622c1663e8_json_variables.py,0,0,0,0,0,0,0.0,0.0,0.0,0.0,0.0,0.0
src/prefect/server/database/_migrations/versions/postgresql/2024_01_05_101034_6b63c51c31b4_add_sender_to_flowruninput.py,0,0,0,0,0,0,0.0,0.0,0.0,0.0,0.0,0.0
src/prefect/server/database/_migrations/versions/postgresql/2023_10_12_224511_bfe653bbf62e_add_last_polled_to_deployment.py,0,0,0,0,0,0,0.0,0.0,0.0,0.0,0.0,0.0
src/prefect/server/database/_migrations/versions/postgresql/2023_02_08_151958_cfdfec5d7557_remove_artifact_fk.py,0,0,0,0,0,0,0.0,0.0,0.0,0.0,0.0,0.0
src/prefect/server/database/_migrations/versions/postgresql/2023_04_06_122716_15f5083c16bd_migrate_artifact_data.py,2,3,2,3,5,5,6.754887502163469,11.60964047443681,1.0,11.60964047443681,0.6449800263576005,0.0038698801581456034
src/prefect/server/database/_migrations/versions/postgresql/2024_07_15_145240_7495a5013e7e_adding_scope_to_followers.py,0,0,0,0,0,0,0.0,0.0,0.0,0.0,0.0,0.0
src/prefect/server/database/_migrations/versions/postgresql/2023_01_26_045501_2882cd2df464_create_migration_index.py,1,2,1,2,3,3,2.0,4.754887502163469,0.5,2.3774437510817346,0.1320802083934297,0.0015849625007211565
src/prefect/server/database/_migrations/versions/postgresql/2023_01_31_133052_2a88656f4a23_clean_up_work_queue_migration.py,0,0,0,0,0,0,0.0,0.0,0.0,0.0,0.0,0.0
src/prefect/server/database/_migrations/versions/postgresql/2022_11_10_171740_8caf7c1fd82c_add_coalesced_start_time_indices.py,0,0,0,0,0,0,0.0,0.0,0.0,0.0,0.0,0.0
src/prefect/server/database/_migrations/versions/postgresql/2022_07_06_152528_4cdc2ba709a4_migrates_block_schemas_with_new_secrets_.py,4,17,11,22,21,33,77.48686830125578,144.94647495169912,2.588235294117647,375.15558222792714,20.8419767904404,0.048315491650566374
src/prefect/server/database/_migrations/versions/postgresql/2022_10_14_172612_ad4b1b4d1e9d_index_deployment_created.py,0,0,0,0,0,0,0.0,0.0,0.0,0.0,0.0,0.0
src/prefect/server/database/_migrations/versions/postgresql/2024_08_14_150111_97429116795e_add_deployment_concurrency_limit.py,0,0,0,0,0,0,0.0,0.0,0.0,0.0,0.0,0.0
src/prefect/server/database/_migrations/versions/postgresql/2023_04_05_134520_310dda75f561_add_variables.py,0,0,0,0,0,0,0.0,0.0,0.0,0.0,0.0,0.0
src/prefect/server/database/_migrations/versions/postgresql/2022_02_13_125213_5f376def75c3_block_data.py,0,0,0,0,0,0,0.0,0.0,0.0,0.0,0.0,0.0
src/prefect/server/database/_migrations/versions/postgresql/2023_03_20_185610_46bd82c6279a_add_index_on_artifact.py,0,0,0,0,0,0,0.0,0.0,0.0,0.0,0.0,0.0
src/prefect/server/database/_migrations/versions/postgresql/2022_05_28_081821_2fe6fe6ca16e_adds_block_schema_references_and_block_.py,2,4,3,6,6,9,10.0,23.264662506490403,1.5,34.89699375973561,1.938721875540867,0.007754887502163467
src/prefect/server/database/_migrations/versions/postgresql/2023_12_07_095320_733ca1903976_create_flow_run_input_table.py,0,0,0,0,0,0,0.0,0.0,0.0,0.0,0.0,0.0
src/prefect/server/database/_migrations/versions/postgresql/2023_01_26_045500_2882cd2df463_implement_artifact_table.py,0,0,0,0,0,0,0.0,0.0,0.0,0.0,0.0,0.0
src/prefect/server/database/_migrations/versions/postgresql/2022_05_30_112549_cdcb4018dd0e_rename_run_alerts_to_run_notifications.py,0,0,0,0,0,0,0.0,0.0,0.0,0.0,0.0,0.0
src/prefect/server/database/_migrations/versions/postgresql/2022_02_20_103844_4799f657a6a1_add_block_spec_table.py,0,0,0,0,0,0,0.0,0.0,0.0,0.0,0.0,0.0
src/prefect/server/database/_migrations/versions/postgresql/2022_07_25_233637_add97ce1937d_update_deployments_to_include_more_.py,0,0,0,0,0,0,0.0,0.0,0.0,0.0,0.0,0.0
src/prefect/server/database/_migrations/versions/postgresql/2024_04_09_125658_916718e8330f_automation_event_follower.py,0,0,0,0,0,0,0.0,0.0,0.0,0.0,0.0,0.0
src/prefect/server/database/_migrations/versions/postgresql/2024_09_16_152051_eaec5004771f_add_deployment_to_global_concurrency_.py,0,0,0,0,0,0,0.0,0.0,0.0,0.0,0.0,0.0
src/prefect/server/database/_migrations/versions/postgresql/2022_10_12_102048_22b7cb02e593_add_state_timestamp.py,1,2,2,4,3,6,2.0,9.509775004326938,1.0,9.509775004326938,0.5283208335737188,0.003169925001442313
src/prefect/server/database/_migrations/versions/postgresql/2022_02_17_140821_5bff7878e700_add_agents_and_work_queue.py,0,0,0,0,0,0,0.0,0.0,0.0,0.0,0.0,0.0
src/prefect/server/database/_migrations/versions/postgresql/2022_05_26_135743_724e6dcc6b5d_add_block_schema_capabilities.py,2,6,4,8,8,12,17.509775004326936,36.0,1.3333333333333333,48.0,2.6666666666666665,0.012
src/prefect/server/database/_migrations/versions/postgresql/2022_11_05_180555_54c1876c68ae_add_index_for_scheduled_deployments.py,0,0,0,0,0,0,0.0,0.0,0.0,0.0,0.0,0.0
src/prefect/server/database/_migrations/versions/postgresql/2022_05_12_202952_dc7a3c6fd3e9_add_flow_run_alerts.py,0,0,0,0,0,0,0.0,0.0,0.0,0.0,0.0,0.0
src/prefect/server/database/_migrations/versions/postgresql/2023_01_26_045502_2882cd2df466_cleanup_artifact_migration.py,0,0,0,0,0,0,0.0,0.0,0.0,0.0,0.0,0.0
src/prefect/server/database/_migrations/versions/postgresql/2022_02_21_150017_b68b3cad6b8a_add_block_spec_id_to_blocks.py,0,0,0,0,0,0,0.0,0.0,0.0,0.0,0.0,0.0
src/prefect/server/database/_migrations/versions/postgresql/2023_04_05_130406_43c94d4c7aa3_add_pull_steps_column_to_deployment.py,0,0,0,0,0,0,0.0,0.0,0.0,0.0,0.0,0.0
src/prefect/server/database/_migrations/versions/postgresql/2023_03_01_154651_7d918a392297_remove_flowrun_deployment_fk.py,0,0,0,0,0,0,0.0,0.0,0.0,0.0,0.0,0.0
src/prefect/server/database/_migrations/versions/postgresql/2022_06_20_123921_7296741dff68_add_protected_column_for_block_types.py,0,0,0,0,0,0,0.0,0.0,0.0,0.0,0.0,0.0
src/prefect/server/database/_migrations/versions/postgresql/2022_05_10_145956_1c9390e2f9c6_replace_version_with_checksum_and_.py,2,6,7,14,8,21,17.509775004326936,63.0,2.3333333333333335,147.0,8.166666666666666,0.021
src/prefect/server/database/_migrations/versions/postgresql/2022_06_17_204409_d335ad57d5ba_add_block_schema_indexes.py,0,0,0,0,0,0,0.0,0.0,0.0,0.0,0.0,0.0
src/prefect/server/database/_migrations/versions/postgresql/2024_09_11_090317_555ed31b284d_add_concurrency_options.py,0,0,0,0,0,0,0.0,0.0,0.0,0.0,0.0,0.0
src/prefect/server/database/_migrations/versions/postgresql/2022_07_21_205820_0cf7311d6ea6_add_crashed_state_type.py,0,0,0,0,0,0,0.0,0.0,0.0,0.0,0.0,0.0
src/prefect/server/database/_migrations/versions/postgresql/2024_04_04_094418_bd6efa529f03_add_deployment_version_to_flow_run.py,0,0,0,0,0,0,0.0,0.0,0.0,0.0,0.0,0.0
src/prefect/server/database/_migrations/versions/postgresql/2021_01_20_122127_25f4b90a7a42_initial_migration.py,0,0,0,0,0,0,0.0,0.0,0.0,0.0,0.0,0.0
src/prefect/server/database/_migrations/versions/postgresql/2023_08_02_133838_5f623ddbf7fe_create_concurrency_limit_v2_table.py,0,0,0,0,0,0,0.0,0.0,0.0,0.0,0.0,0.0
src/prefect/server/database/_migrations/versions/postgresql/2022_04_21_095519_14dc68cc5853_backfill_state_name.py,1,2,2,4,3,6,2.0,9.509775004326938,1.0,9.509775004326938,0.5283208335737188,0.003169925001442313
src/prefect/server/database/_migrations/versions/postgresql/2023_01_25_164028_9326a6aee18b_add_cancelling_to_state_type_enum.py,0,0,0,0,0,0,0.0,0.0,0.0,0.0,0.0,0.0
src/prefect/server/database/_migrations/versions/postgresql/2023_09_20_134544_db0eb3973a54_adds_enforce_parameter_schema_column_to_.py,0,0,0,0,0,0,0.0,0.0,0.0,0.0,0.0,0.0
src/prefect/server/database/_migrations/versions/postgresql/2022_11_24_143620_f7587d6c5776_add_worker_tables.py,0,0,0,0,0,0,0.0,0.0,0.0,0.0,0.0,0.0
src/prefect/server/database/_migrations/versions/postgresql/2023_10_30_075026_cef24af2ec34_add_block_type_name_to_block_document.py,1,2,1,2,3,3,2.0,4.754887502163469,0.5,2.3774437510817346,0.1320802083934297,0.0015849625007211565
src/prefect/server/database/_migrations/versions/postgresql/2022_07_11_170700_112c68143fc3_add_infrastructure_document_id_to_.py,0,0,0,0,0,0,0.0,0.0,0.0,0.0,0.0,0.0
src/prefect/server/database/_migrations/versions/postgresql/2022_06_29_152219_2f46fc3f3beb_remove_name_column_for_notification_.py,0,0,0,0,0,0,0.0,0.0,0.0,0.0,0.0,0.0
src/prefect/server/database/_migrations/versions/postgresql/2023_03_15_153039_4a1a0e4f89de_add_artifact_description_col.py,0,0,0,0,0,0,0.0,0.0,0.0,0.0,0.0,0.0
src/prefect/server/database/_migrations/versions/postgresql/2023_01_08_180142_d481d5058a19_rename_worker_pools_to_work_pools.py,0,0,0,0,0,0,0.0,0.0,0.0,0.0,0.0,0.0
src/prefect/server/database/_migrations/versions/postgresql/2022_06_04_133535_d60c18774a5d_add_indexes_for_partial_name_matches.py,0,0,0,0,0,0,0.0,0.0,0.0,0.0,0.0,0.0
src/prefect/server/database/_migrations/versions/postgresql/2023_03_20_175243_aa84ac237ce8_remove_artifact_uq.py,0,0,0,0,0,0,0.0,0.0,0.0,0.0,0.0,0.0
src/prefect/server/database/_migrations/versions/postgresql/2022_11_23_092449_5e4f924ff96c_add_paused_state_type.py,0,0,0,0,0,0,0.0,0.0,0.0,0.0,0.0,0.0
src/prefect/server/database/_migrations/versions/postgresql/2024_03_13_111215_7a653837d9ba_create_csrf_token_toble.py,0,0,0,0,0,0,0.0,0.0,0.0,0.0,0.0,0.0
src/prefect/server/database/_migrations/versions/postgresql/2025_02_03_125146_c163acd7e8e3_add_parameters_column_to_deployment_.py,0,0,0,0,0,0,0.0,0.0,0.0,0.0,0.0,0.0
src/prefect/server/database/_migrations/versions/postgresql/2024_01_22_120615_8cf4d4933848_create_deployment_schedule_and_add_.py,0,0,0,0,0,0,0.0,0.0,0.0,0.0,0.0,0.0
src/prefect/server/database/_migrations/versions/postgresql/2022_11_18_161056_5d526270ddb4_add_flowrun_infrastructure_pid.py,0,0,0,0,0,0,0.0,0.0,0.0,0.0,0.0,0.0
src/prefect/server/database/_migrations/versions/postgresql/2022_07_29_181713_fa985d474982_add_index_to_flow_run_infrastructure_.py,0,0,0,0,0,0,0.0,0.0,0.0,0.0,0.0,0.0
src/prefect/server/database/_migrations/versions/postgresql/2022_03_10_102713_2e7e1428ffce_index_flow_created.py,0,0,0,0,0,0,0.0,0.0,0.0,0.0,0.0,0.0
src/prefect/server/database/_migrations/versions/postgresql/2023_04_04_172310_6a1eb3d442e4_add_cols_to_artifact_collection.py,0,0,0,0,0,0,0.0,0.0,0.0,0.0,0.0,0.0
src/prefect/server/database/_migrations/versions/postgresql/2024_11_15_150706_68a44144428d_add_labels_column_to_flow_flowrun_.py,0,0,0,0,0,0,0.0,0.0,0.0,0.0,0.0,0.0
src/prefect/server/database/_migrations/versions/postgresql/2022_08_07_154550_7737221bf8a4_fix_concurrency_limit_tag_index_name.py,0,0,0,0,0,0,0.0,0.0,0.0,0.0,0.0,0.0
src/prefect/server/database/_migrations/versions/postgresql/2022_10_19_165110_8ea825da948d_track_retries_restarts.py,0,0,0,0,0,0,0.0,0.0,0.0,0.0,0.0,0.0
src/prefect/server/database/_migrations/versions/postgresql/2024_04_03_112409_aeea5ee6f070_automations_models.py,0,0,0,0,0,0,0.0,0.0,0.0,0.0,0.0,0.0
src/prefect/server/database/_migrations/versions/postgresql/2023_03_20_185238_d20618ce678e_add_artifact_collection_table.py,0,0,0,0,0,0,0.0,0.0,0.0,0.0,0.0,0.0
src/prefect/server/database/_migrations/versions/postgresql/2023_09_25_121806_05ea6f882b1d_remove_flow_run_id_requirement_from_task_run.py,0,0,0,0,0,0,0.0,0.0,0.0,0.0,0.0,0.0
src/prefect/server/database/_migrations/versions/postgresql/2023_09_06_085747_50f8c182c3ca_.py,0,0,0,0,0,0,0.0,0.0,0.0,0.0,0.0,0.0
src/prefect/server/database/_migrations/versions/postgresql/2023_11_20_084708_9c493c02ca6d_add_trgm_index_to_block_document_name.py,0,0,0,0,0,0,0.0,0.0,0.0,0.0,0.0,0.0
src/prefect/server/database/_migrations/versions/postgresql/2022_10_19_093902_6d548701edef_add_created_by.py,0,0,0,0,0,0,0.0,0.0,0.0,0.0,0.0,0.0
src/prefect/server/database/_migrations/versions/postgresql/2022_06_13_104234_61c76ee09e02_add_anonymous_column_for_block_documents.py,0,0,0,0,0,0,0.0,0.0,0.0,0.0,0.0,0.0
src/prefect/server/database/_migrations/versions/postgresql/2023_12_07_121416_7c453555d3a5_make_flowruninput_flow_run_id_a_foreign_.py,0,0,0,0,0,0,0.0,0.0,0.0,0.0,0.0,0.0
src/prefect/server/database/_migrations/versions/postgresql/2024_04_10_194742_15768c2ec702_add_events_and_event_resources_tables.py,0,0,0,0,0,0,0.0,0.0,0.0,0.0,0.0,0.0
src/prefect/server/database/_migrations/versions/postgresql/2022_07_25_214717_4ff2f2bf81f4_adds_block_type_slug.py,1,5,4,8,6,12,11.60964047443681,31.019550008653873,0.8,24.8156400069231,1.3786466670512834,0.010339850002884624
src/prefect/server/database/_migrations/versions/postgresql/2022_08_01_211251_97e212ea6545_add_deployment_version.py,0,0,0,0,0,0,0.0,0.0,0.0,0.0,0.0,0.0
src/prefect/server/database/_migrations/versions/postgresql/2023_04_04_132534_3bf47e3ce2dd_add_index_on_log.py,0,0,0,0,0,0,0.0,0.0,0.0,0.0,0.0,0.0
src/prefect/server/database/_migrations/versions/postgresql/2023_01_26_152801_0a1250a5aa25_expand_work_queue_table.py,0,0,0,0,0,0,0.0,0.0,0.0,0.0,0.0,0.0
src/prefect/server/database/_migrations/versions/postgresql/2023_09_21_130125_4e9a6f93eb6c_make_slot_decay_per_second_not_nullable.py,0,0,0,0,0,0,0.0,0.0,0.0,0.0,0.0,0.0
src/prefect/server/database/_migrations/versions/postgresql/2024_04_25_155240_8905262ec07f_worker_status_field.py,0,0,0,0,0,0,0.0,0.0,0.0,0.0,0.0,0.0
src/prefect/server/database/_migrations/versions/postgresql/2022_02_19_205543_d9d98a9ebb6f_rename_block_data_table.py,0,0,0,0,0,0,0.0,0.0,0.0,0.0,0.0,0.0
src/prefect/server/database/_migrations/versions/postgresql/2022_02_21_111050_d115556a8ab6_index_flowrun_flow_runner_type.py,0,0,0,0,0,0,0.0,0.0,0.0,0.0,0.0,0.0
src/prefect/server/database/_migrations/versions/postgresql/2025_02_05_152418_a03d00b8e275_add_slug_column_to_deployment_schedule.py,0,0,0,0,0,0,0.0,0.0,0.0,0.0,0.0,0.0
src/prefect/server/database/_migrations/versions/postgresql/2024_05_01_105401_b23c83a12cb4_add_catchup_fields_to_deploymentschedule.py,0,0,0,0,0,0,0.0,0.0,0.0,0.0,0.0,0.0
src/prefect/server/database/_migrations/versions/postgresql/2022_07_14_114039_0f27d462bf6d_removing_default_storage_block_document.py,0,0,0,0,0,0,0.0,0.0,0.0,0.0,0.0,0.0
src/prefect/server/database/_migrations/versions/postgresql/2022_07_21_133134_e085c9cbf8ce_remove_flow_runners.py,0,0,0,0,0,0,0.0,0.0,0.0,0.0,0.0,0.0
src/prefect/server/database/_migrations/versions/postgresql/2022_06_08_121753_3a7c41d3b464_adds_description_and_code_example_to_.py,0,0,0,0,0,0,0.0,0.0,0.0,0.0,0.0,0.0
src/prefect/server/database/_migrations/versions/postgresql/2022_08_06_145817_60e428f92a75_expand_deployment_schema_for_improved_ux.py,0,0,0,0,0,0,0.0,0.0,0.0,0.0,0.0,0.0
src/prefect/server/database/_migrations/versions/postgresql/2022_04_20_113011_605ebb4e9155_add_flow_run_state_name.py,0,0,0,0,0,0,0.0,0.0,0.0,0.0,0.0,0.0
src/prefect/server/database/_migrations/versions/postgresql/2022_06_29_135432_813ddf14e2de_add_descriptions_to_deployments.py,0,0,0,0,0,0,0.0,0.0,0.0,0.0,0.0,0.0
src/prefect/server/database/_migrations/versions/postgresql/2022_07_19_160058_bb4dc90d3e29_renames_existing_block_types.py,1,3,2,4,4,6,4.754887502163469,12.0,0.6666666666666666,8.0,0.4444444444444444,0.004
src/prefect/server/database/_migrations/versions/postgresql/2023_01_31_110543_f98ae6d8e2cc_work_queue_data_migration.py,4,9,7,13,13,20,36.52932501298081,74.00879436282185,2.888888888888889,213.80318371481866,11.87795465082326,0.024669598120940616
src/prefect/server/database/_migrations/versions/sqlite/2022_11_05_180619_a0284438370e_add_index_for_scheduled_deployments.py,0,0,0,0,0,0,0.0,0.0,0.0,0.0,0.0,0.0
src/prefect/server/database/_migrations/versions/sqlite/2022_08_07_134138_575634b7acd4_add_work_queue_name_to_runs.py,0,0,0,0,0,0,0.0,0.0,0.0,0.0,0.0,0.0
src/prefect/server/database/_migrations/versions/sqlite/2022_06_29_151832_42762c37b7bc_remove_name_column_for_notification_.py,0,0,0,0,0,0,0.0,0.0,0.0,0.0,0.0,0.0
src/prefect/server/database/_migrations/versions/sqlite/2022_10_20_101423_3ced59d8806b_add_last_polled.py,0,0,0,0,0,0,0.0,0.0,0.0,0.0,0.0,0.0
src/prefect/server/database/_migrations/versions/sqlite/2024_04_09_131832_2b6c2b548f95_trigger_in_index.py,0,0,0,0,0,0,0.0,0.0,0.0,0.0,0.0,0.0
src/prefect/server/database/_migrations/versions/sqlite/2022_02_21_145916_c8ff35f94028_add_block_spec_id_to_blocks.py,0,0,0,0,0,0,0.0,0.0,0.0,0.0,0.0,0.0
src/prefect/server/database/_migrations/versions/sqlite/2022_06_20_123823_dff8da7a6c2c_add_protected_column_for_block_types.py,0,0,0,0,0,0,0.0,0.0,0.0,0.0,0.0,0.0
src/prefect/server/database/_migrations/versions/sqlite/2023_01_25_114348_b9bda9f142f1_expand_work_queue_table.py,0,0,0,0,0,0,0.0,0.0,0.0,0.0,0.0,0.0
src/prefect/server/database/_migrations/versions/sqlite/2022_06_17_204530_9e2a1c08c6f1_add_block_schema_indexes.py,0,0,0,0,0,0,0.0,0.0,0.0,0.0,0.0,0.0
src/prefect/server/database/_migrations/versions/sqlite/2022_03_10_102500_71a57ec351d1_index_flow_created.py,0,0,0,0,0,0,0.0,0.0,0.0,0.0,0.0,0.0
src/prefect/server/database/_migrations/versions/sqlite/2022_07_25_142515_f335f9633eec_adds_block_type_slug.py,1,5,4,8,6,12,11.60964047443681,31.019550008653873,0.8,24.8156400069231,1.3786466670512834,0.010339850002884624
src/prefect/server/database/_migrations/versions/sqlite/2022_07_19_153432_628a873f0d1a_renames_existing_block_types.py,1,3,2,4,4,6,4.754887502163469,12.0,0.6666666666666666,8.0,0.4444444444444444,0.004
src/prefect/server/database/_migrations/versions/sqlite/2023_01_12_000042_f92143d30c24_implement_artifact_table.py,0,0,0,0,0,0,0.0,0.0,0.0,0.0,0.0,0.0
src/prefect/server/database/_migrations/versions/sqlite/2022_07_14_113138_56be24fdb383_removing_default_storage_block_document.py,0,0,0,0,0,0,0.0,0.0,0.0,0.0,0.0,0.0
src/prefect/server/database/_migrations/versions/sqlite/2022_07_20_113451_2fe8ef6a6514_remove_flow_runners.py,0,0,0,0,0,0,0.0,0.0,0.0,0.0,0.0,0.0
src/prefect/server/database/_migrations/versions/sqlite/2022_02_04_093838_619bea85701a_block_data.py,0,0,0,0,0,0,0.0,0.0,0.0,0.0,0.0,0.0
src/prefect/server/database/_migrations/versions/sqlite/2023_04_04_172555_3e1eb8281d5e_add_cols_to_artifact_collection.py,0,0,0,0,0,0,0.0,0.0,0.0,0.0,0.0,0.0
src/prefect/server/database/_migrations/versions/sqlite/2024_12_04_144924_a49711513ad4_sync_orm_models_and_migrations.py,0,0,0,0,0,0,0.0,0.0,0.0,0.0,0.0,0.0
src/prefect/server/database/_migrations/versions/sqlite/2024_04_23_094701_75c8f17b8b51_work_status_fields.py,0,0,0,0,0,0,0.0,0.0,0.0,0.0,0.0,0.0
src/prefect/server/database/_migrations/versions/sqlite/2022_07_29_181111_905134444e17_add_index_to_flow_run_infrastructure_.py,0,0,0,0,0,0,0.0,0.0,0.0,0.0,0.0,0.0
src/prefect/server/database/_migrations/versions/sqlite/2022_04_21_113057_db6bde582447_backfill_state_name.py,1,2,2,4,3,6,2.0,9.509775004326938,1.0,9.509775004326938,0.5283208335737188,0.003169925001442313
src/prefect/server/database/_migrations/versions/sqlite/2022_10_14_172612_ad4b1b4d1e9d_index_deployment_created.py,0,0,0,0,0,0,0.0,0.0,0.0,0.0,0.0,0.0
src/prefect/server/database/_migrations/versions/sqlite/2024_04_09_125712_cc510aec4689_automation_event_follower.py,0,0,0,0,0,0,0.0,0.0,0.0,0.0,0.0,0.0
src/prefect/server/database/_migrations/versions/sqlite/2022_07_06_142824_e2dae764a603_migrates_block_schemas_with_new_secrets_.py,4,17,11,22,21,33,77.48686830125578,144.94647495169912,2.588235294117647,375.15558222792714,20.8419767904404,0.048315491650566374
src/prefect/server/database/_migrations/versions/sqlite/2022_10_19_093542_fa319f214160_add_created_by.py,0,0,0,0,0,0,0.0,0.0,0.0,0.0,0.0,0.0
src/prefect/server/database/_migrations/versions/sqlite/2024_01_22_120214_265eb1a2da4c_create_deployment_schedule_and_add_.py,0,0,0,0,0,0,0.0,0.0,0.0,0.0,0.0,0.0
src/prefect/server/database/_migrations/versions/sqlite/2023_01_12_000044_f92143d30c27_cleanup_artifact_migration.py,0,0,0,0,0,0,0.0,0.0,0.0,0.0,0.0,0.0
src/prefect/server/database/_migrations/versions/sqlite/2024_07_15_145350_354f1ede7e9f_adding_scope_to_followers.py,0,0,0,0,0,0,0.0,0.0,0.0,0.0,0.0,0.0
src/prefect/server/database/_migrations/versions/sqlite/2023_03_20_194204_422f8ba9541d_add_artifact_idx.py,0,0,0,0,0,0,0.0,0.0,0.0,0.0,0.0,0.0
src/prefect/server/database/_migrations/versions/sqlite/2023_04_04_115150_553920ec20e9_add_index_on_log.py,0,0,0,0,0,0,0.0,0.0,0.0,0.0,0.0,0.0
src/prefect/server/database/_migrations/versions/sqlite/2022_08_06_130009_296e2665785f_expand_deployment_schema_for_improved_ux.py,0,0,0,0,0,0,0.0,0.0,0.0,0.0,0.0,0.0
src/prefect/server/database/_migrations/versions/sqlite/2022_06_04_104048_f65b6ad0b869_add_indexes_for_partial_name_matches.py,0,0,0,0,0,0,0.0,0.0,0.0,0.0,0.0,0.0
src/prefect/server/database/_migrations/versions/sqlite/2022_02_20_103610_e1ff4973a9eb_add_block_spec_table.py,0,0,0,0,0,0,0.0,0.0,0.0,0.0,0.0,0.0
src/prefect/server/database/_migrations/versions/sqlite/2023_03_01_165551_f3df94dca3cc_remove_flowrun_deployment_fk.py,0,0,0,0,0,0,0.0,0.0,0.0,0.0,0.0,0.0
src/prefect/server/database/_migrations/versions/sqlite/2023_09_25_121806_8167af8df781_remove_flow_run_id_requirement_from_task_run.py,0,0,0,0,0,0,0.0,0.0,0.0,0.0,0.0,0.0
src/prefect/server/database/_migrations/versions/sqlite/2022_10_12_102048_22b7cb02e593_add_state_timestamp.py,1,2,2,4,3,6,2.0,9.509775004326938,1.0,9.509775004326938,0.5283208335737188,0.003169925001442313
src/prefect/server/database/_migrations/versions/sqlite/2023_03_15_123850_cf1159bd0d3c_add_artifact_description_col.py,0,0,0,0,0,0,0.0,0.0,0.0,0.0,0.0,0.0
src/prefect/server/database/_migrations/versions/sqlite/2023_10_12_175815_f3165ae0a213_add_last_polled_to_deployment.py,0,0,0,0,0,0,0.0,0.0,0.0,0.0,0.0,0.0
src/prefect/server/database/_migrations/versions/sqlite/2023_01_08_175327_bb38729c471a_rename_worker_pools_to_work_pools.py,0,0,0,0,0,0,0.0,0.0,0.0,0.0,0.0,0.0
src/prefect/server/database/_migrations/versions/sqlite/2022_01_20_115236_9725c1cbee35_initial_migration.py,0,0,0,0,0,0,0.0,0.0,0.0,0.0,0.0,0.0
src/prefect/server/database/_migrations/versions/sqlite/2022_11_10_165921_4f90ad6349bd_add_coalesced_start_time_indices.py,0,0,0,0,0,0,0.0,0.0,0.0,0.0,0.0,0.0
src/prefect/server/database/_migrations/versions/sqlite/2022_04_25_135207_b75d279ba985_replace_version_with_checksum.py,2,6,7,14,8,21,17.509775004326936,63.0,2.3333333333333335,147.0,8.166666666666666,0.021
src/prefect/server/database/_migrations/versions/sqlite/2024_05_01_103824_20fbd53b3cef_add_catchup_fields_to_deploymentschedule.py,0,0,0,0,0,0,0.0,0.0,0.0,0.0,0.0,0.0
src/prefect/server/database/_migrations/versions/sqlite/2025_02_05_152431_07ecde74d74d_add_slug_column_to_deployment_schedule.py,0,0,0,0,0,0,0.0,0.0,0.0,0.0,0.0,0.0
src/prefect/server/database/_migrations/versions/sqlite/2024_04_04_114538_8644a9595a08_add_deployment_version_to_flow_run.py,0,0,0,0,0,0,0.0,0.0,0.0,0.0,0.0,0.0
src/prefect/server/database/_migrations/versions/sqlite/2023_09_06_084729_c2d001b7dd06_.py,0,0,0,0,0,0,0.0,0.0,0.0,0.0,0.0,0.0
src/prefect/server/database/_migrations/versions/sqlite/2022_02_15_211737_28ae48128c75_add_configurations.py,0,0,0,0,0,0,0.0,0.0,0.0,0.0,0.0,0.0
src/prefect/server/database/_migrations/versions/sqlite/2023_03_20_153925_1d7441c031d0_remove_uq_from_artifact_table.py,0,0,0,0,0,0,0.0,0.0,0.0,0.0,0.0,0.0
src/prefect/server/database/_migrations/versions/sqlite/2023_03_20_184534_b9aafc3ab936_add_artifact_collection_table.py,0,0,0,0,0,0,0.0,0.0,0.0,0.0,0.0,0.0
src/prefect/server/database/_migrations/versions/sqlite/2022_04_23_114831_fd966d4ad99c_rename_block_to_blockbasis_and_.py,0,0,0,0,0,0,0.0,0.0,0.0,0.0,0.0,0.0
src/prefect/server/database/_migrations/versions/sqlite/2024_04_25_155120_a8e62d4c72cf_worker_status_field.py,0,0,0,0,0,0,0.0,0.0,0.0,0.0,0.0,0.0
src/prefect/server/database/_migrations/versions/sqlite/2023_12_07_095112_a299308852a7_create_flow_run_input_table.py,0,0,0,0,0,0,0.0,0.0,0.0,0.0,0.0,0.0
src/prefect/server/database/_migrations/versions/sqlite/2023_08_02_113813_5b0bd3b41a23_create_concurrency_limit_v2_table.py,0,0,0,0,0,0,0.0,0.0,0.0,0.0,0.0,0.0
src/prefect/server/database/_migrations/versions/sqlite/2022_02_19_210255_4c4a6a138053_rename_block_data_table.py,0,0,0,0,0,0,0.0,0.0,0.0,0.0,0.0,0.0
src/prefect/server/database/_migrations/versions/sqlite/2022_06_13_103943_2d900af9cd07_add_anonymous_column_for_block_documents.py,0,0,0,0,0,0,0.0,0.0,0.0,0.0,0.0,0.0
src/prefect/server/database/_migrations/versions/sqlite/2023_02_08_152028_8d148e44e669_remove_artifact_fk.py,0,0,0,0,0,0,0.0,0.0,0.0,0.0,0.0,0.0
src/prefect/server/database/_migrations/versions/sqlite/2023_10_30_075026_cef24af2ec34_add_block_type_name_to_block_document.py,0,0,0,0,0,0,0.0,0.0,0.0,0.0,0.0,0.0
src/prefect/server/database/_migrations/versions/sqlite/2023_04_05_120713_340f457b315f_add_column_to_deployments_for_pull_steps.py,0,0,0,0,0,0,0.0,0.0,0.0,0.0,0.0,0.0
src/prefect/server/database/_migrations/versions/sqlite/2022_10_19_155810_af52717cf201_track_retries_restarts.py,0,0,0,0,0,0,0.0,0.0,0.0,0.0,0.0,0.0
src/prefect/server/database/_migrations/versions/sqlite/2022_11_24_143302_fe77ad0dda06_add_worker_tables.py,0,0,0,0,0,0,0.0,0.0,0.0,0.0,0.0,0.0
src/prefect/server/database/_migrations/versions/sqlite/2024_09_16_162719_4ad4658cbefe_add_deployment_to_global_concurrency_.py,0,0,0,0,0,0,0.0,0.0,0.0,0.0,0.0,0.0
src/prefect/server/database/_migrations/versions/sqlite/2024_03_13_111316_bacc60edce16_create_csrf_token_toble.py,0,0,0,0,0,0,0.0,0.0,0.0,0.0,0.0,0.0
src/prefect/server/database/_migrations/versions/sqlite/2022_08_01_211039_24bb2e4a195c_add_deployment_version.py,0,0,0,0,0,0,0.0,0.0,0.0,0.0,0.0,0.0
src/prefect/server/database/_migrations/versions/sqlite/2023_09_20_134145_ef674d598dd3_adds_enforce_parameter_schema_column_to_.py,0,0,0,0,0,0,0.0,0.0,0.0,0.0,0.0,0.0
src/prefect/server/database/_migrations/versions/sqlite/2023_01_31_132409_bfe42b7090d6_clean_up_work_queue_migration.py,0,0,0,0,0,0,0.0,0.0,0.0,0.0,0.0,0.0
src/prefect/server/database/_migrations/versions/sqlite/2022_08_18_102527_e757138e954a_adds_block_schema_version.py,0,0,0,0,0,0,0.0,0.0,0.0,0.0,0.0,0.0
src/prefect/server/database/_migrations/versions/sqlite/2023_01_12_000043_f92143d30c26_migrate_artifact_data.py,2,6,3,6,8,9,17.509775004326936,27.0,1.0,27.0,1.5,0.009
src/prefect/server/database/_migrations/versions/sqlite/2023_01_12_000043_f92143d30c25_create_migration_index.py,1,2,1,2,3,3,2.0,4.754887502163469,0.5,2.3774437510817346,0.1320802083934297,0.0015849625007211565
src/prefect/server/database/_migrations/versions/sqlite/2023_10_30_103720_22ef3915ccd8_index_and_backfill_block_type_name.py,1,2,1,2,3,3,2.0,4.754887502163469,0.5,2.3774437510817346,0.1320802083934297,0.0015849625007211565
src/prefect/server/database/_migrations/versions/sqlite/2022_05_19_165808_33439667aeea_add_block_schema_capabilities.py,2,6,4,8,8,12,17.509775004326936,36.0,1.3333333333333333,48.0,2.6666666666666665,0.012
src/prefect/server/database/_migrations/versions/sqlite/2024_05_21_123101_2ac65f1758c2_json_variables.py,0,0,0,0,0,0,0.0,0.0,0.0,0.0,0.0,0.0
src/prefect/server/database/_migrations/versions/sqlite/2022_07_11_113314_638cbcc2a158_add_infrastructure_block_id_to_.py,0,0,0,0,0,0,0.0,0.0,0.0,0.0,0.0,0.0
src/prefect/server/database/_migrations/versions/sqlite/2022_02_21_111238_f327e877e423_index_flowrun_flow_runner_type.py,0,0,0,0,0,0,0.0,0.0,0.0,0.0,0.0,0.0
src/prefect/server/database/_migrations/versions/sqlite/2024_08_14_145052_f93e1439f022_add_deployment_concurrency_limit.py,0,0,0,0,0,0,0.0,0.0,0.0,0.0,0.0,0.0
src/prefect/server/database/_migrations/versions/sqlite/2024_09_11_090106_7d6350aea855_add_concurrency_options.py,0,0,0,0,0,0,0.0,0.0,0.0,0.0,0.0,0.0
src/prefect/server/database/_migrations/versions/sqlite/2023_01_31_105442_1678f2fb8b33_work_queue_data_migration.py,4,9,7,13,13,20,36.52932501298081,74.00879436282185,2.888888888888889,213.80318371481866,11.87795465082326,0.024669598120940616
src/prefect/server/database/_migrations/versions/sqlite/2022_05_30_100855_d76326ed0d06_rename_run_alerts_to_run_notifications.py,0,0,0,0,0,0,0.0,0.0,0.0,0.0,0.0,0.0
src/prefect/server/database/_migrations/versions/sqlite/2023_04_05_134301_3d46e23593d6_add_variables.py,0,0,0,0,0,0,0.0,0.0,0.0,0.0,0.0,0.0
src/prefect/server/database/_migrations/versions/sqlite/2025_02_03_125228_67f886da208e_add_parameters_column_to_deployment_.py,0,0,0,0,0,0,0.0,0.0,0.0,0.0,0.0,0.0
src/prefect/server/database/_migrations/versions/sqlite/2022_07_25_151028_88c2112b668f_update_deployments_to_include_more_.py,0,0,0,0,0,0,0.0,0.0,0.0,0.0,0.0,0.0
src/prefect/server/database/_migrations/versions/sqlite/2023_11_20_084708_9c493c02ca6d_add_trgm_index_to_block_document_name.py,0,0,0,0,0,0,0.0,0.0,0.0,0.0,0.0,0.0
src/prefect/server/database/_migrations/versions/sqlite/2023_12_07_121624_35659cc49969_make_flowruninput_flow_run_id_a_foreign_.py,0,0,0,0,0,0,0.0,0.0,0.0,0.0,0.0,0.0
src/prefect/server/database/_migrations/versions/sqlite/2022_07_07_111208_061c7e518b40_removes_debugprintnotification_block_.py,0,0,0,0,0,0,0.0,0.0,0.0,0.0,0.0,0.0
src/prefect/server/database/_migrations/versions/sqlite/2022_06_08_121702_84892301571a_adds_description_and_code_example_to_.py,0,0,0,0,0,0,0.0,0.0,0.0,0.0,0.0,0.0
src/prefect/server/database/_migrations/versions/sqlite/2024_04_03_111618_07ed05dfd4ec_automations_models.py,0,0,0,0,0,0,0.0,0.0,0.0,0.0,0.0,0.0
src/prefect/server/database/_migrations/versions/sqlite/2023_09_21_121806_8167af8df781_make_slot_decay_per_second_not_nullable.py,0,0,0,0,0,0,0.0,0.0,0.0,0.0,0.0,0.0
src/prefect/server/database/_migrations/versions/sqlite/2024_11_15_151042_5952a5498b51_add_labels_column_to_flow_flowrun_.py,0,0,0,0,0,0,0.0,0.0,0.0,0.0,0.0,0.0
src/prefect/server/database/_migrations/versions/sqlite/2024_01_05_101041_c63a0a6dc787_add_sender_to_flowruninput.py,0,0,0,0,0,0,0.0,0.0,0.0,0.0,0.0,0.0
src/prefect/server/database/_migrations/versions/sqlite/2022_04_19_181604_7f5f335cace3_add_flow_run_state_name.py,0,0,0,0,0,0,0.0,0.0,0.0,0.0,0.0,0.0
src/prefect/server/database/_migrations/versions/sqlite/2022_02_17_151416_7c91cb86dc4e_add_agents_and_work_queues.py,0,0,0,0,0,0,0.0,0.0,0.0,0.0,0.0,0.0
src/prefect/server/database/_migrations/versions/sqlite/2022_06_29_133432_3bd87ecdac38_add_descriptions_to_deployments.py,0,0,0,0,0,0,0.0,0.0,0.0,0.0,0.0,0.0
src/prefect/server/database/_migrations/versions/sqlite/2022_08_07_154319_53c19b31aa09_fix_name_on_concurrency_limit_tag_idx.py,0,0,0,0,0,0,0.0,0.0,0.0,0.0,0.0,0.0
src/prefect/server/database/_migrations/versions/sqlite/2022_06_21_093640_a205b458d997_adds_indexes_for_block_filtering.py,0,0,0,0,0,0,0.0,0.0,0.0,0.0,0.0,0.0
src/prefect/server/database/_migrations/versions/sqlite/2023_04_06_122659_2dbcec43c857_migrate_artifact_data.py,2,3,2,3,5,5,6.754887502163469,11.60964047443681,1.0,11.60964047443681,0.6449800263576005,0.0038698801581456034
src/prefect/server/database/_migrations/versions/sqlite/2022_05_12_203158_888a0bb0df7b_add_flow_run_alerts.py,0,0,0,0,0,0,0.0,0.0,0.0,0.0,0.0,0.0
src/prefect/server/database/_migrations/versions/sqlite/2024_04_10_104304_824e9edafa60_adds_events_tables.py,0,0,0,0,0,0,0.0,0.0,0.0,0.0,0.0,0.0
src/prefect/server/database/_migrations/versions/sqlite/2024_03_05_115258_342220764f0b_add_job_variables_column_to_flow_runs.py,0,0,0,0,0,0,0.0,0.0,0.0,0.0,0.0,0.0
src/prefect/server/database/_migrations/versions/sqlite/2022_05_28_081650_e73c6f1fe752_adds_block_schema_referecnes_and_block_.py,2,4,3,6,6,9,10.0,23.264662506490403,1.5,34.89699375973561,1.938721875540867,0.007754887502163467
src/prefect/server/database/_migrations/versions/sqlite/2022_11_18_161332_7201de756d85_add_flowrun_infrastructure_pid.py,0,0,0,0,0,0,0.0,0.0,0.0,0.0,0.0,0.0
src/prefect/server/models/task_run_states.py,2,4,2,4,6,6,10.0,15.509775004326936,1.0,15.509775004326936,0.861654166907052,0.005169925001442312
src/prefect/server/models/task_runs.py,8,49,32,68,57,100,299.1207823616452,583.2890014164742,5.551020408163265,3237.84915072002,179.88050837333446,0.19442966713882473
src/prefect/server/models/configuration.py,2,3,2,4,5,6,6.754887502163469,13.931568569324174,1.3333333333333333,18.575424759098897,1.0319680421721609,0.004643856189774725
src/prefect/server/models/csrf_token.py,5,9,5,10,14,15,40.13896548741762,57.110323830864054,2.7777777777777777,158.6397884190668,8.813321578837044,0.019036774610288017
src/prefect/server/models/flow_runs.py,9,65,44,83,74,127,419.9832328598303,788.6005774348768,5.746153846153846,4531.420241106561,251.7455689503645,0.26286685914495894
src/prefect/server/models/variables.py,3,20,12,24,23,36,91.19344939991072,162.84823041805248,1.8,293.12681475249445,16.284823041805247,0.05428274347268416
src/prefect/server/models/events.py,12,42,28,50,54,78,269.4968817653618,448.8812251687506,7.142857142857143,3206.2944654910757,178.12747030505977,0.1496270750562502
src/prefect/server/models/block_schemas.py,10,69,47,93,79,140,454.7074684665674,882.5293047447944,6.739130434782608,5947.48009719318,330.41556095517666,0.2941764349149315
src/prefect/server/models/flow_run_input.py,3,9,7,14,12,21,33.28421251514428,75.28421251514429,2.3333333333333335,175.66316253533668,9.759064585296482,0.025094737505048096
src/prefect/server/models/__init__.py,0,0,0,0,0,0,0.0,0.0,0.0,0.0,0.0,0.0
src/prefect/server/models/concurrency_limits.py,4,19,12,23,23,35,88.71062275542812,158.32466846199546,2.4210526315789473,383.31235522377847,21.29513084576547,0.05277488948733182
src/prefect/server/models/task_workers.py,4,8,5,8,12,13,32.0,46.604512509375034,2.0,93.20902501875007,5.178279167708337,0.015534837503125011
src/prefect/server/models/block_types.py,4,24,15,28,28,43,118.03910001730776,206.71626164847697,2.3333333333333335,482.3379438464463,26.796552435913682,0.06890542054949232
src/prefect/server/models/concurrency_limits_v2.py,11,74,49,91,85,140,497.55329686155267,897.3147310592784,6.763513513513513,6069.000309394173,337.16668385523184,0.2991049103530928
src/prefect/server/models/logs.py,2,4,2,4,6,6,10.0,15.509775004326936,1.0,15.509775004326936,0.861654166907052,0.005169925001442312
src/prefect/server/models/block_registration.py,5,12,7,13,17,20,54.62919048309069,81.7492568250068,2.7083333333333335,221.4042372343934,12.300235401910745,0.027249752275002266
src/prefect/server/models/deployments.py,13,126,92,173,139,265,927.2429866968238,1886.5193842717295,8.924603174603174,16836.436885821902,935.3576047678835,0.6288397947572432
src/prefect/server/models/flows.py,4,23,15,30,27,45,112.0419249893113,213.9699375973561,2.608695652173913,558.1824459061464,31.010135883674803,0.07132331253245204
src/prefect/server/models/artifacts.py,7,50,38,78,57,116,301.8442939431394,676.61524164311,5.46,3694.3192193713808,205.23995663174338,0.22553841388103668
src/prefect/server/models/workers.py,13,99,69,136,112,205,704.4120217237156,1395.5077590218089,8.929292929292929,12460.897565406858,692.2720869670477,0.46516925300726963
src/prefect/server/models/flow_run_states.py,2,4,2,4,6,6,10.0,15.509775004326936,1.0,15.509775004326936,0.861654166907052,0.005169925001442312
src/prefect/server/models/work_queues.py,11,61,41,76,72,117,399.8287253963464,721.8812251687506,6.852459016393443,4946.66151017275,274.81452834293054,0.2406270750562502
src/prefect/server/models/flow_run_notification_policies.py,3,11,6,12,14,18,42.808635307173745,68.53238859703687,1.6363636363636365,112.14390861333307,6.23021714518517,0.022844129532345624
src/prefect/server/models/block_documents.py,9,82,54,106,91,160,549.8485893916638,1041.2471424317914,5.817073170731708,6057.0108163410305,336.500600907835,0.3470823808105971
src/prefect/server/models/saved_searches.py,3,9,6,12,12,18,33.28421251514428,64.52932501298082,2.0,129.05865002596164,7.169925001442313,0.02150977500432694
src/prefect/server/schemas/internal.py,0,0,0,0,0,0,0.0,0.0,0.0,0.0,0.0,0.0
src/prefect/server/schemas/responses.py,5,10,5,10,15,15,44.82892142331043,58.60335893412778,2.5,146.50839733531944,8.139355407517748,0.019534452978042596
src/prefect/server/schemas/graph.py,0,0,0,0,0,0,0.0,0.0,0.0,0.0,0.0,0.0
src/prefect/server/schemas/sorting.py,0,0,0,0,0,0,0.0,0.0,0.0,0.0,0.0,0.0
src/prefect/server/schemas/actions.py,6,24,15,27,30,42,125.5488750216347,206.0894050155578,3.375,695.5517419275076,38.64176344041709,0.06869646833851926
src/prefect/server/schemas/__init__.py,0,0,0,0,0,0,0.0,0.0,0.0,0.0,0.0,0.0
src/prefect/server/schemas/core.py,9,26,16,31,35,47,150.74075768464922,241.07630179641342,5.365384615384615,1293.467080792295,71.85928226623861,0.08035876726547114
src/prefect/server/schemas/statuses.py,0,0,0,0,0,0,0.0,0.0,0.0,0.0,0.0,0.0
src/prefect/server/schemas/states.py,10,44,24,47,54,71,273.4342721689147,408.5970126536063,5.340909090909091,2182.279499399943,121.23774996666349,0.13619900421786876
src/prefect/server/schemas/filters.py,8,97,239,488,105,727,664.1915456921514,4881.256491343271,20.123711340206185,98228.99660929963,5457.166478294424,1.6270854971144235
src/prefect/server/schemas/schedules.py,12,65,60,120,77,180,434.4734578555034,1128.0215773250823,11.076923076923077,12495.008241139372,694.1671245077429,0.37600719244169406
src/prefect/server/utilities/server.py,4,8,4,8,12,12,32.0,43.01955000865388,2.0,86.03910001730776,4.779950000961542,0.014339850002884626
src/prefect/server/utilities/encryption.py,1,2,1,2,3,3,2.0,4.754887502163469,0.5,2.3774437510817346,0.1320802083934297,0.0015849625007211565
src/prefect/server/utilities/database.py,10,61,46,88,71,134,394.9942585402097,824.0661140136274,7.213114754098361,5944.083445344198,330.22685807467764,0.27468870467120915
src/prefect/server/utilities/subscriptions.py,2,4,2,4,6,6,10.0,15.509775004326936,1.0,15.509775004326936,0.861654166907052,0.005169925001442312
src/prefect/server/utilities/__init__.py,0,0,0,0,0,0,0.0,0.0,0.0,0.0,0.0,0.0
src/prefect/server/utilities/names.py,0,0,0,0,0,0,0.0,0.0,0.0,0.0,0.0,0.0
src/prefect/server/utilities/http.py,1,2,1,2,3,3,2.0,4.754887502163469,0.5,2.3774437510817346,0.1320802083934297,0.0015849625007211565
src/prefect/server/utilities/user_templates.py,7,25,15,26,32,41,135.74788919877133,205.0,3.64,746.2,41.455555555555556,0.06833333333333333
src/prefect/server/utilities/schemas/serializers.py,1,2,1,2,3,3,2.0,4.754887502163469,0.5,2.3774437510817346,0.1320802083934297,0.0015849625007211565
src/prefect/server/utilities/schemas/__init__.py,0,0,0,0,0,0,0.0,0.0,0.0,0.0,0.0,0.0
src/prefect/server/utilities/schemas/bases.py,5,18,10,21,23,31,86.66829050039843,140.2304206377674,2.9166666666666665,409.00539352682154,22.722521862601198,0.04674347354592247
src/prefect/server/utilities/messaging/memory.py,10,33,21,37,43,58,199.6842868877026,314.7233557727217,5.606060606060606,1764.358206604652,98.01990036692511,0.1049077852575739
src/prefect/server/utilities/messaging/__init__.py,1,4,2,4,5,6,8.0,13.931568569324174,0.5,6.965784284662087,0.3869880158145604,0.004643856189774725
src/prefect/server/orchestration/global_policy.py,8,48,43,84,56,127,292.0782000346155,737.5340751013158,7.0,5162.738525709211,286.81880698384504,0.2458446917004386
src/prefect/server/orchestration/core_policy.py,17,186,175,321,203,496,1471.7704071673497,3802.0066149238473,14.669354838709678,55772.98413343934,3098.499118524408,1.2673355383079492
src/prefect/server/orchestration/__init__.py,0,0,0,0,0,0,0.0,0.0,0.0,0.0,0.0,0.0
src/prefect/server/orchestration/rules.py,9,56,43,83,65,126,353.74120064820664,758.8183444415853,6.669642857142857,5061.047350873787,281.1692972707659,0.2529394481471951
src/prefect/server/orchestration/policies.py,3,8,4,8,11,12,28.75488750216347,41.51317942364757,1.5,62.26976913547136,3.4594316186372978,0.01383772647454919
src/prefect/server/orchestration/dependencies.py,3,14,9,18,17,27,58.05785641096992,110.36149671375918,1.9285714285714286,212.84002937653557,11.824446076474198,0.03678716557125306
src/prefect/server/orchestration/instrumentation_policies.py,3,6,5,7,9,12,20.264662506490406,38.03910001730775,1.75,66.56842503028857,3.6982458350160314,0.012679700005769252
src/prefect/server/api/task_run_states.py,1,1,1,1,2,2,0.0,2.0,0.5,1.0,0.05555555555555555,0.0006666666666666666
src/prefect/server/api/task_runs.py,6,22,16,23,28,39,113.61727061434748,187.48684196024655,3.1363636363636362,588.0269134207732,32.668161856709624,0.06249561398674885
src/prefect/server/api/server.py,12,97,59,108,109,167,683.2110957008053,1130.2867822377466,6.680412371134021,7550.781802990307,419.48787794390597,0.3767622607459155
src/prefect/server/api/csrf_token.py,1,2,1,2,3,3,2.0,4.754887502163469,0.5,2.3774437510817346,0.1320802083934297,0.0015849625007211565
src/prefect/server/api/block_capabilities.py,0,0,0,0,0,0,0.0,0.0,0.0,0.0,0.0,0.0
src/prefect/server/api/flow_runs.py,16,67,42,77,83,119,470.42797576067073,758.6296923302841,9.194029850746269,6974.8640369470895,387.49244649706054,0.2528765641100947
src/prefect/server/api/variables.py,1,6,6,6,7,12,15.509775004326936,33.68825906469125,0.5,16.844129532345626,0.9357849740192015,0.011229419688230418
src/prefect/server/api/events.py,5,13,9,13,18,22,59.715356810271004,91.73835003173087,2.5,229.3458750793272,12.741437504407067,0.030579450010576957
src/prefect/server/api/block_schemas.py,2,5,4,5,7,9,13.60964047443681,25.26619429851844,1.0,25.26619429851844,1.403677461028802,0.008422064766172813
src/prefect/server/api/__init__.py,0,0,0,0,0,0,0.0,0.0,0.0,0.0,0.0,0.0
src/prefect/server/api/templates.py,0,0,0,0,0,0,0.0,0.0,0.0,0.0,0.0,0.0
src/prefect/server/api/concurrency_limits.py,3,10,8,11,13,19,37.974168451037094,70.30835464468075,1.65,116.00878516372323,6.444932509095735,0.02343611821489358
src/prefect/server/api/task_workers.py,1,2,1,2,3,3,2.0,4.754887502163469,0.5,2.3774437510817346,0.1320802083934297,0.0015849625007211565
src/prefect/server/api/block_types.py,2,8,6,8,10,14,26.0,46.50699332842308,1.0,46.50699332842308,2.58372185157906,0.01550233110947436
src/prefect/server/api/concurrency_limits_v2.py,8,22,16,27,30,43,122.10749561002054,210.99629561116632,4.909090909090909,1035.7999966366347,57.54444425759081,0.07033209853705544
src/prefect/server/api/admin.py,1,3,3,3,4,6,4.754887502163469,12.0,0.5,6.0,0.3333333333333333,0.004
src/prefect/server/api/collections.py,4,9,5,10,13,15,36.52932501298081,55.506595772116384,2.2222222222222223,123.34799060470309,6.852666144705727,0.01850219859070546
src/prefect/server/api/logs.py,0,0,0,0,0,0,0.0,0.0,0.0,0.0,0.0,0.0
src/prefect/server/api/automations.py,4,18,11,21,22,32,83.05865002596161,142.7018117963935,2.3333333333333335,332.9708941915849,18.498383010643604,0.04756727059879784
src/prefect/server/api/clients.py,7,14,9,17,21,26,72.95445336320968,114.20025299224778,4.25,485.3510752170531,26.963948623169617,0.03806675099741593
src/prefect/server/api/deployments.py,12,57,47,74,69,121,375.4942808160442,739.1314592701585,7.7894736842105265,5757.445051157025,319.85805839761247,0.24637715309005284
src/prefect/server/api/flows.py,6,13,10,16,19,26,63.61549134016113,110.44611534953322,3.6923076923076925,407.8010412905842,22.655613405032454,0.03681537178317774
src/prefect/server/api/artifacts.py,3,8,5,8,11,13,28.75488750216347,44.97261104228487,1.5,67.4589165634273,3.747717586857072,0.01499087034742829
src/prefect/server/api/root.py,0,0,0,0,0,0,0.0,0.0,0.0,0.0,0.0,0.0
src/prefect/server/api/workers.py,4,13,11,15,17,26,56.105716335834195,106.27403387250884,2.3076923076923075,245.24777047502036,13.624876137501131,0.03542467795750295
src/prefect/server/api/flow_run_states.py,1,1,1,1,2,2,0.0,2.0,0.5,1.0,0.05555555555555555,0.0006666666666666666
src/prefect/server/api/work_queues.py,2,6,5,6,8,11,17.509775004326936,33.0,1.0,33.0,1.8333333333333333,0.011
src/prefect/server/api/flow_run_notification_policies.py,1,3,3,3,4,6,4.754887502163469,12.0,0.5,6.0,0.3333333333333333,0.004
src/prefect/server/api/block_documents.py,2,5,4,5,7,9,13.60964047443681,25.26619429851844,1.0,25.26619429851844,1.403677461028802,0.008422064766172813
src/prefect/server/api/middleware.py,5,10,7,14,15,21,44.82892142331043,82.0447025077789,3.5,287.15645877722613,15.953136598734785,0.02734823416925963
src/prefect/server/api/dependencies.py,7,16,11,18,23,29,83.65148445440323,131.18329672565338,3.9375,516.5342308572601,28.696346158736674,0.04372776557521779
src/prefect/server/api/saved_searches.py,2,4,3,4,6,7,10.0,18.094737505048094,1.0,18.094737505048094,1.0052631947248942,0.006031579168349364
src/prefect/server/api/run_history.py,3,10,6,12,13,18,37.974168451037094,66.60791492653966,1.8,119.8942468677714,6.660791492653967,0.022202638308846556
src/prefect/server/api/validation.py,6,36,26,41,42,67,201.62707505625016,361.28526732617695,3.4166666666666665,1234.3913300311044,68.57729611283914,0.12042842244205898
src/prefect/server/api/ui/task_runs.py,4,10,6,12,14,18,41.219280948873624,68.53238859703687,2.4,164.4777326328885,9.13765181293825,0.022844129532345624
src/prefect/server/api/ui/flow_runs.py,1,2,1,2,3,3,2.0,4.754887502163469,0.5,2.3774437510817346,0.1320802083934297,0.0015849625007211565
src/prefect/server/api/ui/__init__.py,0,0,0,0,0,0,0.0,0.0,0.0,0.0,0.0,0.0
src/prefect/server/api/ui/schemas.py,0,0,0,0,0,0,0.0,0.0,0.0,0.0,0.0,0.0
src/prefect/server/api/ui/flows.py,1,2,1,2,3,3,2.0,4.754887502163469,0.5,2.3774437510817346,0.1320802083934297,0.0015849625007211565
src/prefect/server/events/triggers.py,16,118,87,158,134,245,876.1518798246973,1731.1918516621542,10.711864406779661,18544.292377126803,1030.2384653959334,0.5770639505540515
src/prefect/server/events/counting.py,8,57,41,82,65,123,356.4747308073903,740.7512410024999,5.754385964912281,4262.5685447161395,236.8093635953411,0.24691708033416665
src/prefect/server/events/actions.py,13,133,85,151,146,236,986.4582802574924,1696.7985958956842,7.379699248120301,12521.863322342962,695.6590734634979,0.565599531965228
src/prefect/server/events/__init__.py,0,0,0,0,0,0,0.0,0.0,0.0,0.0,0.0,0.0
src/prefect/server/events/stream.py,2,4,3,5,6,8,10.0,20.67970000576925,1.25,25.84962500721156,1.43609027817842,0.006893233335256416
src/prefect/server/events/jinja_filters.py,1,2,1,2,3,3,2.0,4.754887502163469,0.5,2.3774437510817346,0.1320802083934297,0.0015849625007211565
src/prefect/server/events/pipeline.py,0,0,0,0,0,0,0.0,0.0,0.0,0.0,0.0,0.0
src/prefect/server/events/clients.py,5,20,13,22,25,35,98.04820237218406,162.53496664211536,2.75,446.9711582658173,24.831731014767627,0.054178322214038455
src/prefect/server/events/ordering.py,6,19,14,27,25,41,96.22039775975506,190.3981037807637,4.2631578947368425,811.6971792758875,45.09428773754931,0.0634660345935879
src/prefect/server/events/filters.py,10,46,42,71,56,113,287.3031309274962,656.2311061925093,7.717391304347826,5064.392232572626,281.3551240318126,0.21874370206416976
src/prefect/server/events/messaging.py,2,4,2,4,6,6,10.0,15.509775004326936,1.0,15.509775004326936,0.861654166907052,0.005169925001442312
src/prefect/server/events/models/__init__.py,0,0,0,0,0,0,0.0,0.0,0.0,0.0,0.0,0.0
src/prefect/server/events/models/automations.py,6,40,26,44,46,70,228.38689879982144,386.6493369239909,3.3,1275.9428118491699,70.88571176939833,0.12888311230799698
src/prefect/server/events/models/composite_trigger_child_firing.py,2,14,10,20,16,30,55.30296890880645,120.0,1.4285714285714286,171.42857142857144,9.523809523809526,0.04
src/prefect/server/events/schemas/labelling.py,4,8,4,8,12,12,32.0,43.01955000865388,2.0,86.03910001730776,4.779950000961542,0.014339850002884626
src/prefect/server/events/schemas/events.py,9,41,28,43,50,71,248.18895720232226,400.7137894740054,4.719512195121951,1891.1736161760987,105.06520089867215,0.1335712631580018
src/prefect/server/events/schemas/__init__.py,0,0,0,0,0,0,0.0,0.0,0.0,0.0,0.0,0.0
src/prefect/server/events/schemas/automations.py,13,78,52,90,91,142,538.3670894070896,924.1068389082149,7.5,6930.801291811611,385.04451621175616,0.30803561296940496
src/prefect/server/events/storage/database.py,10,31,18,34,41,52,186.7993665708668,278.59270424014034,5.483870967741935,1527.766442607221,84.87591347817894,0.09286423474671344
src/prefect/server/events/storage/__init__.py,3,6,4,8,9,12,20.264662506490406,38.03910001730775,2.0,76.0782000346155,4.226566668589751,0.012679700005769252
src/prefect/server/events/services/triggers.py,4,8,4,8,12,12,32.0,43.01955000865388,2.0,86.03910001730776,4.779950000961542,0.014339850002884626
src/prefect/server/events/services/actions.py,3,6,3,6,9,9,20.264662506490406,28.529325012980813,1.5,42.793987519471216,2.377443751081734,0.009509775004326938
src/prefect/server/events/services/__init__.py,0,0,0,0,0,0,0.0,0.0,0.0,0.0,0.0,0.0
src/prefect/server/events/services/event_persister.py,11,25,14,27,36,41,154.1501525493784,211.9669250591348,5.94,1259.0835348512608,69.94908526951448,0.07065564168637826
src/prefect/server/events/services/event_logger.py,4,8,4,8,12,12,32.0,43.01955000865388,2.0,86.03910001730776,4.779950000961542,0.014339850002884626
src/prefect/server/services/pause_expirations.py,5,15,8,17,20,25,70.2129994085646,108.04820237218406,2.8333333333333335,306.13657338785487,17.007587410436383,0.03601606745739469
src/prefect/server/services/late_runs.py,5,14,7,14,19,21,64.91260938324326,89.20647778231529,2.5,223.01619445578822,12.389788580877124,0.029735492594105097
src/prefect/server/services/foreman.py,7,36,22,44,43,66,205.76878450632645,358.13347381033844,4.277777777777778,1532.0154157442255,85.11196754134586,0.11937782460344615
src/prefect/server/services/task_run_recorder.py,6,24,14,26,30,40,125.5488750216347,196.27562382434076,3.25,637.8957774291075,35.438654301617085,0.06542520794144692
src/prefect/server/services/__init__.py,0,0,0,0,0,0,0.0,0.0,0.0,0.0,0.0,0.0
src/prefect/server/services/telemetry.py,3,5,3,5,8,8,16.36452797660028,24.0,1.5,36.0,2.0,0.008
src/prefect/server/services/cancellation_cleanup.py,10,37,23,43,47,66,225.9690554771448,366.6028642107241,5.8108108108108105,2130.259886629883,118.34777147943795,0.12220095473690802
src/prefect/server/services/flow_run_notifications.py,4,10,6,10,14,16,41.219280948873624,60.91767875292166,2.0,121.83535750584332,6.768630972546851,0.020305892917640553
src/prefect/server/services/scheduler.py,7,28,17,34,35,51,154.25742227201613,261.5934338641933,4.25,1111.7720939228216,61.76511632904564,0.08719781128806443
src/prefect/server/services/base.py,9,26,18,33,35,51,150.74075768464922,261.5934338641933,5.711538461538462,1494.1009588012578,83.0056088222921,0.08719781128806443
src/prefect/cli/worker.py,7,21,15,29,28,44,111.8901503327572,211.52361657053456,4.833333333333333,1022.3641467575836,56.79800815319909,0.07050787219017819
src/prefect/cli/global_concurrency_limit.py,4,20,15,24,24,39,94.43856189774725,178.81353752812512,2.4,429.1524900675003,23.841805003750018,0.05960451250937504
src/prefect/cli/task.py,1,2,1,2,3,3,2.0,4.754887502163469,0.5,2.3774437510817346,0.1320802083934297,0.0015849625007211565
src/prefect/cli/_types.py,3,8,6,8,11,14,28.75488750216347,48.43204266092217,1.5,72.64806399138325,4.036003555076848,0.016144014220307392
src/prefect/cli/server.py,11,56,40,64,67,104,363.26562344023614,630.8732758076083,6.285714285714286,3965.4891622192517,220.3049534566251,0.21029109193586942
src/prefect/cli/config.py,7,42,27,52,49,79,246.12881621111117,443.5620776851015,4.333333333333333,1922.1023366354395,106.78346314641331,0.14785402589503382
src/prefect/cli/deploy.py,18,262,179,326,280,505,2179.8154764287733,4105.287923557207,11.198473282442748,45972.95712869025,2554.053173816125,1.3684293078524024
src/prefect/cli/flow_run.py,11,36,29,54,47,83,224.1710478569335,461.03087468924394,8.25,3803.5047161862626,211.30581756590348,0.15367695822974797
src/prefect/cli/artifact.py,3,11,9,14,14,23,42.808635307173745,87.56916320732489,1.9090909090909092,167.17749339580206,9.287638521989003,0.029189721069108297
src/prefect/cli/deployment.py,13,125,90,167,138,257,918.8287519185952,1826.8907853919898,8.684,15864.719580344037,881.3733100191132,0.6089635951306632
src/prefect/cli/work_pool.py,9,41,31,54,50,85,248.18895720232226,479.72777613085157,5.926829268292683,2843.264624385291,157.95914579918283,0.15990925871028386
src/prefect/cli/events.py,2,5,3,6,7,9,13.60964047443681,25.26619429851844,1.2,30.319433158222125,1.6844129532345624,0.008422064766172813
src/prefect/cli/task_run.py,10,18,17,34,28,51,108.27793097483524,245.1751010249378,9.444444444444445,2315.542620791079,128.6412567106155,0.08172503367497927
src/prefect/cli/profile.py,8,42,33,60,50,93,250.47733175670794,524.8786256490494,5.714285714285714,2999.306432280282,166.62813512668234,0.17495954188301646
src/prefect/cli/shell.py,5,16,8,16,21,24,75.60964047443682,105.41561814669026,2.5,263.53904536672565,14.641058075929202,0.03513853938223009
src/prefect/cli/__init__.py,0,0,0,0,0,0,0.0,0.0,0.0,0.0,0.0,0.0
src/prefect/cli/flow.py,2,7,3,7,9,10,21.651484454403228,31.699250014423125,1.0,31.699250014423125,1.7610694452457292,0.010566416671474375
src/prefect/cli/_prompts.py,16,103,67,134,119,201,752.7095542998715,1385.8583704248967,10.407766990291263,14423.691000927081,801.3161667181712,0.46195279014163226
src/prefect/cli/concurrency_limit.py,3,6,3,6,9,9,20.264662506490406,28.529325012980813,1.5,42.793987519471216,2.377443751081734,0.009509775004326938
src/prefect/cli/_utilities.py,0,0,0,0,0,0,0.0,0.0,0.0,0.0,0.0,0.0
src/prefect/cli/variable.py,4,10,7,11,14,18,41.219280948873624,68.53238859703687,2.2,150.77125491348113,8.37618082852673,0.022844129532345624
src/prefect/cli/dashboard.py,1,1,1,1,2,2,0.0,2.0,0.5,1.0,0.05555555555555555,0.0006666666666666666
src/prefect/cli/dev.py,7,40,25,43,47,68,232.52860824989773,377.71204191407935,3.7625,1421.1415577017235,78.95230876120687,0.12590401397135978
src/prefect/cli/root.py,6,20,14,25,26,39,101.94833690207419,183.31714900750262,3.75,687.4393087781348,38.191072709896375,0.061105716335834205
src/prefect/cli/block.py,10,46,31,56,56,87,287.3031309274962,505.2398782190116,6.086956521739131,3075.373171767897,170.8540650982165,0.16841329273967054
src/prefect/cli/work_queue.py,6,28,23,39,34,62,150.11571282193984,315.4226961575211,4.178571428571429,1318.0162660867848,73.22312589371026,0.1051408987191737
src/prefect/cli/cloud/ip_allowlist.py,8,26,17,27,34,44,146.2114326716684,223.84836501501496,4.153846153846154,929.8316700623699,51.657315003464994,0.07461612167167166
src/prefect/cli/cloud/webhook.py,3,12,8,12,15,20,47.77443751081735,78.13781191217038,1.5,117.20671786825557,6.511484326014198,0.026045937304056792
src/prefect/cli/cloud/__init__.py,14,100,74,132,114,206,717.6885878862789,1407.575342917937,9.24,13005.996168561738,722.5553426978744,0.46919178097264563
src/prefect/utilities/services.py,7,17,13,24,24,37,89.13835275565901,169.6436125266828,4.9411764705882355,838.2390266024327,46.56883481124626,0.0565478708422276
src/prefect/utilities/asyncutils.py,4,21,12,23,25,35,100.23866587835397,162.53496664211536,2.1904761904761907,356.02897454939557,19.77938747496642,0.054178322214038455
src/prefect/utilities/compat.py,1,2,1,2,3,3,2.0,4.754887502163469,0.5,2.3774437510817346,0.1320802083934297,0.0015849625007211565
src/prefect/utilities/render_swagger.py,5,17,11,21,22,32,81.0965087756926,142.7018117963935,3.088235294117647,440.69677172415646,24.483153984675358,0.04756727059879784
src/prefect/utilities/slugify.py,0,0,0,0,0,0,0.0,0.0,0.0,0.0,0.0,0.0
src/prefect/utilities/processutils.py,7,42,24,47,49,71,246.12881621111117,398.6443989321798,3.9166666666666665,1561.3572291510375,86.74206828616875,0.1328814663107266
src/prefect/utilities/_deprecated.py,0,0,0,0,0,0,0.0,0.0,0.0,0.0,0.0,0.0
src/prefect/utilities/templating.py,7,62,41,79,69,120,388.81165569838953,733.0229348133804,4.459677419354839,3269.0458302564466,181.61365723646927,0.2443409782711268
src/prefect/utilities/callables.py,13,71,45,81,84,126,484.7377618206666,805.4319952701237,7.415492957746479,5972.675288869298,331.8152938260721,0.2684773317567079
src/prefect/utilities/dispatch.py,9,26,15,29,35,44,150.74075768464922,225.68845274557853,5.019230769230769,1132.7824262806923,62.93235701559402,0.07522948424852617
src/prefect/utilities/filesystem.py,9,30,17,31,39,48,175.7360428812364,253.69930650538794,4.65,1179.701775250054,65.53898751389188,0.08456643550179598
src/prefect/utilities/timeout.py,2,5,3,5,7,8,13.60964047443681,22.458839376460833,1.0,22.458839376460833,1.2477132986922685,0.007486279792153611
src/prefect/utilities/__init__.py,0,0,0,0,0,0,0.0,0.0,0.0,0.0,0.0,0.0
src/prefect/utilities/_engine.py,5,14,9,14,19,23,64.91260938324326,97.70233280920246,2.5,244.25583202300615,13.569768445722564,0.03256744426973415
src/prefect/utilities/importtools.py,12,56,37,72,68,109,368.23142564387973,663.5334496962871,7.714285714285714,5118.686611942786,284.3714784412659,0.22117781656542904
src/prefect/utilities/pydantic.py,12,37,23,42,49,65,235.76932453692504,364.95613986748856,6.8108108108108105,2485.647222881273,138.09151238229296,0.1216520466224962
src/prefect/utilities/visualization.py,7,16,9,16,23,25,83.65148445440323,113.08904890142533,3.5,395.81167115498863,21.989537286388256,0.03769634963380844
src/prefect/utilities/names.py,5,13,8,14,18,22,59.715356810271004,91.73835003173087,2.6923076923076925,246.98786547004468,13.721548081669148,0.030579450010576957
src/prefect/utilities/dockerutils.py,14,100,75,134,114,209,717.6885878862789,1428.0740129604312,9.38,13395.334241568846,744.1852356427137,0.4760246709868104
src/prefect/utilities/engine.py,12,75,50,89,87,139,510.1809517958449,895.5691459229733,7.12,6376.45231897157,354.2473510539761,0.2985230486409911
src/prefect/utilities/context.py,0,0,0,0,0,0,0.0,0.0,0.0,0.0,0.0,0.0
src/prefect/utilities/collections.py,10,53,33,60,63,93,336.79906504072324,555.8870328854922,5.660377358490566,3146.5303748235406,174.80724304575224,0.1852956776284974
src/prefect/utilities/text.py,7,11,7,12,18,19,57.705232259413506,79.22857502740393,3.8181818181818183,302.50910465008775,16.80606136944932,0.026409525009134644
src/prefect/utilities/math.py,8,28,18,34,36,52,158.6059378176129,268.8361000750002,4.857142857142857,1305.7753432214295,72.54307462341275,0.08961203335833341
src/prefect/utilities/_git.py,1,2,1,2,3,3,2.0,4.754887502163469,0.5,2.3774437510817346,0.1320802083934297,0.0015849625007211565
src/prefect/utilities/urls.py,10,39,35,62,49,97,239.34996748450132,544.6268548791752,7.948717948717949,4329.085256731905,240.50473648510584,0.18154228495972508
src/prefect/utilities/annotations.py,1,2,1,2,3,3,2.0,4.754887502163469,0.5,2.3774437510817346,0.1320802083934297,0.0015849625007211565
src/prefect/utilities/hashing.py,0,0,0,0,0,0,0.0,0.0,0.0,0.0,0.0,0.0
src/prefect/utilities/generics.py,0,0,0,0,0,0,0.0,0.0,0.0,0.0,0.0,0.0
src/prefect/utilities/schema_tools/__init__.py,0,0,0,0,0,0,0.0,0.0,0.0,0.0,0.0,0.0
src/prefect/utilities/schema_tools/hydration.py,8,37,22,41,45,63,216.74977452827116,345.9867450687695,4.4324324324324325,1533.5628700345458,85.19793722414143,0.11532891502292317
src/prefect/utilities/schema_tools/validation.py,8,42,27,49,50,76,250.47733175670794,428.93307042287904,4.666666666666667,2001.6876619734358,111.20487010963532,0.14297769014095968
src/prefect/testing/__init__.py,0,0,0,0,0,0,0.0,0.0,0.0,0.0,0.0,0.0
src/prefect/testing/docker.py,0,0,0,0,0,0,0.0,0.0,0.0,0.0,0.0,0.0
src/prefect/testing/cli.py,9,29,22,41,38,63,169.41077387168042,330.61943334694587,6.362068965517241,2103.4236362935003,116.85686868297223,0.11020647778231529
src/prefect/testing/utilities.py,8,28,15,30,36,45,158.6059378176129,232.64662506490404,4.285714285714286,997.0569645638744,55.392053586881914,0.07754887502163468
src/prefect/testing/fixtures.py,9,43,25,47,52,72,261.858709465171,410.43165970615865,4.9186046511627906,2018.7510704151757,112.15283724528754,0.1368105532353862
src/prefect/testing/standard_test_suites/__init__.py,0,0,0,0,0,0,0.0,0.0,0.0,0.0,0.0,0.0
src/prefect/testing/standard_test_suites/blocks.py,3,9,6,11,12,17,33.28421251514428,60.94436251225966,1.8333333333333333,111.73133127247604,6.2072961818042245,0.020314787504086555
src/prefect/concurrency/sync.py,2,4,3,4,6,7,10.0,18.094737505048094,1.0,18.094737505048094,1.0052631947248942,0.006031579168349364
src/prefect/concurrency/services.py,6,9,7,13,15,20,44.039100017307746,78.13781191217038,4.333333333333333,338.5971849527383,18.810954719596573,0.026045937304056792
src/prefect/concurrency/_asyncio.py,1,1,1,1,2,2,0.0,2.0,0.5,1.0,0.05555555555555555,0.0006666666666666666
src/prefect/concurrency/asyncio.py,2,4,3,4,6,7,10.0,18.094737505048094,1.0,18.094737505048094,1.0052631947248942,0.006031579168349364
src/prefect/concurrency/__init__.py,0,0,0,0,0,0,0.0,0.0,0.0,0.0,0.0,0.0
src/prefect/concurrency/context.py,0,0,0,0,0,0,0.0,0.0,0.0,0.0,0.0,0.0
src/prefect/concurrency/_events.py,1,1,1,2,2,3,0.0,3.0,1.0,3.0,0.16666666666666666,0.001
src/prefect/concurrency/v1/sync.py,2,4,3,4,6,7,10.0,18.094737505048094,1.0,18.094737505048094,1.0052631947248942,0.006031579168349364
src/prefect/concurrency/v1/services.py,2,3,2,3,5,5,6.754887502163469,11.60964047443681,1.0,11.60964047443681,0.6449800263576005,0.0038698801581456034
src/prefect/concurrency/v1/_asyncio.py,1,2,1,2,3,3,2.0,4.754887502163469,0.5,2.3774437510817346,0.1320802083934297,0.0015849625007211565
src/prefect/concurrency/v1/asyncio.py,2,5,4,5,7,9,13.60964047443681,25.26619429851844,1.0,25.26619429851844,1.403677461028802,0.008422064766172813
src/prefect/concurrency/v1/__init__.py,0,0,0,0,0,0,0.0,0.0,0.0,0.0,0.0,0.0
src/prefect/concurrency/v1/context.py,0,0,0,0,0,0,0.0,0.0,0.0,0.0,0.0,0.0
src/prefect/concurrency/v1/_events.py,1,1,1,2,2,3,0.0,3.0,1.0,3.0,0.16666666666666666,0.001
src/prefect/workers/server.py,1,1,1,1,2,2,0.0,2.0,0.5,1.0,0.05555555555555555,0.0006666666666666666
src/prefect/workers/cloud.py,0,0,0,0,0,0,0.0,0.0,0.0,0.0,0.0,0.0
src/prefect/workers/__init__.py,0,0,0,0,0,0,0.0,0.0,0.0,0.0,0.0,0.0
src/prefect/workers/process.py,6,15,10,19,21,29,74.11313393845472,127.37720526058406,3.8,484.03337999021943,26.890743332789967,0.04245906842019469
src/prefect/workers/block.py,0,0,0,0,0,0,0.0,0.0,0.0,0.0,0.0,0.0
src/prefect/workers/utilities.py,2,4,2,4,6,6,10.0,15.509775004326936,1.0,15.509775004326936,0.861654166907052,0.005169925001442312
src/prefect/workers/base.py,13,155,92,172,168,264,1175.9049991533411,1951.571799613593,7.212903225806452,14076.498528825787,782.0276960458771,0.650523933204531
src/prefect/telemetry/bootstrap.py,2,4,3,4,6,7,10.0,18.094737505048094,1.0,18.094737505048094,1.0052631947248942,0.006031579168349364
src/prefect/telemetry/logging.py,0,0,0,0,0,0,0.0,0.0,0.0,0.0,0.0,0.0
src/prefect/telemetry/instrumentation.py,2,4,2,4,6,6,10.0,15.509775004326936,1.0,15.509775004326936,0.861654166907052,0.005169925001442312
src/prefect/telemetry/services.py,0,0,0,0,0,0,0.0,0.0,0.0,0.0,0.0,0.0
src/prefect/telemetry/run_telemetry.py,8,31,20,36,39,56,177.58008562199316,295.98252425628596,4.645161290322581,1374.8865642872638,76.38258690484798,0.09866084141876198
src/prefect/telemetry/__init__.py,0,0,0,0,0,0,0.0,0.0,0.0,0.0,0.0,0.0
src/prefect/telemetry/processors.py,2,11,8,11,13,19,40.053747805010275,70.30835464468075,1.0,70.30835464468075,3.9060197024822636,0.02343611821489358
src/prefect/events/worker.py,6,14,7,15,20,22,68.81274391313339,95.08241808752197,3.2142857142857144,305.6220581384635,16.97900322991464,0.031694139362507326
src/prefect/events/related.py,9,23,15,28,32,43,132.57125000229212,215.0,5.478260869565218,1177.8260869565217,65.43478260869566,0.07166666666666667
src/prefect/events/actions.py,3,18,9,18,21,27,79.81353752812508,118.59257041502654,1.5,177.8888556225398,9.882714201252211,0.03953085680500885
src/prefect/events/__init__.py,0,0,0,0,0,0,0.0,0.0,0.0,0.0,0.0,0.0
src/prefect/events/clients.py,11,64,48,86,75,134,422.0537478050103,834.661704526448,7.390625,6168.67166001578,342.7039811119878,0.2782205681754827
src/prefect/events/utilities.py,7,12,11,19,19,30,62.67103446305711,127.43782540330756,5.541666666666667,706.2179491099961,39.234330506110894,0.042479275134435855
src/prefect/events/filters.py,4,22,19,26,26,45,106.10749561002054,211.51978731634918,2.3636363636363638,499.9558609295526,27.775325607197367,0.07050659577211639
src/prefect/events/cli/__init__.py,0,0,0,0,0,0,0.0,0.0,0.0,0.0,0.0,0.0
src/prefect/events/cli/automations.py,6,46,32,47,52,79,269.5936249829495,450.3347377331463,3.0652173913043477,1380.3738700081224,76.68743722267347,0.1501115792443821
src/prefect/events/schemas/labelling.py,4,8,4,8,12,12,32.0,43.01955000865388,2.0,86.03910001730776,4.779950000961542,0.014339850002884626
src/prefect/events/schemas/events.py,8,37,26,39,45,65,216.74977452827116,356.9704512614289,4.216216216216216,1505.0646053184566,83.61470029546982,0.1189901504204763
src/prefect/events/schemas/__init__.py,0,0,0,0,0,0,0.0,0.0,0.0,0.0,0.0,0.0
src/prefect/events/schemas/automations.py,10,25,21,40,35,61,149.31568569324173,312.88626403364293,8.0,2503.0901122691434,139.0605617927302,0.10429542134454764
src/prefect/events/schemas/deployment_triggers.py,0,0,0,0,0,0,0.0,0.0,0.0,0.0,0.0,0.0
src/prefect/infrastructure/__init__.py,0,0,0,0,0,0,0.0,0.0,0.0,0.0,0.0,0.0
src/prefect/infrastructure/base.py,0,0,0,0,0,0,0.0,0.0,0.0,0.0,0.0,0.0
src/prefect/infrastructure/provisioners/coiled.py,4,15,11,18,19,29,66.60335893412778,123.18989788986397,2.4,295.65575493567354,16.42531971864853,0.04106329929662132
src/prefect/infrastructure/provisioners/__init__.py,1,2,1,2,3,3,2.0,4.754887502163469,0.5,2.3774437510817346,0.1320802083934297,0.0015849625007211565
src/prefect/infrastructure/provisioners/cloud_run.py,6,22,12,22,28,34,113.61727061434748,163.45006734995852,3.0,490.3502020498755,27.24167789165975,0.054483355783319504
src/prefect/infrastructure/provisioners/modal.py,4,15,11,18,19,29,66.60335893412778,123.18989788986397,2.4,295.65575493567354,16.42531971864853,0.04106329929662132
src/prefect/infrastructure/provisioners/container_instance.py,10,40,24,41,50,65,246.09640474436813,366.8506523353571,5.125,1880.1095932187052,104.45053295659473,0.12228355077845236
src/prefect/infrastructure/provisioners/ecs.py,11,49,39,75,60,114,313.1745301666555,673.3855278993711,8.418367346938776,5668.806739969196,314.93370777606646,0.22446184263312371
src/prefect/client/cloud.py,6,23,15,27,29,42,119.55169999363824,204.03520179535806,3.5217391304347827,718.5587541488698,39.91993078604832,0.06801173393178601
src/prefect/client/constants.py,0,0,0,0,0,0,0.0,0.0,0.0,0.0,0.0,0.0
src/prefect/client/subscriptions.py,4,10,6,11,14,17,41.219280948873624,64.72503367497926,2.2,142.3950740849544,7.9108374491641325,0.021575011224993085
src/prefect/client/__init__.py,0,0,0,0,0,0,0.0,0.0,0.0,0.0,0.0,0.0
src/prefect/client/collections.py,1,2,1,2,3,3,2.0,4.754887502163469,0.5,2.3774437510817346,0.1320802083934297,0.0015849625007211565
src/prefect/client/utilities.py,6,12,7,13,18,20,58.52932501298082,83.39850002884624,3.25,271.0451250937503,15.05806250520835,0.027799500009615414
src/prefect/client/base.py,14,75,71,138,89,209,520.4643706959974,1353.4282870719771,12.88,17432.156337487068,968.4531298603927,0.4511427623573257
src/prefect/client/types/flexible_schedule_list.py,0,0,0,0,0,0,0.0,0.0,0.0,0.0,0.0,0.0
src/prefect/client/types/__init__.py,0,0,0,0,0,0,0.0,0.0,0.0,0.0,0.0,0.0
src/prefect/client/schemas/responses.py,1,2,1,2,3,3,2.0,4.754887502163469,0.5,2.3774437510817346,0.1320802083934297,0.0015849625007211565
src/prefect/client/schemas/sorting.py,0,0,0,0,0,0,0.0,0.0,0.0,0.0,0.0,0.0
src/prefect/client/schemas/actions.py,4,21,19,38,25,57,100.23866587835397,264.6998028171593,3.619047619047619,957.9611911478147,53.220066174878596,0.08823326760571977
src/prefect/client/schemas/__init__.py,3,6,3,6,9,9,20.264662506490406,28.529325012980813,1.5,42.793987519471216,2.377443751081734,0.009509775004326938
src/prefect/client/schemas/objects.py,10,69,39,74,79,113,454.7074684665674,712.3272245440127,5.36231884057971,3819.7256968302127,212.20698315723405,0.23744240818133755
src/prefect/client/schemas/filters.py,0,0,0,0,0,0,0.0,0.0,0.0,0.0,0.0,0.0
src/prefect/client/schemas/schedules.py,8,41,30,58,49,88,243.65963218934144,494.09446628213834,5.658536585365853,2795.851614084295,155.3250896713497,0.16469815542737945
src/prefect/client/orchestration/__init__.py,13,112,82,153,125,235,810.5294676062858,1636.9593068955905,8.879464285714286,14535.32170274701,807.5178723748338,0.5456531022985301
src/prefect/client/orchestration/base.py,0,0,0,0,0,0,0.0,0.0,0.0,0.0,0.0,0.0
src/prefect/client/orchestration/routes.py,0,0,0,0,0,0,0.0,0.0,0.0,0.0,0.0,0.0
src/prefect/client/orchestration/_blocks_types/client.py,2,18,16,32,20,48,77.05865002596161,207.45254855459342,1.7777777777777777,368.80453076372163,20.489140597984534,0.0691508495181978
src/prefect/client/orchestration/_blocks_types/__init__.py,0,0,0,0,0,0,0.0,0.0,0.0,0.0,0.0,0.0
src/prefect/client/orchestration/_work_pools/client.py,5,25,22,46,30,68,127.70604521880493,333.66856050137926,4.6,1534.8753783063444,85.27085435035247,0.11122285350045975
src/prefect/client/orchestration/_work_pools/__init__.py,0,0,0,0,0,0,0.0,0.0,0.0,0.0,0.0,0.0
src/prefect/client/orchestration/_variables/client.py,1,4,4,8,5,12,8.0,27.863137138648348,1.0,27.863137138648348,1.5479520632582415,0.00928771237954945
src/prefect/client/orchestration/_variables/__init__.py,0,0,0,0,0,0,0.0,0.0,0.0,0.0,0.0,0.0
src/prefect/client/orchestration/_blocks_schemas/client.py,1,4,4,8,5,12,8.0,27.863137138648348,1.0,27.863137138648348,1.5479520632582415,0.00928771237954945
src/prefect/client/orchestration/_blocks_schemas/__init__.py,0,0,0,0,0,0,0.0,0.0,0.0,0.0,0.0,0.0
src/prefect/client/orchestration/_flow_runs/client.py,4,26,28,56,30,84,130.2114326716684,412.1788100311156,4.3076923076923075,1775.5394893648054,98.64108274248919,0.13739293667703853
src/prefect/client/orchestration/_flow_runs/__init__.py,0,0,0,0,0,0,0.0,0.0,0.0,0.0,0.0,0.0
src/prefect/client/orchestration/_logs/client.py,1,2,2,4,3,6,2.0,9.509775004326938,1.0,9.509775004326938,0.5283208335737188,0.003169925001442313
src/prefect/client/orchestration/_logs/__init__.py,0,0,0,0,0,0,0.0,0.0,0.0,0.0,0.0,0.0
src/prefect/client/orchestration/_flows/client.py,2,3,4,6,5,10,6.754887502163469,23.21928094887362,2.0,46.43856189774724,2.579920105430402,0.007739760316291207
src/prefect/client/orchestration/_flows/__init__.py,0,0,0,0,0,0,0.0,0.0,0.0,0.0,0.0,0.0
src/prefect/client/orchestration/_blocks_documents/client.py,1,8,8,16,9,24,24.0,76.0782000346155,1.0,76.0782000346155,4.226566668589751,0.025359400011538503
src/prefect/client/orchestration/_blocks_documents/__init__.py,0,0,0,0,0,0,0.0,0.0,0.0,0.0,0.0,0.0
src/prefect/client/orchestration/_deployments/client.py,7,58,54,102,65,156,359.41438217180234,939.4893788324389,6.155172413793103,5782.719107641046,321.2621726467248,0.3131631262774796
src/prefect/client/orchestration/_deployments/__init__.py,0,0,0,0,0,0,0.0,0.0,0.0,0.0,0.0,0.0
src/prefect/client/orchestration/_concurrency_limits/client.py,4,18,22,38,22,60,83.05865002596161,267.56589711823784,4.222222222222222,1129.7226767214488,62.762370928969375,0.08918863237274595
src/prefect/client/orchestration/_concurrency_limits/__init__.py,0,0,0,0,0,0,0.0,0.0,0.0,0.0,0.0,0.0
src/prefect/client/orchestration/_artifacts/client.py,1,2,2,4,3,6,2.0,9.509775004326938,1.0,9.509775004326938,0.5283208335737188,0.003169925001442313
src/prefect/client/orchestration/_artifacts/__init__.py,0,0,0,0,0,0,0.0,0.0,0.0,0.0,0.0,0.0
src/prefect/client/orchestration/_automations/client.py,1,11,10,20,12,30,38.053747805010275,107.5488750216347,0.9090909090909091,97.77170456512245,5.431761364729025,0.03584962500721157
src/prefect/client/orchestration/_automations/__init__.py,0,0,0,0,0,0,0.0,0.0,0.0,0.0,0.0,0.0
src/prefect/logging/configuration.py,4,7,4,7,11,11,27.651484454403228,38.053747805010275,2.0,76.10749561002055,4.228194200556697,0.012684582601670092
src/prefect/logging/formatters.py,4,10,6,12,14,18,41.219280948873624,68.53238859703687,2.4,164.4777326328885,9.13765181293825,0.022844129532345624
src/prefect/logging/loggers.py,7,30,20,36,37,56,166.8582023226588,291.7293884752212,4.2,1225.263431595929,68.07019064421827,0.0972431294917404
src/prefect/logging/handlers.py,7,30,18,32,37,50,166.8582023226588,260.4726682814475,3.7333333333333334,972.4312949174041,54.02396082874467,0.0868242227604825
src/prefect/logging/__init__.py,0,0,0,0,0,0,0.0,0.0,0.0,0.0,0.0,0.0
src/prefect/logging/highlighters.py,1,5,4,8,6,12,11.60964047443681,31.019550008653873,0.8,24.8156400069231,1.3786466670512834,0.010339850002884624
src/prefect/logging/filters.py,0,0,0,0,0,0,0.0,0.0,0.0,0.0,0.0,0.0
src/prefect/deployments/runner.py,9,127,82,143,136,225,916.0922802330459,1594.6791392813266,5.066929133858268,8080.1261899805795,448.8958994433655,0.5315597130937755
src/prefect/deployments/flow_runs.py,6,15,10,20,21,30,74.11313393845472,131.76952268336282,4.0,527.0780907334513,29.282116151858403,0.04392317422778761
src/prefect/deployments/__init__.py,2,4,2,4,6,6,10.0,15.509775004326936,1.0,15.509775004326936,0.861654166907052,0.005169925001442312
src/prefect/deployments/deployments.py,0,0,0,0,0,0,0.0,0.0,0.0,0.0,0.0,0.0
src/prefect/deployments/base.py,9,49,31,59,58,90,303.650107374626,527.2182895614815,5.418367346938775,2856.6623648688433,158.70346471493573,0.17573942985382715
src/prefect/deployments/schedules.py,1,4,2,4,5,6,8.0,13.931568569324174,0.5,6.965784284662087,0.3869880158145604,0.004643856189774725
src/prefect/deployments/steps/pull.py,1,4,2,4,5,6,8.0,13.931568569324174,0.5,6.965784284662087,0.3869880158145604,0.004643856189774725
src/prefect/deployments/steps/utility.py,3,9,5,9,12,14,33.28421251514428,50.18947501009619,1.5,75.28421251514428,4.182456250841349,0.016729825003365395
src/prefect/deployments/steps/__init__.py,0,0,0,0,0,0,0.0,0.0,0.0,0.0,0.0,0.0
src/prefect/deployments/steps/core.py,6,12,8,12,18,20,58.52932501298082,83.39850002884624,3.0,250.19550008653874,13.899750004807707,0.027799500009615414
