file,type,rank,complexity,col_offset,lineno,endline,name
src/integrations/prefect-dbt/prefect_dbt/__init__.py,function,A,4,0,28,41,__getattr__
src/integrations/prefect-dbt/prefect_dbt/utilities.py,function,A,3,0,19,41,load_profiles_yml
src/integrations/prefect-dbt/prefect_dbt/utilities.py,function,A,2,0,11,16,get_profiles_dir
src/integrations/prefect-dbt/prefect_dbt/core/runner.py,method,C,14,4,89,179,_emit_lineage_event
src/integrations/prefect-dbt/prefect_dbt/core/runner.py,method,C,14,4,393,452,invoke
src/integrations/prefect-dbt/prefect_dbt/core/runner.py,method,C,13,4,334,391,ainvoke
src/integrations/prefect-dbt/prefect_dbt/core/runner.py,class,B,6,0,58,487,PrefectDbtRunner
src/integrations/prefect-dbt/prefect_dbt/core/runner.py,method,B,6,4,292,332,parse
src/integrations/prefect-dbt/prefect_dbt/core/runner.py,method,A,5,4,183,210,_emit_node_event
src/integrations/prefect-dbt/prefect_dbt/core/runner.py,method,A,5,4,470,487,emit_lineage_events
src/integrations/prefect-dbt/prefect_dbt/core/runner.py,method,A,4,4,454,468,aemit_lineage_events
src/integrations/prefect-dbt/prefect_dbt/core/runner.py,method,A,3,4,73,83,__init__
src/integrations/prefect-dbt/prefect_dbt/core/runner.py,method,A,2,4,216,245,_create_logging_callback
src/integrations/prefect-dbt/prefect_dbt/core/runner.py,method,A,1,4,85,87,_get_manifest_depends_on_nodes
src/integrations/prefect-dbt/prefect_dbt/core/runner.py,method,A,1,4,213,214,_get_dbt_event_msg
src/integrations/prefect-dbt/prefect_dbt/core/runner.py,method,A,1,4,247,248,_get_dbt_event_node_id
src/integrations/prefect-dbt/prefect_dbt/core/runner.py,method,A,1,4,250,290,_create_events_callback
src/integrations/prefect-dbt/prefect_dbt/core/settings.py,class,A,1,0,12,17,PrefectDbtSettings
src/integrations/prefect-dbt/prefect_dbt/core/profiles.py,function,A,3,0,35,57,load_profiles_yml
src/integrations/prefect-dbt/prefect_dbt/core/profiles.py,function,A,2,0,27,32,get_profiles_dir
src/integrations/prefect-dbt/prefect_dbt/core/profiles.py,function,A,1,0,60,77,replace_with_env_var_call
src/integrations/prefect-dbt/prefect_dbt/core/profiles.py,function,A,1,0,81,115,aresolve_profiles_yml
src/integrations/prefect-dbt/prefect_dbt/core/profiles.py,function,A,1,0,119,155,resolve_profiles_yml
src/integrations/prefect-dbt/prefect_dbt/cli/credentials.py,function,A,3,0,26,35,target_configs_discriminator
src/integrations/prefect-dbt/prefect_dbt/cli/credentials.py,class,A,3,0,38,169,DbtCliProfile
src/integrations/prefect-dbt/prefect_dbt/cli/credentials.py,method,A,2,4,155,169,get_profile
src/integrations/prefect-dbt/prefect_dbt/cli/commands.py,function,C,18,0,26,218,trigger_dbt_cli_command
src/integrations/prefect-dbt/prefect_dbt/cli/commands.py,function,C,13,0,925,987,_create_unsuccessful_markdown
src/integrations/prefect-dbt/prefect_dbt/cli/commands.py,function,B,10,0,850,879,create_summary_markdown
src/integrations/prefect-dbt/prefect_dbt/cli/commands.py,function,B,10,0,990,1012,consolidate_run_results
src/integrations/prefect-dbt/prefect_dbt/cli/commands.py,method,B,7,4,329,367,_find_valid_profiles_dir
src/integrations/prefect-dbt/prefect_dbt/cli/commands.py,class,A,5,0,221,398,DbtCoreOperation
src/integrations/prefect-dbt/prefect_dbt/cli/commands.py,method,A,3,4,369,382,_append_dirs_to_commands
src/integrations/prefect-dbt/prefect_dbt/cli/commands.py,function,A,2,0,882,909,_create_node_info_md
src/integrations/prefect-dbt/prefect_dbt/cli/commands.py,function,A,1,0,403,472,run_dbt_build
src/integrations/prefect-dbt/prefect_dbt/cli/commands.py,function,A,1,0,477,547,run_dbt_model
src/integrations/prefect-dbt/prefect_dbt/cli/commands.py,function,A,1,0,552,622,run_dbt_test
src/integrations/prefect-dbt/prefect_dbt/cli/commands.py,function,A,1,0,627,697,run_dbt_snapshot
src/integrations/prefect-dbt/prefect_dbt/cli/commands.py,function,A,1,0,702,772,run_dbt_seed
src/integrations/prefect-dbt/prefect_dbt/cli/commands.py,function,A,1,0,777,847,run_dbt_source_freshness
src/integrations/prefect-dbt/prefect_dbt/cli/commands.py,function,A,1,0,912,922,_create_node_summary_table_md
src/integrations/prefect-dbt/prefect_dbt/cli/commands.py,method,A,1,4,384,398,_compile_kwargs
src/integrations/prefect-dbt/prefect_dbt/cli/configs/bigquery.py,class,C,13,0,22,149,BigQueryTargetConfigs
src/integrations/prefect-dbt/prefect_dbt/cli/configs/bigquery.py,method,C,12,4,70,149,get_configs
src/integrations/prefect-dbt/prefect_dbt/cli/configs/snowflake.py,class,B,8,0,21,133,SnowflakeTargetConfigs
src/integrations/prefect-dbt/prefect_dbt/cli/configs/snowflake.py,method,B,7,4,81,133,get_configs
src/integrations/prefect-dbt/prefect_dbt/cli/configs/postgres.py,class,B,8,0,16,88,PostgresTargetConfigs
src/integrations/prefect-dbt/prefect_dbt/cli/configs/postgres.py,method,B,7,4,47,88,get_configs
src/integrations/prefect-dbt/prefect_dbt/cli/configs/base.py,method,C,15,4,41,94,_populate_configs_json
src/integrations/prefect-dbt/prefect_dbt/cli/configs/base.py,class,C,13,0,137,235,TargetConfigs
src/integrations/prefect-dbt/prefect_dbt/cli/configs/base.py,method,C,12,4,166,235,from_profiles_yml
src/integrations/prefect-dbt/prefect_dbt/cli/configs/base.py,class,B,9,0,14,103,DbtConfigs
src/integrations/prefect-dbt/prefect_dbt/cli/configs/base.py,class,B,7,0,106,134,BaseTargetConfigs
src/integrations/prefect-dbt/prefect_dbt/cli/configs/base.py,method,B,6,4,125,134,handle_target_configs
src/integrations/prefect-dbt/prefect_dbt/cli/configs/base.py,class,A,2,0,347,353,MissingExtrasRequireError
src/integrations/prefect-dbt/prefect_dbt/cli/configs/base.py,method,A,1,4,96,103,get_configs
src/integrations/prefect-dbt/prefect_dbt/cli/configs/base.py,class,A,1,0,239,342,GlobalConfigs
src/integrations/prefect-dbt/prefect_dbt/cli/configs/base.py,method,A,1,4,348,353,__init__
src/integrations/prefect-dbt/prefect_dbt/cloud/models.py,function,A,4,0,10,26,default_cause_factory
src/integrations/prefect-dbt/prefect_dbt/cloud/models.py,class,A,1,0,29,69,TriggerJobRunOptions
src/integrations/prefect-dbt/prefect_dbt/cloud/credentials.py,class,A,2,0,15,185,DbtCloudCredentials
src/integrations/prefect-dbt/prefect_dbt/cloud/credentials.py,method,A,2,4,169,185,get_client
src/integrations/prefect-dbt/prefect_dbt/cloud/credentials.py,method,A,1,4,79,90,get_administrative_client
src/integrations/prefect-dbt/prefect_dbt/cloud/credentials.py,method,A,1,4,93,166,get_metadata_client
src/integrations/prefect-dbt/prefect_dbt/cloud/jobs.py,function,D,24,0,416,537,_build_trigger_job_run_options
src/integrations/prefect-dbt/prefect_dbt/cloud/jobs.py,method,C,19,4,849,939,_build_trigger_job_run_options
src/integrations/prefect-dbt/prefect_dbt/cloud/jobs.py,function,B,9,0,249,412,trigger_dbt_cloud_job_run_and_wait_for_completion
src/integrations/prefect-dbt/prefect_dbt/cloud/jobs.py,method,B,6,4,810,847,_select_unsuccessful_commands
src/integrations/prefect-dbt/prefect_dbt/cloud/jobs.py,class,A,5,0,637,964,DbtCloudJobRun
src/integrations/prefect-dbt/prefect_dbt/cloud/jobs.py,method,A,5,4,652,694,_wait_until_state
src/integrations/prefect-dbt/prefect_dbt/cloud/jobs.py,method,A,5,4,739,771,fetch_result
src/integrations/prefect-dbt/prefect_dbt/cloud/jobs.py,function,A,4,0,103,196,trigger_dbt_cloud_job_run
src/integrations/prefect-dbt/prefect_dbt/cloud/jobs.py,class,A,4,0,967,1087,DbtCloudJob
src/integrations/prefect-dbt/prefect_dbt/cloud/jobs.py,function,A,3,0,547,634,retry_dbt_cloud_job_run_subset_and_wait_for_completion
src/integrations/prefect-dbt/prefect_dbt/cloud/jobs.py,function,A,3,0,1091,1136,run_dbt_cloud_job
src/integrations/prefect-dbt/prefect_dbt/cloud/jobs.py,method,A,3,4,776,808,get_run_artifacts
src/integrations/prefect-dbt/prefect_dbt/cloud/jobs.py,method,A,3,4,1054,1087,trigger
src/integrations/prefect-dbt/prefect_dbt/cloud/jobs.py,function,A,2,0,50,93,get_dbt_cloud_job_info
src/integrations/prefect-dbt/prefect_dbt/cloud/jobs.py,function,A,2,0,203,241,get_run_id
src/integrations/prefect-dbt/prefect_dbt/cloud/jobs.py,method,A,2,4,697,711,get_run
src/integrations/prefect-dbt/prefect_dbt/cloud/jobs.py,method,A,2,4,942,964,retry_failed_steps
src/integrations/prefect-dbt/prefect_dbt/cloud/jobs.py,method,A,2,4,1033,1051,get_job
src/integrations/prefect-dbt/prefect_dbt/cloud/jobs.py,method,A,1,4,643,646,__init__
src/integrations/prefect-dbt/prefect_dbt/cloud/jobs.py,method,A,1,4,649,650,_log_prefix
src/integrations/prefect-dbt/prefect_dbt/cloud/jobs.py,method,A,1,4,714,723,get_status_code
src/integrations/prefect-dbt/prefect_dbt/cloud/jobs.py,method,A,1,4,726,735,wait_for_completion
src/integrations/prefect-dbt/prefect_dbt/cloud/utils.py,function,A,3,0,55,149,call_dbt_cloud_administrative_api_endpoint
src/integrations/prefect-dbt/prefect_dbt/cloud/utils.py,function,A,1,0,12,25,extract_user_message
src/integrations/prefect-dbt/prefect_dbt/cloud/utils.py,function,A,1,0,28,42,extract_developer_message
src/integrations/prefect-dbt/prefect_dbt/cloud/utils.py,class,A,1,0,45,46,DbtCloudAdministrativeApiCallFailed
src/integrations/prefect-dbt/prefect_dbt/cloud/clients.py,method,A,3,4,179,189,__aenter__
src/integrations/prefect-dbt/prefect_dbt/cloud/clients.py,class,A,2,0,13,193,DbtCloudAdministrativeClient
src/integrations/prefect-dbt/prefect_dbt/cloud/clients.py,method,A,2,4,64,81,get_job
src/integrations/prefect-dbt/prefect_dbt/cloud/clients.py,method,A,2,4,84,104,trigger_job_run
src/integrations/prefect-dbt/prefect_dbt/cloud/clients.py,method,A,2,4,107,130,get_run
src/integrations/prefect-dbt/prefect_dbt/cloud/clients.py,method,A,2,4,133,152,list_run_artifacts
src/integrations/prefect-dbt/prefect_dbt/cloud/clients.py,method,A,2,4,155,176,get_run_artifact
src/integrations/prefect-dbt/prefect_dbt/cloud/clients.py,class,A,2,0,196,235,DbtCloudMetadataClient
src/integrations/prefect-dbt/prefect_dbt/cloud/clients.py,method,A,1,4,23,33,__init__
src/integrations/prefect-dbt/prefect_dbt/cloud/clients.py,method,A,1,4,36,62,call_endpoint
src/integrations/prefect-dbt/prefect_dbt/cloud/clients.py,method,A,1,4,191,193,__aexit__
src/integrations/prefect-dbt/prefect_dbt/cloud/clients.py,method,A,1,4,205,213,__init__
src/integrations/prefect-dbt/prefect_dbt/cloud/clients.py,method,A,1,4,216,235,query
src/integrations/prefect-dbt/prefect_dbt/cloud/exceptions.py,class,A,1,0,1,2,DbtCloudException
src/integrations/prefect-dbt/prefect_dbt/cloud/exceptions.py,class,A,1,0,5,6,DbtCloudGetRunFailed
src/integrations/prefect-dbt/prefect_dbt/cloud/exceptions.py,class,A,1,0,9,10,DbtCloudListRunArtifactsFailed
src/integrations/prefect-dbt/prefect_dbt/cloud/exceptions.py,class,A,1,0,13,14,DbtCloudGetRunArtifactFailed
src/integrations/prefect-dbt/prefect_dbt/cloud/exceptions.py,class,A,1,0,17,18,DbtCloudJobRunFailed
src/integrations/prefect-dbt/prefect_dbt/cloud/exceptions.py,class,A,1,0,21,22,DbtCloudJobRunCancelled
src/integrations/prefect-dbt/prefect_dbt/cloud/exceptions.py,class,A,1,0,25,26,DbtCloudJobRunTimedOut
src/integrations/prefect-dbt/prefect_dbt/cloud/exceptions.py,class,A,1,0,32,33,DbtCloudJobRunTriggerFailed
src/integrations/prefect-dbt/prefect_dbt/cloud/exceptions.py,class,A,1,0,36,37,DbtCloudGetJobFailed
src/integrations/prefect-dbt/prefect_dbt/cloud/exceptions.py,class,A,1,0,40,41,DbtCloudJobRunIncomplete
src/integrations/prefect-dbt/prefect_dbt/cloud/runs.py,function,A,3,0,156,240,get_dbt_cloud_run_artifact
src/integrations/prefect-dbt/prefect_dbt/cloud/runs.py,function,A,3,0,247,301,wait_for_dbt_cloud_job_run
src/integrations/prefect-dbt/prefect_dbt/cloud/runs.py,function,A,2,0,48,96,get_dbt_cloud_run_info
src/integrations/prefect-dbt/prefect_dbt/cloud/runs.py,function,A,2,0,105,147,list_dbt_cloud_run_artifacts
src/integrations/prefect-dbt/prefect_dbt/cloud/runs.py,class,A,2,0,22,38,DbtCloudJobRunStatus
src/integrations/prefect-dbt/prefect_dbt/cloud/runs.py,method,A,1,4,33,38,is_terminal_status_code
src/integrations/prefect-slack/prefect_slack/credentials.py,method,A,4,4,105,116,_raise_on_failure
src/integrations/prefect-slack/prefect_slack/credentials.py,class,A,3,0,53,133,SlackWebhook
src/integrations/prefect-slack/prefect_slack/credentials.py,class,A,2,0,15,50,SlackCredentials
src/integrations/prefect-slack/prefect_slack/credentials.py,method,A,2,4,94,103,get_client
src/integrations/prefect-slack/prefect_slack/credentials.py,method,A,1,4,46,50,get_client
src/integrations/prefect-slack/prefect_slack/credentials.py,method,A,1,4,118,124,notify_async
src/integrations/prefect-slack/prefect_slack/credentials.py,method,A,1,4,127,133,notify
src/integrations/prefect-slack/prefect_slack/messages.py,function,A,1,0,15,82,send_chat_message
src/integrations/prefect-slack/prefect_slack/messages.py,function,A,1,0,86,141,send_incoming_webhook_message
src/integrations/prefect-gcp/prefect_gcp/cloud_storage.py,method,B,8,4,695,752,put_directory
src/integrations/prefect-gcp/prefect_gcp/cloud_storage.py,method,B,6,4,1229,1286,upload_from_folder
src/integrations/prefect-gcp/prefect_gcp/cloud_storage.py,method,A,5,4,641,692,get_directory
src/integrations/prefect-gcp/prefect_gcp/cloud_storage.py,method,A,5,4,910,952,list_folders
src/integrations/prefect-gcp/prefect_gcp/cloud_storage.py,method,A,5,4,1060,1125,download_folder_to_path
src/integrations/prefect-gcp/prefect_gcp/cloud_storage.py,class,A,4,0,559,1343,GcsBucket
src/integrations/prefect-gcp/prefect_gcp/cloud_storage.py,method,A,4,4,797,817,_join_bucket_folder
src/integrations/prefect-gcp/prefect_gcp/cloud_storage.py,method,A,4,4,873,907,list_blobs
src/integrations/prefect-gcp/prefect_gcp/cloud_storage.py,method,A,4,4,1289,1343,upload_from_dataframe
src/integrations/prefect-gcp/prefect_gcp/cloud_storage.py,function,A,3,0,178,250,cloud_storage_download_blob_to_file
src/integrations/prefect-gcp/prefect_gcp/cloud_storage.py,method,A,3,4,610,616,_bucket_folder_suffix
src/integrations/prefect-gcp/prefect_gcp/cloud_storage.py,method,A,3,4,618,638,_resolve_path
src/integrations/prefect-gcp/prefect_gcp/cloud_storage.py,function,A,2,0,329,409,cloud_storage_upload_blob_from_file
src/integrations/prefect-gcp/prefect_gcp/cloud_storage.py,function,A,2,0,413,488,cloud_storage_copy_blob
src/integrations/prefect-gcp/prefect_gcp/cloud_storage.py,class,A,2,0,491,556,DataFrameSerializationFormat
src/integrations/prefect-gcp/prefect_gcp/cloud_storage.py,method,A,2,4,955,1002,download_object_to_path
src/integrations/prefect-gcp/prefect_gcp/cloud_storage.py,method,A,2,4,1128,1171,upload_from_path
src/integrations/prefect-gcp/prefect_gcp/cloud_storage.py,function,A,1,0,37,81,cloud_storage_create_bucket
src/integrations/prefect-gcp/prefect_gcp/cloud_storage.py,function,A,1,0,84,94,_get_bucket_async
src/integrations/prefect-gcp/prefect_gcp/cloud_storage.py,function,A,1,0,97,107,_get_bucket
src/integrations/prefect-gcp/prefect_gcp/cloud_storage.py,function,A,1,0,112,173,cloud_storage_download_blob_as_bytes
src/integrations/prefect-gcp/prefect_gcp/cloud_storage.py,function,A,1,0,255,324,cloud_storage_upload_blob_from_string
src/integrations/prefect-gcp/prefect_gcp/cloud_storage.py,method,A,1,4,525,527,format
src/integrations/prefect-gcp/prefect_gcp/cloud_storage.py,method,A,1,4,530,532,compression
src/integrations/prefect-gcp/prefect_gcp/cloud_storage.py,method,A,1,4,535,537,content_type
src/integrations/prefect-gcp/prefect_gcp/cloud_storage.py,method,A,1,4,540,542,suffix
src/integrations/prefect-gcp/prefect_gcp/cloud_storage.py,method,A,1,4,544,556,fix_extension_with
src/integrations/prefect-gcp/prefect_gcp/cloud_storage.py,method,A,1,4,600,606,basepath
src/integrations/prefect-gcp/prefect_gcp/cloud_storage.py,method,A,1,4,755,771,read_path
src/integrations/prefect-gcp/prefect_gcp/cloud_storage.py,method,A,1,4,774,794,write_path
src/integrations/prefect-gcp/prefect_gcp/cloud_storage.py,method,A,1,4,820,848,create_bucket
src/integrations/prefect-gcp/prefect_gcp/cloud_storage.py,method,A,1,4,851,870,get_bucket
src/integrations/prefect-gcp/prefect_gcp/cloud_storage.py,method,A,1,4,1005,1057,download_object_to_file_object
src/integrations/prefect-gcp/prefect_gcp/cloud_storage.py,method,A,1,4,1174,1226,upload_from_file_object
src/integrations/prefect-gcp/prefect_gcp/credentials.py,method,B,6,4,193,207,block_initialization
src/integrations/prefect-gcp/prefect_gcp/credentials.py,class,A,3,0,103,557,GcpCredentials
src/integrations/prefect-gcp/prefect_gcp/credentials.py,method,A,3,4,154,163,_provide_one_service_account_source
src/integrations/prefect-gcp/prefect_gcp/credentials.py,method,A,3,4,167,175,_check_service_account_file
src/integrations/prefect-gcp/prefect_gcp/credentials.py,method,A,3,4,179,191,_convert_json_string_json_service_account_info
src/integrations/prefect-gcp/prefect_gcp/credentials.py,method,A,3,4,209,226,get_credentials_from_service_account
src/integrations/prefect-gcp/prefect_gcp/credentials.py,method,A,2,4,141,149,__hash__
src/integrations/prefect-gcp/prefect_gcp/credentials.py,method,A,2,4,238,261,get_client
src/integrations/prefect-gcp/prefect_gcp/credentials.py,method,A,2,4,264,322,get_cloud_storage_client
src/integrations/prefect-gcp/prefect_gcp/credentials.py,method,A,2,4,325,387,get_bigquery_client
src/integrations/prefect-gcp/prefect_gcp/credentials.py,method,A,2,4,444,499,get_job_service_client
src/integrations/prefect-gcp/prefect_gcp/credentials.py,method,A,2,4,502,557,get_job_service_async_client
src/integrations/prefect-gcp/prefect_gcp/credentials.py,function,A,1,0,46,74,_raise_help_msg
src/integrations/prefect-gcp/prefect_gcp/credentials.py,function,A,1,0,85,100,_get_job_service_async_client_cached
src/integrations/prefect-gcp/prefect_gcp/credentials.py,class,A,1,0,77,81,ClientType
src/integrations/prefect-gcp/prefect_gcp/credentials.py,method,A,1,4,228,236,get_access_token
src/integrations/prefect-gcp/prefect_gcp/credentials.py,method,A,1,4,390,441,get_secret_manager_client
src/integrations/prefect-gcp/prefect_gcp/bigquery.py,function,B,9,0,47,170,bigquery_query
src/integrations/prefect-gcp/prefect_gcp/bigquery.py,function,B,9,0,347,431,bigquery_load_cloud_storage
src/integrations/prefect-gcp/prefect_gcp/bigquery.py,function,B,8,0,175,266,bigquery_create_table
src/integrations/prefect-gcp/prefect_gcp/bigquery.py,function,B,8,0,436,536,bigquery_load_file
src/integrations/prefect-gcp/prefect_gcp/bigquery.py,function,A,4,0,271,342,bigquery_insert_stream
src/integrations/prefect-gcp/prefect_gcp/bigquery.py,method,A,3,4,580,586,block_initialization
src/integrations/prefect-gcp/prefect_gcp/bigquery.py,method,A,3,4,594,617,_get_cursor
src/integrations/prefect-gcp/prefect_gcp/bigquery.py,method,A,3,4,619,630,reset_cursors
src/integrations/prefect-gcp/prefect_gcp/bigquery.py,method,A,3,4,693,757,fetch_many
src/integrations/prefect-gcp/prefect_gcp/bigquery.py,class,A,2,0,539,947,BigQueryWarehouse
src/integrations/prefect-gcp/prefect_gcp/bigquery.py,method,A,2,4,634,690,fetch_one
src/integrations/prefect-gcp/prefect_gcp/bigquery.py,method,A,2,4,760,814,fetch_all
src/integrations/prefect-gcp/prefect_gcp/bigquery.py,method,A,2,4,914,923,close
src/integrations/prefect-gcp/prefect_gcp/bigquery.py,method,A,2,4,937,941,__getstate__
src/integrations/prefect-gcp/prefect_gcp/bigquery.py,function,A,1,0,37,42,_result_sync
src/integrations/prefect-gcp/prefect_gcp/bigquery.py,method,A,1,4,573,578,_start_connection
src/integrations/prefect-gcp/prefect_gcp/bigquery.py,method,A,1,4,588,592,get_connection
src/integrations/prefect-gcp/prefect_gcp/bigquery.py,method,A,1,4,817,861,execute
src/integrations/prefect-gcp/prefect_gcp/bigquery.py,method,A,1,4,864,912,execute_many
src/integrations/prefect-gcp/prefect_gcp/bigquery.py,method,A,1,4,925,929,__enter__
src/integrations/prefect-gcp/prefect_gcp/bigquery.py,method,A,1,4,931,935,__exit__
src/integrations/prefect-gcp/prefect_gcp/bigquery.py,method,A,1,4,943,947,__setstate__
src/integrations/prefect-gcp/prefect_gcp/secret_manager.py,function,A,3,0,89,142,update_secret
src/integrations/prefect-gcp/prefect_gcp/secret_manager.py,function,A,3,0,247,296,delete_secret_version
src/integrations/prefect-gcp/prefect_gcp/secret_manager.py,function,A,2,0,32,84,create_secret
src/integrations/prefect-gcp/prefect_gcp/secret_manager.py,function,A,2,0,147,193,read_secret
src/integrations/prefect-gcp/prefect_gcp/secret_manager.py,function,A,2,0,198,242,delete_secret
src/integrations/prefect-gcp/prefect_gcp/secret_manager.py,class,A,2,0,299,401,GcpSecret
src/integrations/prefect-gcp/prefect_gcp/secret_manager.py,method,A,2,4,340,382,write_secret
src/integrations/prefect-gcp/prefect_gcp/secret_manager.py,method,A,1,4,319,337,read_secret
src/integrations/prefect-gcp/prefect_gcp/secret_manager.py,method,A,1,4,385,401,delete_secret
src/integrations/prefect-gcp/prefect_gcp/utilities.py,method,A,4,4,109,116,_get_ready_condition
src/integrations/prefect-gcp/prefect_gcp/utilities.py,class,A,3,0,70,160,Job
src/integrations/prefect-gcp/prefect_gcp/utilities.py,method,A,3,4,83,93,_is_missing_container
src/integrations/prefect-gcp/prefect_gcp/utilities.py,class,A,3,0,163,211,Execution
src/integrations/prefect-gcp/prefect_gcp/utilities.py,method,A,3,4,180,184,condition_after_completion
src/integrations/prefect-gcp/prefect_gcp/utilities.py,method,A,3,4,186,192,succeeded
src/integrations/prefect-gcp/prefect_gcp/utilities.py,function,A,2,0,10,33,slugify_name
src/integrations/prefect-gcp/prefect_gcp/utilities.py,method,A,2,4,95,99,is_ready
src/integrations/prefect-gcp/prefect_gcp/utilities.py,method,A,2,4,101,105,has_execution_in_progress
src/integrations/prefect-gcp/prefect_gcp/utilities.py,method,A,2,4,119,124,_get_execution_status
src/integrations/prefect-gcp/prefect_gcp/utilities.py,method,A,1,4,127,138,get
src/integrations/prefect-gcp/prefect_gcp/utilities.py,method,A,1,4,142,146,create
src/integrations/prefect-gcp/prefect_gcp/utilities.py,method,A,1,4,149,153,delete
src/integrations/prefect-gcp/prefect_gcp/utilities.py,method,A,1,4,156,160,run
src/integrations/prefect-gcp/prefect_gcp/utilities.py,method,A,1,4,176,178,is_running
src/integrations/prefect-gcp/prefect_gcp/utilities.py,method,A,1,4,195,211,get
src/integrations/prefect-gcp/prefect_gcp/models/cloud_run_v2.py,method,A,4,4,332,342,condition_after_completion
src/integrations/prefect-gcp/prefect_gcp/models/cloud_run_v2.py,method,A,3,4,251,267,_is_missing_container
src/integrations/prefect-gcp/prefect_gcp/models/cloud_run_v2.py,class,A,3,0,270,391,ExecutionV2
src/integrations/prefect-gcp/prefect_gcp/models/cloud_run_v2.py,method,A,3,4,321,330,succeeded
src/integrations/prefect-gcp/prefect_gcp/models/cloud_run_v2.py,class,A,2,0,21,267,JobV2
src/integrations/prefect-gcp/prefect_gcp/models/cloud_run_v2.py,method,A,2,4,60,72,is_ready
src/integrations/prefect-gcp/prefect_gcp/models/cloud_run_v2.py,method,A,2,4,74,84,get_ready_condition
src/integrations/prefect-gcp/prefect_gcp/models/cloud_run_v2.py,method,A,2,4,172,222,delete
src/integrations/prefect-gcp/prefect_gcp/models/cloud_run_v2.py,class,A,1,0,9,18,SecretKeySelector
src/integrations/prefect-gcp/prefect_gcp/models/cloud_run_v2.py,method,A,1,4,87,135,get
src/integrations/prefect-gcp/prefect_gcp/models/cloud_run_v2.py,method,A,1,4,139,169,create
src/integrations/prefect-gcp/prefect_gcp/models/cloud_run_v2.py,method,A,1,4,225,248,run
src/integrations/prefect-gcp/prefect_gcp/models/cloud_run_v2.py,method,A,1,4,312,319,is_running
src/integrations/prefect-gcp/prefect_gcp/models/cloud_run_v2.py,method,A,1,4,345,391,get
src/integrations/prefect-gcp/prefect_gcp/workers/cloud_run_v2.py,method,B,6,4,280,297,_remove_vpc_access_if_unset
src/integrations/prefect-gcp/prefect_gcp/workers/cloud_run_v2.py,method,A,5,4,557,612,_create_job_and_wait_for_registration
src/integrations/prefect-gcp/prefect_gcp/workers/cloud_run_v2.py,method,A,5,4,726,796,_watch_job_execution_and_get_result
src/integrations/prefect-gcp/prefect_gcp/workers/cloud_run_v2.py,method,A,4,4,221,242,_configure_cloudsql_volumes
src/integrations/prefect-gcp/prefect_gcp/workers/cloud_run_v2.py,method,A,4,4,302,320,_ensure_job_includes_all_required_components
src/integrations/prefect-gcp/prefect_gcp/workers/cloud_run_v2.py,method,A,4,4,325,340,_ensure_job_has_compatible_values
src/integrations/prefect-gcp/prefect_gcp/workers/cloud_run_v2.py,class,A,4,0,470,859,CloudRunWorkerV2
src/integrations/prefect-gcp/prefect_gcp/workers/cloud_run_v2.py,class,A,3,0,86,340,CloudRunWorkerJobV2Configuration
src/integrations/prefect-gcp/prefect_gcp/workers/cloud_run_v2.py,method,A,3,4,205,219,_populate_env
src/integrations/prefect-gcp/prefect_gcp/workers/cloud_run_v2.py,method,A,3,4,254,266,_populate_or_format_command
src/integrations/prefect-gcp/prefect_gcp/workers/cloud_run_v2.py,method,A,3,4,269,277,_format_args_if_present
src/integrations/prefect-gcp/prefect_gcp/workers/cloud_run_v2.py,method,A,3,4,615,651,_wait_for_job_creation
src/integrations/prefect-gcp/prefect_gcp/workers/cloud_run_v2.py,method,A,3,4,673,724,_begin_job_execution
src/integrations/prefect-gcp/prefect_gcp/workers/cloud_run_v2.py,method,A,3,4,832,859,_job_run_submission_error
src/integrations/prefect-gcp/prefect_gcp/workers/cloud_run_v2.py,method,A,2,4,147,159,job_name
src/integrations/prefect-gcp/prefect_gcp/workers/cloud_run_v2.py,method,A,2,4,245,251,_populate_image_if_not_present
src/integrations/prefect-gcp/prefect_gcp/workers/cloud_run_v2.py,method,A,2,4,483,528,run
src/integrations/prefect-gcp/prefect_gcp/workers/cloud_run_v2.py,method,A,2,4,654,671,_create_job_error
src/integrations/prefect-gcp/prefect_gcp/workers/cloud_run_v2.py,method,A,2,4,801,829,_watch_job_execution
src/integrations/prefect-gcp/prefect_gcp/workers/cloud_run_v2.py,function,A,1,0,35,60,_get_default_job_body_template
src/integrations/prefect-gcp/prefect_gcp/workers/cloud_run_v2.py,function,A,1,0,70,80,_get_base_job_body
src/integrations/prefect-gcp/prefect_gcp/workers/cloud_run_v2.py,method,A,1,4,137,144,project
src/integrations/prefect-gcp/prefect_gcp/workers/cloud_run_v2.py,method,A,1,4,161,197,prepare_for_flow_run
src/integrations/prefect-gcp/prefect_gcp/workers/cloud_run_v2.py,method,A,1,4,199,203,_populate_timeout
src/integrations/prefect-gcp/prefect_gcp/workers/cloud_run_v2.py,class,A,1,0,343,460,CloudRunWorkerV2Variables
src/integrations/prefect-gcp/prefect_gcp/workers/cloud_run_v2.py,class,A,1,0,464,465,CloudRunWorkerV2Result
src/integrations/prefect-gcp/prefect_gcp/workers/cloud_run_v2.py,method,A,1,4,531,551,_get_client
src/integrations/prefect-gcp/prefect_gcp/workers/vertex.py,method,B,6,4,494,539,_build_job_spec
src/integrations/prefect-gcp/prefect_gcp/workers/vertex.py,class,A,5,0,401,658,VertexAIWorker
src/integrations/prefect-gcp/prefect_gcp/workers/vertex.py,method,A,5,4,415,491,run
src/integrations/prefect-gcp/prefect_gcp/workers/vertex.py,method,A,5,4,580,631,_watch_job_run
src/integrations/prefect-gcp/prefect_gcp/workers/vertex.py,method,A,4,4,383,394,_ensure_job_spec_includes_required_attributes
src/integrations/prefect-gcp/prefect_gcp/workers/vertex.py,class,A,3,0,236,394,VertexAIWorkerJobConfiguration
src/integrations/prefect-gcp/prefect_gcp/workers/vertex.py,method,A,3,4,343,357,_inject_formatted_command
src/integrations/prefect-gcp/prefect_gcp/workers/vertex.py,method,A,3,4,360,379,_ensure_existence_of_service_account
src/integrations/prefect-gcp/prefect_gcp/workers/vertex.py,method,A,2,4,333,341,_inject_formatted_env_vars
src/integrations/prefect-gcp/prefect_gcp/workers/vertex.py,method,A,2,4,541,578,_create_and_begin_job
src/integrations/prefect-gcp/prefect_gcp/workers/vertex.py,method,A,2,4,633,658,_get_compatible_labels
src/integrations/prefect-gcp/prefect_gcp/workers/vertex.py,function,A,1,0,213,229,_get_base_job_spec
src/integrations/prefect-gcp/prefect_gcp/workers/vertex.py,class,A,1,0,69,207,VertexAIWorkerVariables
src/integrations/prefect-gcp/prefect_gcp/workers/vertex.py,method,A,1,4,305,307,project
src/integrations/prefect-gcp/prefect_gcp/workers/vertex.py,method,A,1,4,310,317,job_name
src/integrations/prefect-gcp/prefect_gcp/workers/vertex.py,method,A,1,4,319,331,prepare_for_flow_run
src/integrations/prefect-gcp/prefect_gcp/workers/vertex.py,class,A,1,0,397,398,VertexAIWorkerResult
src/integrations/prefect-gcp/prefect_gcp/workers/cloud_run.py,method,A,5,4,642,684,_create_job_and_wait_for_registration
src/integrations/prefect-gcp/prefect_gcp/workers/cloud_run.py,method,A,5,4,713,766,_watch_job_execution_and_get_result
src/integrations/prefect-gcp/prefect_gcp/workers/cloud_run.py,method,A,4,4,379,398,_populate_or_format_command
src/integrations/prefect-gcp/prefect_gcp/workers/cloud_run.py,method,A,4,4,401,411,_format_args_if_present
src/integrations/prefect-gcp/prefect_gcp/workers/cloud_run.py,method,A,4,4,415,426,_ensure_job_includes_all_required_components
src/integrations/prefect-gcp/prefect_gcp/workers/cloud_run.py,method,A,4,4,430,445,_ensure_job_has_compatible_values
src/integrations/prefect-gcp/prefect_gcp/workers/cloud_run.py,class,A,3,0,260,445,CloudRunWorkerJobConfiguration
src/integrations/prefect-gcp/prefect_gcp/workers/cloud_run.py,method,A,3,4,354,362,_populate_name_if_not_present
src/integrations/prefect-gcp/prefect_gcp/workers/cloud_run.py,method,A,3,4,364,377,_populate_image_if_not_present
src/integrations/prefect-gcp/prefect_gcp/workers/cloud_run.py,class,A,3,0,534,813,CloudRunWorker
src/integrations/prefect-gcp/prefect_gcp/workers/cloud_run.py,method,A,3,4,562,583,_job_run_submission_error
src/integrations/prefect-gcp/prefect_gcp/workers/cloud_run.py,method,A,3,4,786,813,_wait_for_job_creation
src/integrations/prefect-gcp/prefect_gcp/workers/cloud_run.py,method,A,2,4,345,352,_populate_envs
src/integrations/prefect-gcp/prefect_gcp/workers/cloud_run.py,method,A,2,4,548,560,_create_job_error
src/integrations/prefect-gcp/prefect_gcp/workers/cloud_run.py,method,A,2,4,585,629,run
src/integrations/prefect-gcp/prefect_gcp/workers/cloud_run.py,method,A,2,4,686,711,_begin_job_execution
src/integrations/prefect-gcp/prefect_gcp/workers/cloud_run.py,method,A,2,4,769,784,_watch_job_execution
src/integrations/prefect-gcp/prefect_gcp/workers/cloud_run.py,function,A,1,0,189,229,_get_default_job_body_template
src/integrations/prefect-gcp/prefect_gcp/workers/cloud_run.py,function,A,1,0,237,252,_get_base_job_body
src/integrations/prefect-gcp/prefect_gcp/workers/cloud_run.py,method,A,1,4,308,310,project
src/integrations/prefect-gcp/prefect_gcp/workers/cloud_run.py,method,A,1,4,313,315,job_name
src/integrations/prefect-gcp/prefect_gcp/workers/cloud_run.py,method,A,1,4,317,343,prepare_for_flow_run
src/integrations/prefect-gcp/prefect_gcp/workers/cloud_run.py,class,A,1,0,448,524,CloudRunWorkerVariables
src/integrations/prefect-gcp/prefect_gcp/workers/cloud_run.py,class,A,1,0,530,531,CloudRunWorkerResult
src/integrations/prefect-gcp/prefect_gcp/workers/cloud_run.py,method,A,1,4,631,639,_get_client
src/integrations/prefect-gcp/prefect_gcp/deployments/steps.py,function,C,12,0,46,147,push_to_gcs
src/integrations/prefect-gcp/prefect_gcp/deployments/steps.py,function,B,8,0,159,250,pull_from_gcs
src/integrations/prefect-gcp/prefect_gcp/deployments/steps.py,function,A,1,0,152,156,push_project_to_gcs
src/integrations/prefect-gcp/prefect_gcp/deployments/steps.py,function,A,1,0,255,259,pull_project_from_gcs
src/integrations/prefect-gcp/prefect_gcp/deployments/steps.py,class,A,1,0,17,23,PushToGcsOutput
src/integrations/prefect-gcp/prefect_gcp/deployments/steps.py,class,A,1,0,27,28,PushProjectToGcsOutput
src/integrations/prefect-gcp/prefect_gcp/deployments/steps.py,class,A,1,0,31,38,PullFromGcsOutput
src/integrations/prefect-gcp/prefect_gcp/deployments/steps.py,class,A,1,0,42,43,PullProjectFromGcsOutput
src/integrations/prefect-email/prefect_email/credentials.py,method,C,11,4,159,219,get_server
src/integrations/prefect-email/prefect_email/credentials.py,class,B,6,0,72,219,EmailServerCredentials
src/integrations/prefect-email/prefect_email/credentials.py,function,A,4,0,41,69,_cast_to_enum
src/integrations/prefect-email/prefect_email/credentials.py,method,A,2,4,151,157,_cast_smtp_type
src/integrations/prefect-email/prefect_email/credentials.py,class,A,1,0,17,24,SMTPType
src/integrations/prefect-email/prefect_email/credentials.py,class,A,1,0,27,38,SMTPServer
src/integrations/prefect-email/prefect_email/credentials.py,method,A,1,4,143,147,_cast_smtp_server
src/integrations/prefect-email/prefect_email/message.py,function,B,10,0,24,121,email_send_message
src/integrations/prefect-kubernetes/integration_tests/src/prefect_kubernetes_integration_tests/conftest.py,function,A,2,0,9,14,kind_cluster
src/integrations/prefect-kubernetes/integration_tests/src/prefect_kubernetes_integration_tests/conftest.py,function,A,2,0,18,22,work_pool_name
src/integrations/prefect-kubernetes/integration_tests/src/prefect_kubernetes_integration_tests/conftest.py,function,A,1,0,25,37,pytest_addoption
src/integrations/prefect-kubernetes/integration_tests/src/prefect_kubernetes_integration_tests/conftest.py,function,A,1,0,42,44,_check_k8s_deps
src/integrations/prefect-kubernetes/integration_tests/src/prefect_kubernetes_integration_tests/test_eviction.py,function,A,5,0,21,67,test_default_pod_eviction
src/integrations/prefect-kubernetes/integration_tests/src/prefect_kubernetes_integration_tests/test_eviction.py,function,A,5,0,71,121,test_pod_eviction_with_backoff_limit
src/integrations/prefect-kubernetes/integration_tests/src/prefect_kubernetes_integration_tests/utils/prefect_core.py,function,A,4,0,69,81,wait_for_flow_run_state
src/integrations/prefect-kubernetes/integration_tests/src/prefect_kubernetes_integration_tests/utils/prefect_core.py,function,A,2,0,51,57,start_worker
src/integrations/prefect-kubernetes/integration_tests/src/prefect_kubernetes_integration_tests/utils/prefect_core.py,function,A,2,0,60,66,get_flow_run_state
src/integrations/prefect-kubernetes/integration_tests/src/prefect_kubernetes_integration_tests/utils/prefect_core.py,function,A,1,0,17,48,create_flow_run
src/integrations/prefect-kubernetes/integration_tests/src/prefect_kubernetes_integration_tests/utils/display.py,function,B,7,0,25,72,print_flow_run_result
src/integrations/prefect-kubernetes/integration_tests/src/prefect_kubernetes_integration_tests/utils/display.py,function,A,1,0,13,20,print_flow_run_created
src/integrations/prefect-kubernetes/integration_tests/src/prefect_kubernetes_integration_tests/utils/k8s.py,function,A,5,0,71,90,get_job_name
src/integrations/prefect-kubernetes/integration_tests/src/prefect_kubernetes_integration_tests/utils/k8s.py,function,A,5,0,94,125,wait_for_pod
src/integrations/prefect-kubernetes/integration_tests/src/prefect_kubernetes_integration_tests/utils/k8s.py,function,A,4,0,19,46,ensure_kind_cluster
src/integrations/prefect-kubernetes/integration_tests/src/prefect_kubernetes_integration_tests/utils/k8s.py,function,A,4,0,129,166,evict_pod
src/integrations/prefect-kubernetes/integration_tests/src/prefect_kubernetes_integration_tests/utils/k8s.py,function,A,2,0,49,67,ensure_evict_plugin
src/integrations/prefect-kubernetes/integration_tests/src/prefect_kubernetes_integration_tests/utils/k8s.py,function,A,1,0,13,16,init_k8s_client
src/integrations/prefect-kubernetes/prefect_kubernetes/worker.py,method,D,22,4,1202,1318,_watch_job
src/integrations/prefect-kubernetes/prefect_kubernetes/worker.py,method,C,13,4,1156,1200,_monitor_job_events
src/integrations/prefect-kubernetes/prefect_kubernetes/worker.py,method,C,11,4,1380,1438,_log_recent_events
src/integrations/prefect-kubernetes/prefect_kubernetes/worker.py,method,B,10,4,300,341,_validate_job_manifest
src/integrations/prefect-kubernetes/prefect_kubernetes/worker.py,method,B,10,4,397,434,_configure_eviction_handling
src/integrations/prefect-kubernetes/prefect_kubernetes/worker.py,method,B,9,4,742,843,_submit_adhoc_run
src/integrations/prefect-kubernetes/prefect_kubernetes/worker.py,method,B,9,4,899,945,_replace_api_key_with_secret
src/integrations/prefect-kubernetes/prefect_kubernetes/worker.py,method,B,7,4,535,557,_populate_generate_name_if_not_present
src/integrations/prefect-kubernetes/prefect_kubernetes/worker.py,method,B,7,4,956,993,_create_job
src/integrations/prefect-kubernetes/prefect_kubernetes/worker.py,class,B,6,0,628,1438,KubernetesWorker
src/integrations/prefect-kubernetes/prefect_kubernetes/worker.py,class,A,5,0,258,557,KubernetesWorkerJobConfiguration
src/integrations/prefect-kubernetes/prefect_kubernetes/worker.py,method,A,5,4,509,532,_populate_command_if_not_present
src/integrations/prefect-kubernetes/prefect_kubernetes/worker.py,method,A,5,4,1117,1154,_job_events
src/integrations/prefect-kubernetes/prefect_kubernetes/worker.py,method,A,4,4,345,348,_coerce_env
src/integrations/prefect-kubernetes/prefect_kubernetes/worker.py,method,A,4,4,866,897,_get_configured_kubernetes_client
src/integrations/prefect-kubernetes/prefect_kubernetes/worker.py,method,A,4,4,1085,1114,_stream_job_logs
src/integrations/prefect-kubernetes/prefect_kubernetes/worker.py,method,A,4,4,1339,1377,_get_job_pod
src/integrations/prefect-kubernetes/prefect_kubernetes/worker.py,method,A,3,4,437,470,_populate_env_in_manifest
src/integrations/prefect-kubernetes/prefect_kubernetes/worker.py,method,A,3,4,473,482,_update_prefect_api_url_if_local_server
src/integrations/prefect-kubernetes/prefect_kubernetes/worker.py,method,A,3,4,493,506,_populate_image_if_not_present
src/integrations/prefect-kubernetes/prefect_kubernetes/worker.py,method,A,3,4,850,862,_clean_up_created_secrets
src/integrations/prefect-kubernetes/prefect_kubernetes/worker.py,method,A,3,4,995,1024,_upsert_secret
src/integrations/prefect-kubernetes/prefect_kubernetes/worker.py,method,A,2,4,485,490,_slugify_labels
src/integrations/prefect-kubernetes/prefect_kubernetes/worker.py,method,A,2,4,654,705,run
src/integrations/prefect-kubernetes/prefect_kubernetes/worker.py,method,A,2,4,707,740,submit
src/integrations/prefect-kubernetes/prefect_kubernetes/worker.py,method,A,2,4,1059,1083,_get_cluster_uid
src/integrations/prefect-kubernetes/prefect_kubernetes/worker.py,method,A,2,4,1320,1337,_get_job
src/integrations/prefect-kubernetes/prefect_kubernetes/worker.py,function,A,1,0,193,218,_get_default_job_manifest_template
src/integrations/prefect-kubernetes/prefect_kubernetes/worker.py,function,A,1,0,227,241,_get_base_job_manifest
src/integrations/prefect-kubernetes/prefect_kubernetes/worker.py,class,A,1,0,250,255,KubernetesImagePullPolicy
src/integrations/prefect-kubernetes/prefect_kubernetes/worker.py,method,A,1,4,351,359,_base_flow_run_labels
src/integrations/prefect-kubernetes/prefect_kubernetes/worker.py,method,A,1,4,363,395,prepare_for_flow_run
src/integrations/prefect-kubernetes/prefect_kubernetes/worker.py,class,A,1,0,560,620,KubernetesWorkerVariables
src/integrations/prefect-kubernetes/prefect_kubernetes/worker.py,class,A,1,0,624,625,KubernetesWorkerResult
src/integrations/prefect-kubernetes/prefect_kubernetes/worker.py,method,A,1,4,648,652,__init__
src/integrations/prefect-kubernetes/prefect_kubernetes/worker.py,method,A,1,4,845,848,teardown
src/integrations/prefect-kubernetes/prefect_kubernetes/worker.py,method,A,1,4,1027,1036,_get_batch_client
src/integrations/prefect-kubernetes/prefect_kubernetes/worker.py,method,A,1,4,1038,1046,_get_infrastructure_pid
src/integrations/prefect-kubernetes/prefect_kubernetes/worker.py,method,A,1,4,1048,1057,_parse_infrastructure_pid
src/integrations/prefect-kubernetes/prefect_kubernetes/services.py,function,A,1,0,12,50,create_namespaced_service
src/integrations/prefect-kubernetes/prefect_kubernetes/services.py,function,A,1,0,55,96,delete_namespaced_service
src/integrations/prefect-kubernetes/prefect_kubernetes/services.py,function,A,1,0,101,134,list_namespaced_service
src/integrations/prefect-kubernetes/prefect_kubernetes/services.py,function,A,1,0,139,181,patch_namespaced_service
src/integrations/prefect-kubernetes/prefect_kubernetes/services.py,function,A,1,0,186,223,read_namespaced_service
src/integrations/prefect-kubernetes/prefect_kubernetes/services.py,function,A,1,0,228,270,replace_namespaced_service
src/integrations/prefect-kubernetes/prefect_kubernetes/custom_objects.py,function,A,1,0,8,66,create_namespaced_custom_object
src/integrations/prefect-kubernetes/prefect_kubernetes/custom_objects.py,function,A,1,0,71,125,delete_namespaced_custom_object
src/integrations/prefect-kubernetes/prefect_kubernetes/custom_objects.py,function,A,1,0,130,185,get_namespaced_custom_object
src/integrations/prefect-kubernetes/prefect_kubernetes/custom_objects.py,function,A,1,0,190,244,get_namespaced_custom_object_status
src/integrations/prefect-kubernetes/prefect_kubernetes/custom_objects.py,function,A,1,0,249,298,list_namespaced_custom_object
src/integrations/prefect-kubernetes/prefect_kubernetes/custom_objects.py,function,A,1,0,303,371,patch_namespaced_custom_object
src/integrations/prefect-kubernetes/prefect_kubernetes/custom_objects.py,function,A,1,0,376,441,replace_namespaced_custom_object
src/integrations/prefect-kubernetes/prefect_kubernetes/credentials.py,method,A,5,4,71,106,from_file
src/integrations/prefect-kubernetes/prefect_kubernetes/credentials.py,class,A,5,0,127,244,KubernetesCredentials
src/integrations/prefect-kubernetes/prefect_kubernetes/credentials.py,method,A,4,4,150,198,get_client
src/integrations/prefect-kubernetes/prefect_kubernetes/credentials.py,method,A,4,4,200,244,get_resource_specific_client
src/integrations/prefect-kubernetes/prefect_kubernetes/credentials.py,class,A,3,0,34,123,KubernetesClusterConfig
src/integrations/prefect-kubernetes/prefect_kubernetes/credentials.py,method,A,2,4,65,68,parse_yaml_config
src/integrations/prefect-kubernetes/prefect_kubernetes/credentials.py,method,A,1,4,108,113,get_api_client
src/integrations/prefect-kubernetes/prefect_kubernetes/credentials.py,method,A,1,4,116,123,configure_client
src/integrations/prefect-kubernetes/prefect_kubernetes/events.py,method,A,5,4,95,120,_emit_pod_event
src/integrations/prefect-kubernetes/prefect_kubernetes/events.py,method,A,4,4,71,93,_replicate_pod_events
src/integrations/prefect-kubernetes/prefect_kubernetes/events.py,class,A,3,0,24,120,KubernetesEventsReplicator
src/integrations/prefect-kubernetes/prefect_kubernetes/events.py,method,A,2,4,57,61,__aexit__
src/integrations/prefect-kubernetes/prefect_kubernetes/events.py,method,A,1,4,27,49,__init__
src/integrations/prefect-kubernetes/prefect_kubernetes/events.py,method,A,1,4,51,55,__aenter__
src/integrations/prefect-kubernetes/prefect_kubernetes/events.py,method,A,1,4,63,68,_pod_as_resource
src/integrations/prefect-kubernetes/prefect_kubernetes/jobs.py,method,C,18,4,392,479,wait_for_completion
src/integrations/prefect-kubernetes/prefect_kubernetes/jobs.py,class,B,6,0,354,499,KubernetesJobRun
src/integrations/prefect-kubernetes/prefect_kubernetes/jobs.py,function,A,2,0,22,28,_get_pod_selector
src/integrations/prefect-kubernetes/prefect_kubernetes/jobs.py,method,A,2,4,369,373,v1_job_model
src/integrations/prefect-kubernetes/prefect_kubernetes/jobs.py,method,A,2,4,482,499,fetch_result
src/integrations/prefect-kubernetes/prefect_kubernetes/jobs.py,class,A,2,0,502,573,KubernetesJob
src/integrations/prefect-kubernetes/prefect_kubernetes/jobs.py,function,A,1,0,32,71,create_namespaced_job
src/integrations/prefect-kubernetes/prefect_kubernetes/jobs.py,function,A,1,0,76,121,delete_namespaced_job
src/integrations/prefect-kubernetes/prefect_kubernetes/jobs.py,function,A,1,0,126,161,list_namespaced_job
src/integrations/prefect-kubernetes/prefect_kubernetes/jobs.py,function,A,1,0,166,214,patch_namespaced_job
src/integrations/prefect-kubernetes/prefect_kubernetes/jobs.py,function,A,1,0,219,260,read_namespaced_job
src/integrations/prefect-kubernetes/prefect_kubernetes/jobs.py,function,A,1,0,265,307,replace_namespaced_job
src/integrations/prefect-kubernetes/prefect_kubernetes/jobs.py,function,A,1,0,312,350,read_namespaced_job_status
src/integrations/prefect-kubernetes/prefect_kubernetes/jobs.py,method,A,1,4,357,366,__init__
src/integrations/prefect-kubernetes/prefect_kubernetes/jobs.py,method,A,1,4,376,389,_cleanup
src/integrations/prefect-kubernetes/prefect_kubernetes/jobs.py,method,A,1,4,546,556,trigger
src/integrations/prefect-kubernetes/prefect_kubernetes/jobs.py,method,A,1,4,559,573,from_yaml_file
src/integrations/prefect-kubernetes/prefect_kubernetes/settings.py,class,A,1,0,8,37,KubernetesWorkerSettings
src/integrations/prefect-kubernetes/prefect_kubernetes/settings.py,class,A,1,0,42,57,KubernetesSettings
src/integrations/prefect-kubernetes/prefect_kubernetes/deployments.py,function,A,1,0,16,54,create_namespaced_deployment
src/integrations/prefect-kubernetes/prefect_kubernetes/deployments.py,function,A,1,0,59,101,delete_namespaced_deployment
src/integrations/prefect-kubernetes/prefect_kubernetes/deployments.py,function,A,1,0,106,139,list_namespaced_deployment
src/integrations/prefect-kubernetes/prefect_kubernetes/deployments.py,function,A,1,0,144,186,patch_namespaced_deployment
src/integrations/prefect-kubernetes/prefect_kubernetes/deployments.py,function,A,1,0,191,227,read_namespaced_deployment
src/integrations/prefect-kubernetes/prefect_kubernetes/deployments.py,function,A,1,0,232,274,replace_namespaced_deployment
src/integrations/prefect-kubernetes/prefect_kubernetes/exceptions.py,class,A,1,0,6,7,KubernetesJobDefinitionError
src/integrations/prefect-kubernetes/prefect_kubernetes/exceptions.py,class,A,1,0,10,11,KubernetesJobFailedError
src/integrations/prefect-kubernetes/prefect_kubernetes/exceptions.py,class,A,1,0,14,15,KubernetesResourceNotFoundError
src/integrations/prefect-kubernetes/prefect_kubernetes/exceptions.py,class,A,1,0,18,19,KubernetesJobTimeoutError
src/integrations/prefect-kubernetes/prefect_kubernetes/flows.py,function,A,4,0,48,94,run_namespaced_job_async
src/integrations/prefect-kubernetes/prefect_kubernetes/flows.py,function,A,1,0,11,44,run_namespaced_job
src/integrations/prefect-kubernetes/prefect_kubernetes/utilities.py,class,B,6,0,19,47,KeepAliveClientRequest
src/integrations/prefect-kubernetes/prefect_kubernetes/utilities.py,function,A,5,0,78,123,_slugify_label_key
src/integrations/prefect-kubernetes/prefect_kubernetes/utilities.py,method,A,5,4,28,47,send
src/integrations/prefect-kubernetes/prefect_kubernetes/utilities.py,function,A,2,0,50,75,_slugify_name
src/integrations/prefect-kubernetes/prefect_kubernetes/utilities.py,function,A,2,0,126,150,_slugify_label_value
src/integrations/prefect-kubernetes/prefect_kubernetes/pods.py,function,A,3,0,228,292,read_namespaced_pod_log
src/integrations/prefect-kubernetes/prefect_kubernetes/pods.py,function,A,1,0,13,51,create_namespaced_pod
src/integrations/prefect-kubernetes/prefect_kubernetes/pods.py,function,A,1,0,56,98,delete_namespaced_pod
src/integrations/prefect-kubernetes/prefect_kubernetes/pods.py,function,A,1,0,103,135,list_namespaced_pod
src/integrations/prefect-kubernetes/prefect_kubernetes/pods.py,function,A,1,0,140,182,patch_namespaced_pod
src/integrations/prefect-kubernetes/prefect_kubernetes/pods.py,function,A,1,0,187,223,read_namespaced_pod
src/integrations/prefect-kubernetes/prefect_kubernetes/pods.py,function,A,1,0,297,339,replace_namespaced_pod
src/integrations/prefect-kubernetes/prefect_kubernetes/experimental/decorators.py,class,A,2,0,29,135,InfrastructureBoundFlow
src/integrations/prefect-kubernetes/prefect_kubernetes/experimental/decorators.py,method,A,2,4,45,61,from_flow
src/integrations/prefect-kubernetes/prefect_kubernetes/experimental/decorators.py,method,A,2,4,99,135,__call__
src/integrations/prefect-kubernetes/prefect_kubernetes/experimental/decorators.py,function,A,1,0,140,173,kubernetes
src/integrations/prefect-kubernetes/prefect_kubernetes/experimental/decorators.py,method,A,1,4,30,42,__init__
src/integrations/prefect-kubernetes/prefect_kubernetes/experimental/decorators.py,method,A,1,4,64,67,__call__
src/integrations/prefect-kubernetes/prefect_kubernetes/experimental/decorators.py,method,A,1,4,70,74,__call__
src/integrations/prefect-kubernetes/prefect_kubernetes/experimental/decorators.py,method,A,1,4,77,81,__call__
src/integrations/prefect-kubernetes/prefect_kubernetes/experimental/decorators.py,method,A,1,4,84,89,__call__
src/integrations/prefect-kubernetes/prefect_kubernetes/experimental/decorators.py,method,A,1,4,92,97,__call__
src/integrations/prefect-github/prefect_github/user.py,function,A,1,0,27,57,query_user
src/integrations/prefect-github/prefect_github/user.py,function,A,1,0,61,100,query_user_gist
src/integrations/prefect-github/prefect_github/user.py,function,A,1,0,104,160,query_user_gists
src/integrations/prefect-github/prefect_github/user.py,function,A,1,0,164,228,query_user_issues
src/integrations/prefect-github/prefect_github/user.py,function,A,1,0,232,265,query_user_status
src/integrations/prefect-github/prefect_github/user.py,function,A,1,0,269,308,query_user_project
src/integrations/prefect-github/prefect_github/user.py,function,A,1,0,312,377,query_user_packages
src/integrations/prefect-github/prefect_github/user.py,function,A,1,0,381,442,query_user_projects
src/integrations/prefect-github/prefect_github/user.py,function,A,1,0,446,505,query_user_sponsors
src/integrations/prefect-github/prefect_github/user.py,function,A,1,0,509,585,query_user_watching
src/integrations/prefect-github/prefect_github/user.py,function,A,1,0,589,628,query_user_project_v2
src/integrations/prefect-github/prefect_github/user.py,function,A,1,0,632,682,query_user_followers
src/integrations/prefect-github/prefect_github/user.py,function,A,1,0,686,736,query_user_following
src/integrations/prefect-github/prefect_github/user.py,function,A,1,0,740,796,query_user_projects_v2
src/integrations/prefect-github/prefect_github/user.py,function,A,1,0,800,843,query_user_repository
src/integrations/prefect-github/prefect_github/user.py,function,A,1,0,847,901,query_user_sponsoring
src/integrations/prefect-github/prefect_github/user.py,function,A,1,0,905,955,query_user_public_keys
src/integrations/prefect-github/prefect_github/user.py,function,A,1,0,959,998,query_user_project_next
src/integrations/prefect-github/prefect_github/user.py,function,A,1,0,1002,1055,query_user_pinned_items
src/integrations/prefect-github/prefect_github/user.py,function,A,1,0,1059,1115,query_user_projects_next
src/integrations/prefect-github/prefect_github/user.py,function,A,1,0,1119,1200,query_user_repositories
src/integrations/prefect-github/prefect_github/user.py,function,A,1,0,1204,1238,query_user_item_showcase
src/integrations/prefect-github/prefect_github/user.py,function,A,1,0,1242,1292,query_user_gist_comments
src/integrations/prefect-github/prefect_github/user.py,function,A,1,0,1296,1335,query_user_organization
src/integrations/prefect-github/prefect_github/user.py,function,A,1,0,1339,1408,query_user_pull_requests
src/integrations/prefect-github/prefect_github/user.py,function,A,1,0,1412,1468,query_user_saved_replies
src/integrations/prefect-github/prefect_github/user.py,function,A,1,0,1472,1526,query_user_pinnable_items
src/integrations/prefect-github/prefect_github/user.py,function,A,1,0,1530,1584,query_user_issue_comments
src/integrations/prefect-github/prefect_github/user.py,function,A,1,0,1588,1638,query_user_organizations
src/integrations/prefect-github/prefect_github/user.py,function,A,1,0,1642,1692,query_user_recent_projects
src/integrations/prefect-github/prefect_github/user.py,function,A,1,0,1696,1746,query_user_commit_comments
src/integrations/prefect-github/prefect_github/user.py,function,A,1,0,1750,1783,query_user_sponsors_listing
src/integrations/prefect-github/prefect_github/user.py,function,A,1,0,1787,1846,query_user_top_repositories
src/integrations/prefect-github/prefect_github/user.py,function,A,1,0,1850,1916,query_user_sponsors_activities
src/integrations/prefect-github/prefect_github/user.py,function,A,1,0,1920,1953,query_user_interaction_ability
src/integrations/prefect-github/prefect_github/user.py,function,A,1,0,1957,2015,query_user_starred_repositories
src/integrations/prefect-github/prefect_github/user.py,function,A,1,0,2019,2087,query_user_repository_discussions
src/integrations/prefect-github/prefect_github/user.py,function,A,1,0,2091,2149,query_user_sponsorships_as_sponsor
src/integrations/prefect-github/prefect_github/user.py,function,A,1,0,2153,2212,query_user_sponsorship_newsletters
src/integrations/prefect-github/prefect_github/user.py,function,A,1,0,2216,2266,query_user_contributions_collection
src/integrations/prefect-github/prefect_github/user.py,function,A,1,0,2270,2332,query_user_sponsorships_as_maintainer
src/integrations/prefect-github/prefect_github/user.py,function,A,1,0,2336,2409,query_user_repositories_contributed_to
src/integrations/prefect-github/prefect_github/user.py,function,A,1,0,2413,2473,query_user_repository_discussion_comments
src/integrations/prefect-github/prefect_github/user.py,function,A,1,0,2477,2512,query_user_sponsorship_for_viewer_as_sponsor
src/integrations/prefect-github/prefect_github/user.py,function,A,1,0,2516,2550,query_user_sponsorship_for_viewer_as_sponsorable
src/integrations/prefect-github/prefect_github/graphql.py,function,A,5,0,39,61,_subset_return_fields
src/integrations/prefect-github/prefect_github/graphql.py,function,A,2,0,21,36,_execute_graphql_op
src/integrations/prefect-github/prefect_github/graphql.py,function,A,1,0,66,148,execute_graphql
src/integrations/prefect-github/prefect_github/viewer.py,function,A,1,0,27,51,query_viewer
src/integrations/prefect-github/prefect_github/viewer.py,function,A,1,0,55,88,query_viewer_gist
src/integrations/prefect-github/prefect_github/viewer.py,function,A,1,0,92,142,query_viewer_gists
src/integrations/prefect-github/prefect_github/viewer.py,function,A,1,0,146,204,query_viewer_issues
src/integrations/prefect-github/prefect_github/viewer.py,function,A,1,0,208,235,query_viewer_status
src/integrations/prefect-github/prefect_github/viewer.py,function,A,1,0,239,272,query_viewer_project
src/integrations/prefect-github/prefect_github/viewer.py,function,A,1,0,276,335,query_viewer_packages
src/integrations/prefect-github/prefect_github/viewer.py,function,A,1,0,339,394,query_viewer_projects
src/integrations/prefect-github/prefect_github/viewer.py,function,A,1,0,398,451,query_viewer_sponsors
src/integrations/prefect-github/prefect_github/viewer.py,function,A,1,0,455,525,query_viewer_watching
src/integrations/prefect-github/prefect_github/viewer.py,function,A,1,0,529,562,query_viewer_project_v2
src/integrations/prefect-github/prefect_github/viewer.py,function,A,1,0,566,610,query_viewer_followers
src/integrations/prefect-github/prefect_github/viewer.py,function,A,1,0,614,658,query_viewer_following
src/integrations/prefect-github/prefect_github/viewer.py,function,A,1,0,662,712,query_viewer_projects_v2
src/integrations/prefect-github/prefect_github/viewer.py,function,A,1,0,716,753,query_viewer_repository
src/integrations/prefect-github/prefect_github/viewer.py,function,A,1,0,757,805,query_viewer_sponsoring
src/integrations/prefect-github/prefect_github/viewer.py,function,A,1,0,809,853,query_viewer_public_keys
src/integrations/prefect-github/prefect_github/viewer.py,function,A,1,0,857,890,query_viewer_project_next
src/integrations/prefect-github/prefect_github/viewer.py,function,A,1,0,894,941,query_viewer_pinned_items
src/integrations/prefect-github/prefect_github/viewer.py,function,A,1,0,945,995,query_viewer_projects_next
src/integrations/prefect-github/prefect_github/viewer.py,function,A,1,0,999,1074,query_viewer_repositories
src/integrations/prefect-github/prefect_github/viewer.py,function,A,1,0,1078,1106,query_viewer_item_showcase
src/integrations/prefect-github/prefect_github/viewer.py,function,A,1,0,1110,1154,query_viewer_gist_comments
src/integrations/prefect-github/prefect_github/viewer.py,function,A,1,0,1158,1191,query_viewer_organization
src/integrations/prefect-github/prefect_github/viewer.py,function,A,1,0,1195,1258,query_viewer_pull_requests
src/integrations/prefect-github/prefect_github/viewer.py,function,A,1,0,1262,1312,query_viewer_saved_replies
src/integrations/prefect-github/prefect_github/viewer.py,function,A,1,0,1316,1364,query_viewer_pinnable_items
src/integrations/prefect-github/prefect_github/viewer.py,function,A,1,0,1368,1416,query_viewer_issue_comments
src/integrations/prefect-github/prefect_github/viewer.py,function,A,1,0,1420,1464,query_viewer_organizations
src/integrations/prefect-github/prefect_github/viewer.py,function,A,1,0,1468,1512,query_viewer_recent_projects
src/integrations/prefect-github/prefect_github/viewer.py,function,A,1,0,1516,1560,query_viewer_commit_comments
src/integrations/prefect-github/prefect_github/viewer.py,function,A,1,0,1564,1591,query_viewer_sponsors_listing
src/integrations/prefect-github/prefect_github/viewer.py,function,A,1,0,1595,1648,query_viewer_top_repositories
src/integrations/prefect-github/prefect_github/viewer.py,function,A,1,0,1652,1712,query_viewer_sponsors_activities
src/integrations/prefect-github/prefect_github/viewer.py,function,A,1,0,1716,1743,query_viewer_interaction_ability
src/integrations/prefect-github/prefect_github/viewer.py,function,A,1,0,1747,1799,query_viewer_starred_repositories
src/integrations/prefect-github/prefect_github/viewer.py,function,A,1,0,1803,1865,query_viewer_repository_discussions
src/integrations/prefect-github/prefect_github/viewer.py,function,A,1,0,1869,1921,query_viewer_sponsorships_as_sponsor
src/integrations/prefect-github/prefect_github/viewer.py,function,A,1,0,1925,1978,query_viewer_sponsorship_newsletters
src/integrations/prefect-github/prefect_github/viewer.py,function,A,1,0,1982,2026,query_viewer_contributions_collection
src/integrations/prefect-github/prefect_github/viewer.py,function,A,1,0,2030,2086,query_viewer_sponsorships_as_maintainer
src/integrations/prefect-github/prefect_github/viewer.py,function,A,1,0,2090,2157,query_viewer_repositories_contributed_to
src/integrations/prefect-github/prefect_github/viewer.py,function,A,1,0,2161,2215,query_viewer_repository_discussion_comments
src/integrations/prefect-github/prefect_github/viewer.py,function,A,1,0,2219,2250,query_viewer_sponsorship_for_viewer_as_sponsor
src/integrations/prefect-github/prefect_github/viewer.py,function,A,1,0,2254,2284,query_viewer_sponsorship_for_viewer_as_sponsorable
src/integrations/prefect-github/prefect_github/credentials.py,class,A,3,0,11,59,GitHubCredentials
src/integrations/prefect-github/prefect_github/credentials.py,method,A,2,4,34,59,get_client
src/integrations/prefect-github/prefect_github/organization.py,function,A,1,0,28,58,query_organization
src/integrations/prefect-github/prefect_github/organization.py,function,A,1,0,62,101,query_organization_team
src/integrations/prefect-github/prefect_github/organization.py,function,A,1,0,105,179,query_organization_teams
src/integrations/prefect-github/prefect_github/organization.py,function,A,1,0,183,222,query_organization_project
src/integrations/prefect-github/prefect_github/organization.py,function,A,1,0,226,288,query_organization_domains
src/integrations/prefect-github/prefect_github/organization.py,function,A,1,0,292,357,query_organization_packages
src/integrations/prefect-github/prefect_github/organization.py,function,A,1,0,361,422,query_organization_projects
src/integrations/prefect-github/prefect_github/organization.py,function,A,1,0,426,485,query_organization_sponsors
src/integrations/prefect-github/prefect_github/organization.py,function,A,1,0,489,548,query_organization_audit_log
src/integrations/prefect-github/prefect_github/organization.py,function,A,1,0,552,591,query_organization_project_v2
src/integrations/prefect-github/prefect_github/organization.py,function,A,1,0,595,651,query_organization_projects_v2
src/integrations/prefect-github/prefect_github/organization.py,function,A,1,0,655,698,query_organization_repository
src/integrations/prefect-github/prefect_github/organization.py,function,A,1,0,702,756,query_organization_sponsoring
src/integrations/prefect-github/prefect_github/organization.py,function,A,1,0,760,799,query_organization_project_next
src/integrations/prefect-github/prefect_github/organization.py,function,A,1,0,803,856,query_organization_pinned_items
src/integrations/prefect-github/prefect_github/organization.py,function,A,1,0,860,916,query_organization_projects_next
src/integrations/prefect-github/prefect_github/organization.py,function,A,1,0,920,1001,query_organization_repositories
src/integrations/prefect-github/prefect_github/organization.py,function,A,1,0,1005,1039,query_organization_item_showcase
src/integrations/prefect-github/prefect_github/organization.py,function,A,1,0,1043,1097,query_organization_pinnable_items
src/integrations/prefect-github/prefect_github/organization.py,function,A,1,0,1101,1151,query_organization_recent_projects
src/integrations/prefect-github/prefect_github/organization.py,function,A,1,0,1155,1213,query_organization_member_statuses
src/integrations/prefect-github/prefect_github/organization.py,function,A,1,0,1217,1267,query_organization_pending_members
src/integrations/prefect-github/prefect_github/organization.py,function,A,1,0,1271,1304,query_organization_sponsors_listing
src/integrations/prefect-github/prefect_github/organization.py,function,A,1,0,1308,1358,query_organization_members_with_role
src/integrations/prefect-github/prefect_github/organization.py,function,A,1,0,1362,1425,query_organization_enterprise_owners
src/integrations/prefect-github/prefect_github/organization.py,function,A,1,0,1429,1495,query_organization_sponsors_activities
src/integrations/prefect-github/prefect_github/organization.py,function,A,1,0,1499,1532,query_organization_interaction_ability
src/integrations/prefect-github/prefect_github/organization.py,function,A,1,0,1536,1594,query_organization_ip_allow_list_entries
src/integrations/prefect-github/prefect_github/organization.py,function,A,1,0,1598,1663,query_organization_repository_migrations
src/integrations/prefect-github/prefect_github/organization.py,function,A,1,0,1667,1700,query_organization_saml_identity_provider
src/integrations/prefect-github/prefect_github/organization.py,function,A,1,0,1704,1772,query_organization_repository_discussions
src/integrations/prefect-github/prefect_github/organization.py,function,A,1,0,1776,1834,query_organization_sponsorships_as_sponsor
src/integrations/prefect-github/prefect_github/organization.py,function,A,1,0,1838,1897,query_organization_sponsorship_newsletters
src/integrations/prefect-github/prefect_github/organization.py,function,A,1,0,1901,1963,query_organization_sponsorships_as_maintainer
src/integrations/prefect-github/prefect_github/organization.py,function,A,1,0,1967,2027,query_organization_repository_discussion_comments
src/integrations/prefect-github/prefect_github/organization.py,function,A,1,0,2031,2066,query_organization_sponsorship_for_viewer_as_sponsor
src/integrations/prefect-github/prefect_github/organization.py,function,A,1,0,2070,2104,query_organization_sponsorship_for_viewer_as_sponsorable
src/integrations/prefect-github/prefect_github/mutations.py,function,A,1,0,30,68,add_comment_subject
src/integrations/prefect-github/prefect_github/mutations.py,function,A,1,0,72,132,create_pull_request
src/integrations/prefect-github/prefect_github/mutations.py,function,A,1,0,136,171,close_pull_request
src/integrations/prefect-github/prefect_github/mutations.py,function,A,1,0,175,233,create_issue
src/integrations/prefect-github/prefect_github/mutations.py,function,A,1,0,237,275,close_issue
src/integrations/prefect-github/prefect_github/mutations.py,function,A,1,0,279,314,add_star_starrable
src/integrations/prefect-github/prefect_github/mutations.py,function,A,1,0,318,353,remove_star_starrable
src/integrations/prefect-github/prefect_github/mutations.py,function,A,1,0,357,395,add_reaction_subject
src/integrations/prefect-github/prefect_github/mutations.py,function,A,1,0,399,437,add_reaction
src/integrations/prefect-github/prefect_github/mutations.py,function,A,1,0,441,479,remove_reaction_subject
src/integrations/prefect-github/prefect_github/mutations.py,function,A,1,0,483,521,remove_reaction
src/integrations/prefect-github/prefect_github/mutations.py,function,A,1,0,525,566,request_reviews
src/integrations/prefect-github/prefect_github/mutations.py,function,A,1,0,570,614,request_reviews_pull_request
src/integrations/prefect-github/prefect_github/mutations.py,function,A,1,0,618,668,add_pull_request_review
src/integrations/prefect-github/prefect_github/utils.py,function,B,6,0,25,46,initialize_return_fields_defaults
src/integrations/prefect-github/prefect_github/utils.py,function,A,5,0,49,66,strip_kwargs
src/integrations/prefect-github/prefect_github/utils.py,function,A,1,0,13,22,camel_to_snake_case
src/integrations/prefect-github/prefect_github/exceptions.py,class,A,1,0,4,5,InvalidRepositoryURLError
src/integrations/prefect-github/prefect_github/repository.py,class,A,4,0,35,140,GitHubRepository
src/integrations/prefect-github/prefect_github/repository.py,method,A,3,4,61,77,_create_repo_url
src/integrations/prefect-github/prefect_github/repository.py,method,A,3,4,80,97,_get_paths
src/integrations/prefect-github/prefect_github/repository.py,method,A,3,4,100,140,get_directory
src/integrations/prefect-github/prefect_github/repository.py,function,A,1,0,145,182,query_repository
src/integrations/prefect-github/prefect_github/repository.py,function,A,1,0,186,234,query_repository_ref
src/integrations/prefect-github/prefect_github/repository.py,function,A,1,0,238,308,query_repository_refs
src/integrations/prefect-github/prefect_github/repository.py,function,A,1,0,312,352,query_repository_owner
src/integrations/prefect-github/prefect_github/repository.py,function,A,1,0,356,439,query_repository_forks
src/integrations/prefect-github/prefect_github/repository.py,function,A,1,0,443,489,query_repository_issue
src/integrations/prefect-github/prefect_github/repository.py,function,A,1,0,493,539,query_repository_label
src/integrations/prefect-github/prefect_github/repository.py,function,A,1,0,543,614,query_repository_issues
src/integrations/prefect-github/prefect_github/repository.py,function,A,1,0,618,682,query_repository_labels
src/integrations/prefect-github/prefect_github/repository.py,function,A,1,0,686,735,query_repository_object
src/integrations/prefect-github/prefect_github/repository.py,function,A,1,0,739,785,query_repository_project
src/integrations/prefect-github/prefect_github/repository.py,function,A,1,0,789,835,query_repository_release
src/integrations/prefect-github/prefect_github/repository.py,function,A,1,0,839,907,query_repository_projects
src/integrations/prefect-github/prefect_github/repository.py,function,A,1,0,911,983,query_repository_packages
src/integrations/prefect-github/prefect_github/repository.py,function,A,1,0,987,1047,query_repository_releases
src/integrations/prefect-github/prefect_github/repository.py,function,A,1,0,1051,1108,query_repository_watchers
src/integrations/prefect-github/prefect_github/repository.py,function,A,1,0,1112,1172,query_repository_languages
src/integrations/prefect-github/prefect_github/repository.py,function,A,1,0,1176,1222,query_repository_milestone
src/integrations/prefect-github/prefect_github/repository.py,function,A,1,0,1226,1272,query_repository_project_v2
src/integrations/prefect-github/prefect_github/repository.py,function,A,1,0,1276,1336,query_repository_stargazers
src/integrations/prefect-github/prefect_github/repository.py,function,A,1,0,1340,1397,query_repository_deploy_keys
src/integrations/prefect-github/prefect_github/repository.py,function,A,1,0,1401,1447,query_repository_discussion
src/integrations/prefect-github/prefect_github/repository.py,function,A,1,0,1451,1517,query_repository_milestones
src/integrations/prefect-github/prefect_github/repository.py,function,A,1,0,1521,1584,query_repository_projects_v2
src/integrations/prefect-github/prefect_github/repository.py,function,A,1,0,1588,1646,query_repository_submodules
src/integrations/prefect-github/prefect_github/repository.py,function,A,1,0,1650,1690,query_repository_license_info
src/integrations/prefect-github/prefect_github/repository.py,function,A,1,0,1694,1761,query_repository_deployments
src/integrations/prefect-github/prefect_github/repository.py,function,A,1,0,1765,1833,query_repository_discussions
src/integrations/prefect-github/prefect_github/repository.py,function,A,1,0,1837,1883,query_repository_environment
src/integrations/prefect-github/prefect_github/repository.py,function,A,1,0,1887,1934,query_repository_project_next
src/integrations/prefect-github/prefect_github/repository.py,function,A,1,0,1938,1984,query_repository_pull_request
src/integrations/prefect-github/prefect_github/repository.py,function,A,1,0,1988,2028,query_repository_contact_links
src/integrations/prefect-github/prefect_github/repository.py,function,A,1,0,2032,2089,query_repository_environments
src/integrations/prefect-github/prefect_github/repository.py,function,A,1,0,2093,2133,query_repository_funding_links
src/integrations/prefect-github/prefect_github/repository.py,function,A,1,0,2137,2194,query_repository_pinned_issues
src/integrations/prefect-github/prefect_github/repository.py,function,A,1,0,2198,2261,query_repository_projects_next
src/integrations/prefect-github/prefect_github/repository.py,function,A,1,0,2265,2341,query_repository_pull_requests
src/integrations/prefect-github/prefect_github/repository.py,function,A,1,0,2345,2385,query_repository_code_of_conduct
src/integrations/prefect-github/prefect_github/repository.py,function,A,1,0,2389,2453,query_repository_collaborators
src/integrations/prefect-github/prefect_github/repository.py,function,A,1,0,2457,2497,query_repository_latest_release
src/integrations/prefect-github/prefect_github/repository.py,function,A,1,0,2501,2558,query_repository_recent_projects
src/integrations/prefect-github/prefect_github/repository.py,function,A,1,0,2562,2619,query_repository_commit_comments
src/integrations/prefect-github/prefect_github/repository.py,function,A,1,0,2623,2663,query_repository_issue_templates
src/integrations/prefect-github/prefect_github/repository.py,function,A,1,0,2667,2727,query_repository_assignable_users
src/integrations/prefect-github/prefect_github/repository.py,function,A,1,0,2731,2771,query_repository_primary_language
src/integrations/prefect-github/prefect_github/repository.py,function,A,1,0,2775,2815,query_repository_default_branch_ref
src/integrations/prefect-github/prefect_github/repository.py,function,A,1,0,2819,2879,query_repository_mentionable_users
src/integrations/prefect-github/prefect_github/repository.py,function,A,1,0,2883,2940,query_repository_repository_topics
src/integrations/prefect-github/prefect_github/repository.py,function,A,1,0,2944,3001,query_repository_pinned_discussions
src/integrations/prefect-github/prefect_github/repository.py,function,A,1,0,3005,3052,query_repository_discussion_category
src/integrations/prefect-github/prefect_github/repository.py,function,A,1,0,3056,3096,query_repository_interaction_ability
src/integrations/prefect-github/prefect_github/repository.py,function,A,1,0,3100,3146,query_repository_issue_or_pull_request
src/integrations/prefect-github/prefect_github/repository.py,function,A,1,0,3150,3217,query_repository_vulnerability_alerts
src/integrations/prefect-github/prefect_github/repository.py,function,A,1,0,3221,3283,query_repository_discussion_categories
src/integrations/prefect-github/prefect_github/repository.py,function,A,1,0,3287,3327,query_repository_pull_request_templates
src/integrations/prefect-github/prefect_github/repository.py,function,A,1,0,3331,3390,query_repository_branch_protection_rules
src/integrations/prefect-github/prefect_github/repository_owner.py,function,A,1,0,28,58,query_repository_owner
src/integrations/prefect-github/prefect_github/repository_owner.py,function,A,1,0,62,105,query_repository_owner_repository
src/integrations/prefect-github/prefect_github/repository_owner.py,function,A,1,0,109,190,query_repository_owner_repositories
src/integrations/prefect-github/prefect_github/schemas/graphql_schema.py,class,A,1,0,16,22,ActorType
src/integrations/prefect-github/prefect_github/schemas/graphql_schema.py,class,A,1,0,25,31,AuditLogOrderField
src/integrations/prefect-github/prefect_github/schemas/graphql_schema.py,class,A,1,0,34,39,Base64String
src/integrations/prefect-github/prefect_github/schemas/graphql_schema.py,class,A,1,0,45,51,CheckAnnotationLevel
src/integrations/prefect-github/prefect_github/schemas/graphql_schema.py,class,A,1,0,54,69,CheckConclusionState
src/integrations/prefect-github/prefect_github/schemas/graphql_schema.py,class,A,1,0,73,93,CheckRunState
src/integrations/prefect-github/prefect_github/schemas/graphql_schema.py,class,A,1,0,97,103,CheckRunType
src/integrations/prefect-github/prefect_github/schemas/graphql_schema.py,class,A,1,0,106,118,CheckStatusState
src/integrations/prefect-github/prefect_github/schemas/graphql_schema.py,class,A,1,0,122,128,CollaboratorAffiliation
src/integrations/prefect-github/prefect_github/schemas/graphql_schema.py,class,A,1,0,131,145,CommentAuthorAssociation
src/integrations/prefect-github/prefect_github/schemas/graphql_schema.py,class,A,1,0,149,162,CommentCannotUpdateReason
src/integrations/prefect-github/prefect_github/schemas/graphql_schema.py,class,A,1,0,166,172,CommitContributionOrderField
src/integrations/prefect-github/prefect_github/schemas/graphql_schema.py,class,A,1,0,175,186,ContributionLevel
src/integrations/prefect-github/prefect_github/schemas/graphql_schema.py,class,A,1,0,195,201,DefaultRepositoryPermissionField
src/integrations/prefect-github/prefect_github/schemas/graphql_schema.py,class,A,1,0,204,219,DependencyGraphEcosystem
src/integrations/prefect-github/prefect_github/schemas/graphql_schema.py,class,A,1,0,223,229,DeploymentOrderField
src/integrations/prefect-github/prefect_github/schemas/graphql_schema.py,class,A,1,0,232,238,DeploymentProtectionRuleType
src/integrations/prefect-github/prefect_github/schemas/graphql_schema.py,class,A,1,0,241,247,DeploymentReviewState
src/integrations/prefect-github/prefect_github/schemas/graphql_schema.py,class,A,1,0,250,266,DeploymentState
src/integrations/prefect-github/prefect_github/schemas/graphql_schema.py,class,A,1,0,270,284,DeploymentStatusState
src/integrations/prefect-github/prefect_github/schemas/graphql_schema.py,class,A,1,0,288,294,DiffSide
src/integrations/prefect-github/prefect_github/schemas/graphql_schema.py,class,A,1,0,297,303,DiscussionOrderField
src/integrations/prefect-github/prefect_github/schemas/graphql_schema.py,class,A,1,0,306,312,DiscussionPollOptionOrderField
src/integrations/prefect-github/prefect_github/schemas/graphql_schema.py,class,A,1,0,315,326,DismissReason
src/integrations/prefect-github/prefect_github/schemas/graphql_schema.py,class,A,1,0,330,336,EnterpriseAdministratorInvitationOrderField
src/integrations/prefect-github/prefect_github/schemas/graphql_schema.py,class,A,1,0,339,345,EnterpriseAdministratorRole
src/integrations/prefect-github/prefect_github/schemas/graphql_schema.py,class,A,1,0,348,360,EnterpriseAllowPrivateRepositoryForkingPolicyValue
src/integrations/prefect-github/prefect_github/schemas/graphql_schema.py,class,A,1,0,364,370,EnterpriseDefaultRepositoryPermissionSettingValue
src/integrations/prefect-github/prefect_github/schemas/graphql_schema.py,class,A,1,0,373,379,EnterpriseEnabledDisabledSettingValue
src/integrations/prefect-github/prefect_github/schemas/graphql_schema.py,class,A,1,0,382,388,EnterpriseEnabledSettingValue
src/integrations/prefect-github/prefect_github/schemas/graphql_schema.py,class,A,1,0,391,397,EnterpriseMemberOrderField
src/integrations/prefect-github/prefect_github/schemas/graphql_schema.py,class,A,1,0,400,406,EnterpriseMembersCanCreateRepositoriesSettingValue
src/integrations/prefect-github/prefect_github/schemas/graphql_schema.py,class,A,1,0,409,415,EnterpriseMembersCanMakePurchasesSettingValue
src/integrations/prefect-github/prefect_github/schemas/graphql_schema.py,class,A,1,0,418,424,EnterpriseServerInstallationOrderField
src/integrations/prefect-github/prefect_github/schemas/graphql_schema.py,class,A,1,0,427,433,EnterpriseServerUserAccountEmailOrderField
src/integrations/prefect-github/prefect_github/schemas/graphql_schema.py,class,A,1,0,436,442,EnterpriseServerUserAccountOrderField
src/integrations/prefect-github/prefect_github/schemas/graphql_schema.py,class,A,1,0,445,451,EnterpriseServerUserAccountsUploadOrderField
src/integrations/prefect-github/prefect_github/schemas/graphql_schema.py,class,A,1,0,454,460,EnterpriseServerUserAccountsUploadSyncState
src/integrations/prefect-github/prefect_github/schemas/graphql_schema.py,class,A,1,0,463,469,EnterpriseUserAccountMembershipRole
src/integrations/prefect-github/prefect_github/schemas/graphql_schema.py,class,A,1,0,472,478,EnterpriseUserDeployment
src/integrations/prefect-github/prefect_github/schemas/graphql_schema.py,class,A,1,0,481,487,FileViewedState
src/integrations/prefect-github/prefect_github/schemas/graphql_schema.py,class,A,1,0,493,510,FundingPlatform
src/integrations/prefect-github/prefect_github/schemas/graphql_schema.py,class,A,1,0,514,520,GistOrderField
src/integrations/prefect-github/prefect_github/schemas/graphql_schema.py,class,A,1,0,523,529,GistPrivacy
src/integrations/prefect-github/prefect_github/schemas/graphql_schema.py,class,A,1,0,532,537,GitObjectID
src/integrations/prefect-github/prefect_github/schemas/graphql_schema.py,class,A,1,0,540,545,GitSSHRemote
src/integrations/prefect-github/prefect_github/schemas/graphql_schema.py,class,A,1,0,548,571,GitSignatureState
src/integrations/prefect-github/prefect_github/schemas/graphql_schema.py,class,A,1,0,575,580,GitTimestamp
src/integrations/prefect-github/prefect_github/schemas/graphql_schema.py,class,A,1,0,583,588,HTML
src/integrations/prefect-github/prefect_github/schemas/graphql_schema.py,class,A,1,0,594,600,IdentityProviderConfigurationState
src/integrations/prefect-github/prefect_github/schemas/graphql_schema.py,class,A,1,0,606,612,IpAllowListEnabledSettingValue
src/integrations/prefect-github/prefect_github/schemas/graphql_schema.py,class,A,1,0,615,621,IpAllowListEntryOrderField
src/integrations/prefect-github/prefect_github/schemas/graphql_schema.py,class,A,1,0,624,630,IpAllowListForInstalledAppsEnabledSettingValue
src/integrations/prefect-github/prefect_github/schemas/graphql_schema.py,class,A,1,0,633,639,IssueClosedStateReason
src/integrations/prefect-github/prefect_github/schemas/graphql_schema.py,class,A,1,0,642,648,IssueCommentOrderField
src/integrations/prefect-github/prefect_github/schemas/graphql_schema.py,class,A,1,0,651,657,IssueOrderField
src/integrations/prefect-github/prefect_github/schemas/graphql_schema.py,class,A,1,0,660,666,IssueState
src/integrations/prefect-github/prefect_github/schemas/graphql_schema.py,class,A,1,0,669,675,IssueStateReason
src/integrations/prefect-github/prefect_github/schemas/graphql_schema.py,class,A,1,0,678,715,IssueTimelineItemsItemType
src/integrations/prefect-github/prefect_github/schemas/graphql_schema.py,class,A,1,0,719,725,LabelOrderField
src/integrations/prefect-github/prefect_github/schemas/graphql_schema.py,class,A,1,0,728,734,LanguageOrderField
src/integrations/prefect-github/prefect_github/schemas/graphql_schema.py,class,A,1,0,737,743,LockReason
src/integrations/prefect-github/prefect_github/schemas/graphql_schema.py,class,A,1,0,746,752,MergeCommitMessage
src/integrations/prefect-github/prefect_github/schemas/graphql_schema.py,class,A,1,0,755,761,MergeCommitTitle
src/integrations/prefect-github/prefect_github/schemas/graphql_schema.py,class,A,1,0,764,770,MergeableState
src/integrations/prefect-github/prefect_github/schemas/graphql_schema.py,class,A,1,0,773,779,MigrationSourceType
src/integrations/prefect-github/prefect_github/schemas/graphql_schema.py,class,A,1,0,782,795,MigrationState
src/integrations/prefect-github/prefect_github/schemas/graphql_schema.py,class,A,1,0,799,805,MilestoneOrderField
src/integrations/prefect-github/prefect_github/schemas/graphql_schema.py,class,A,1,0,808,814,MilestoneState
src/integrations/prefect-github/prefect_github/schemas/graphql_schema.py,class,A,1,0,817,823,NotificationRestrictionSettingValue
src/integrations/prefect-github/prefect_github/schemas/graphql_schema.py,class,A,1,0,826,832,OIDCProviderType
src/integrations/prefect-github/prefect_github/schemas/graphql_schema.py,class,A,1,0,835,841,OauthApplicationCreateAuditEntryState
src/integrations/prefect-github/prefect_github/schemas/graphql_schema.py,class,A,1,0,844,857,OperationType
src/integrations/prefect-github/prefect_github/schemas/graphql_schema.py,class,A,1,0,861,867,OrderDirection
src/integrations/prefect-github/prefect_github/schemas/graphql_schema.py,class,A,1,0,870,876,OrgAddMemberAuditEntryPermission
src/integrations/prefect-github/prefect_github/schemas/graphql_schema.py,class,A,1,0,879,885,OrgCreateAuditEntryBillingPlan
src/integrations/prefect-github/prefect_github/schemas/graphql_schema.py,class,A,1,0,888,894,OrgEnterpriseOwnerOrderField
src/integrations/prefect-github/prefect_github/schemas/graphql_schema.py,class,A,1,0,897,906,OrgRemoveBillingManagerAuditEntryReason
src/integrations/prefect-github/prefect_github/schemas/graphql_schema.py,class,A,1,0,910,922,OrgRemoveMemberAuditEntryMembershipType
src/integrations/prefect-github/prefect_github/schemas/graphql_schema.py,class,A,1,0,926,937,OrgRemoveMemberAuditEntryReason
src/integrations/prefect-github/prefect_github/schemas/graphql_schema.py,class,A,1,0,941,947,OrgRemoveOutsideCollaboratorAuditEntryMembershipType
src/integrations/prefect-github/prefect_github/schemas/graphql_schema.py,class,A,1,0,950,958,OrgRemoveOutsideCollaboratorAuditEntryReason
src/integrations/prefect-github/prefect_github/schemas/graphql_schema.py,class,A,1,0,962,968,OrgUpdateDefaultRepositoryPermissionAuditEntryPermission
src/integrations/prefect-github/prefect_github/schemas/graphql_schema.py,class,A,1,0,971,977,OrgUpdateMemberAuditEntryPermission
src/integrations/prefect-github/prefect_github/schemas/graphql_schema.py,class,A,1,0,980,994,OrgUpdateMemberRepositoryCreationPermissionAuditEntryVisibility
src/integrations/prefect-github/prefect_github/schemas/graphql_schema.py,class,A,1,0,998,1004,OrganizationInvitationRole
src/integrations/prefect-github/prefect_github/schemas/graphql_schema.py,class,A,1,0,1007,1013,OrganizationInvitationType
src/integrations/prefect-github/prefect_github/schemas/graphql_schema.py,class,A,1,0,1016,1022,OrganizationMemberRole
src/integrations/prefect-github/prefect_github/schemas/graphql_schema.py,class,A,1,0,1025,1031,OrganizationMembersCanCreateRepositoriesSettingValue
src/integrations/prefect-github/prefect_github/schemas/graphql_schema.py,class,A,1,0,1034,1040,OrganizationOrderField
src/integrations/prefect-github/prefect_github/schemas/graphql_schema.py,class,A,1,0,1043,1049,PackageFileOrderField
src/integrations/prefect-github/prefect_github/schemas/graphql_schema.py,class,A,1,0,1052,1058,PackageOrderField
src/integrations/prefect-github/prefect_github/schemas/graphql_schema.py,class,A,1,0,1061,1067,PackageType
src/integrations/prefect-github/prefect_github/schemas/graphql_schema.py,class,A,1,0,1070,1076,PackageVersionOrderField
src/integrations/prefect-github/prefect_github/schemas/graphql_schema.py,class,A,1,0,1079,1085,PatchStatus
src/integrations/prefect-github/prefect_github/schemas/graphql_schema.py,class,A,1,0,1088,1102,PinnableItemType
src/integrations/prefect-github/prefect_github/schemas/graphql_schema.py,class,A,1,0,1106,1117,PinnedDiscussionGradient
src/integrations/prefect-github/prefect_github/schemas/graphql_schema.py,class,A,1,0,1121,1127,PinnedDiscussionPattern
src/integrations/prefect-github/prefect_github/schemas/graphql_schema.py,class,A,1,0,1130,1135,PreciseDateTime
src/integrations/prefect-github/prefect_github/schemas/graphql_schema.py,class,A,1,0,1138,1144,ProjectCardArchivedState
src/integrations/prefect-github/prefect_github/schemas/graphql_schema.py,class,A,1,0,1147,1153,ProjectCardState
src/integrations/prefect-github/prefect_github/schemas/graphql_schema.py,class,A,1,0,1156,1162,ProjectColumnPurpose
src/integrations/prefect-github/prefect_github/schemas/graphql_schema.py,class,A,1,0,1165,1171,ProjectItemType
src/integrations/prefect-github/prefect_github/schemas/graphql_schema.py,class,A,1,0,1174,1193,ProjectNextFieldType
src/integrations/prefect-github/prefect_github/schemas/graphql_schema.py,class,A,1,0,1197,1203,ProjectNextOrderField
src/integrations/prefect-github/prefect_github/schemas/graphql_schema.py,class,A,1,0,1206,1212,ProjectOrderField
src/integrations/prefect-github/prefect_github/schemas/graphql_schema.py,class,A,1,0,1215,1221,ProjectState
src/integrations/prefect-github/prefect_github/schemas/graphql_schema.py,class,A,1,0,1224,1234,ProjectTemplate
src/integrations/prefect-github/prefect_github/schemas/graphql_schema.py,class,A,1,0,1238,1244,ProjectV2FieldOrderField
src/integrations/prefect-github/prefect_github/schemas/graphql_schema.py,class,A,1,0,1247,1266,ProjectV2FieldType
src/integrations/prefect-github/prefect_github/schemas/graphql_schema.py,class,A,1,0,1270,1276,ProjectV2ItemFieldValueOrderField
src/integrations/prefect-github/prefect_github/schemas/graphql_schema.py,class,A,1,0,1279,1285,ProjectV2ItemOrderField
src/integrations/prefect-github/prefect_github/schemas/graphql_schema.py,class,A,1,0,1288,1294,ProjectV2ItemType
src/integrations/prefect-github/prefect_github/schemas/graphql_schema.py,class,A,1,0,1297,1303,ProjectV2OrderField
src/integrations/prefect-github/prefect_github/schemas/graphql_schema.py,class,A,1,0,1306,1312,ProjectV2ViewLayout
src/integrations/prefect-github/prefect_github/schemas/graphql_schema.py,class,A,1,0,1315,1321,ProjectV2ViewOrderField
src/integrations/prefect-github/prefect_github/schemas/graphql_schema.py,class,A,1,0,1324,1330,ProjectViewLayout
src/integrations/prefect-github/prefect_github/schemas/graphql_schema.py,class,A,1,0,1333,1339,PullRequestMergeMethod
src/integrations/prefect-github/prefect_github/schemas/graphql_schema.py,class,A,1,0,1342,1348,PullRequestOrderField
src/integrations/prefect-github/prefect_github/schemas/graphql_schema.py,class,A,1,0,1351,1357,PullRequestReviewCommentState
src/integrations/prefect-github/prefect_github/schemas/graphql_schema.py,class,A,1,0,1360,1366,PullRequestReviewDecision
src/integrations/prefect-github/prefect_github/schemas/graphql_schema.py,class,A,1,0,1369,1375,PullRequestReviewEvent
src/integrations/prefect-github/prefect_github/schemas/graphql_schema.py,class,A,1,0,1378,1384,PullRequestReviewState
src/integrations/prefect-github/prefect_github/schemas/graphql_schema.py,class,A,1,0,1387,1393,PullRequestState
src/integrations/prefect-github/prefect_github/schemas/graphql_schema.py,class,A,1,0,1396,1460,PullRequestTimelineItemsItemType
src/integrations/prefect-github/prefect_github/schemas/graphql_schema.py,class,A,1,0,1464,1470,PullRequestUpdateState
src/integrations/prefect-github/prefect_github/schemas/graphql_schema.py,class,A,1,0,1473,1487,ReactionContent
src/integrations/prefect-github/prefect_github/schemas/graphql_schema.py,class,A,1,0,1491,1497,ReactionOrderField
src/integrations/prefect-github/prefect_github/schemas/graphql_schema.py,class,A,1,0,1500,1506,RefOrderField
src/integrations/prefect-github/prefect_github/schemas/graphql_schema.py,class,A,1,0,1509,1515,ReleaseOrderField
src/integrations/prefect-github/prefect_github/schemas/graphql_schema.py,class,A,1,0,1518,1524,RepoAccessAuditEntryVisibility
src/integrations/prefect-github/prefect_github/schemas/graphql_schema.py,class,A,1,0,1527,1533,RepoAddMemberAuditEntryVisibility
src/integrations/prefect-github/prefect_github/schemas/graphql_schema.py,class,A,1,0,1536,1542,RepoArchivedAuditEntryVisibility
src/integrations/prefect-github/prefect_github/schemas/graphql_schema.py,class,A,1,0,1545,1551,RepoChangeMergeSettingAuditEntryMergeType
src/integrations/prefect-github/prefect_github/schemas/graphql_schema.py,class,A,1,0,1554,1560,RepoCreateAuditEntryVisibility
src/integrations/prefect-github/prefect_github/schemas/graphql_schema.py,class,A,1,0,1563,1569,RepoDestroyAuditEntryVisibility
src/integrations/prefect-github/prefect_github/schemas/graphql_schema.py,class,A,1,0,1572,1578,RepoRemoveMemberAuditEntryVisibility
src/integrations/prefect-github/prefect_github/schemas/graphql_schema.py,class,A,1,0,1581,1587,ReportedContentClassifiers
src/integrations/prefect-github/prefect_github/schemas/graphql_schema.py,class,A,1,0,1590,1596,RepositoryAffiliation
src/integrations/prefect-github/prefect_github/schemas/graphql_schema.py,class,A,1,0,1599,1610,RepositoryContributionType
src/integrations/prefect-github/prefect_github/schemas/graphql_schema.py,class,A,1,0,1614,1624,RepositoryInteractionLimit
src/integrations/prefect-github/prefect_github/schemas/graphql_schema.py,class,A,1,0,1628,1634,RepositoryInteractionLimitExpiry
src/integrations/prefect-github/prefect_github/schemas/graphql_schema.py,class,A,1,0,1637,1643,RepositoryInteractionLimitOrigin
src/integrations/prefect-github/prefect_github/schemas/graphql_schema.py,class,A,1,0,1646,1652,RepositoryInvitationOrderField
src/integrations/prefect-github/prefect_github/schemas/graphql_schema.py,class,A,1,0,1655,1661,RepositoryLockReason
src/integrations/prefect-github/prefect_github/schemas/graphql_schema.py,class,A,1,0,1664,1670,RepositoryMigrationOrderDirection
src/integrations/prefect-github/prefect_github/schemas/graphql_schema.py,class,A,1,0,1673,1679,RepositoryMigrationOrderField
src/integrations/prefect-github/prefect_github/schemas/graphql_schema.py,class,A,1,0,1682,1688,RepositoryOrderField
src/integrations/prefect-github/prefect_github/schemas/graphql_schema.py,class,A,1,0,1691,1697,RepositoryPermission
src/integrations/prefect-github/prefect_github/schemas/graphql_schema.py,class,A,1,0,1700,1706,RepositoryPrivacy
src/integrations/prefect-github/prefect_github/schemas/graphql_schema.py,class,A,1,0,1709,1715,RepositoryVisibility
src/integrations/prefect-github/prefect_github/schemas/graphql_schema.py,class,A,1,0,1718,1724,RepositoryVulnerabilityAlertDependencyScope
src/integrations/prefect-github/prefect_github/schemas/graphql_schema.py,class,A,1,0,1727,1733,RepositoryVulnerabilityAlertState
src/integrations/prefect-github/prefect_github/schemas/graphql_schema.py,class,A,1,0,1736,1742,RequestableCheckStatusState
src/integrations/prefect-github/prefect_github/schemas/graphql_schema.py,class,A,1,0,1745,1751,RoleInOrganization
src/integrations/prefect-github/prefect_github/schemas/graphql_schema.py,class,A,1,0,1754,1760,SamlDigestAlgorithm
src/integrations/prefect-github/prefect_github/schemas/graphql_schema.py,class,A,1,0,1763,1769,SamlSignatureAlgorithm
src/integrations/prefect-github/prefect_github/schemas/graphql_schema.py,class,A,1,0,1772,1778,SavedReplyOrderField
src/integrations/prefect-github/prefect_github/schemas/graphql_schema.py,class,A,1,0,1781,1787,SearchType
src/integrations/prefect-github/prefect_github/schemas/graphql_schema.py,class,A,1,0,1790,1796,SecurityAdvisoryClassification
src/integrations/prefect-github/prefect_github/schemas/graphql_schema.py,class,A,1,0,1799,1815,SecurityAdvisoryEcosystem
src/integrations/prefect-github/prefect_github/schemas/graphql_schema.py,class,A,1,0,1819,1825,SecurityAdvisoryIdentifierType
src/integrations/prefect-github/prefect_github/schemas/graphql_schema.py,class,A,1,0,1828,1834,SecurityAdvisoryOrderField
src/integrations/prefect-github/prefect_github/schemas/graphql_schema.py,class,A,1,0,1837,1843,SecurityAdvisorySeverity
src/integrations/prefect-github/prefect_github/schemas/graphql_schema.py,class,A,1,0,1846,1852,SecurityVulnerabilityOrderField
src/integrations/prefect-github/prefect_github/schemas/graphql_schema.py,class,A,1,0,1855,1861,SponsorOrderField
src/integrations/prefect-github/prefect_github/schemas/graphql_schema.py,class,A,1,0,1864,1870,SponsorableOrderField
src/integrations/prefect-github/prefect_github/schemas/graphql_schema.py,class,A,1,0,1873,1885,SponsorsActivityAction
src/integrations/prefect-github/prefect_github/schemas/graphql_schema.py,class,A,1,0,1889,1895,SponsorsActivityOrderField
src/integrations/prefect-github/prefect_github/schemas/graphql_schema.py,class,A,1,0,1898,1904,SponsorsActivityPeriod
src/integrations/prefect-github/prefect_github/schemas/graphql_schema.py,class,A,1,0,1907,1913,SponsorsGoalKind
src/integrations/prefect-github/prefect_github/schemas/graphql_schema.py,class,A,1,0,1916,1922,SponsorsTierOrderField
src/integrations/prefect-github/prefect_github/schemas/graphql_schema.py,class,A,1,0,1925,1931,SponsorshipNewsletterOrderField
src/integrations/prefect-github/prefect_github/schemas/graphql_schema.py,class,A,1,0,1934,1940,SponsorshipOrderField
src/integrations/prefect-github/prefect_github/schemas/graphql_schema.py,class,A,1,0,1943,1949,SponsorshipPrivacy
src/integrations/prefect-github/prefect_github/schemas/graphql_schema.py,class,A,1,0,1952,1958,SquashMergeCommitMessage
src/integrations/prefect-github/prefect_github/schemas/graphql_schema.py,class,A,1,0,1961,1967,SquashMergeCommitTitle
src/integrations/prefect-github/prefect_github/schemas/graphql_schema.py,class,A,1,0,1970,1976,StarOrderField
src/integrations/prefect-github/prefect_github/schemas/graphql_schema.py,class,A,1,0,1979,1985,StatusState
src/integrations/prefect-github/prefect_github/schemas/graphql_schema.py,class,A,1,0,1991,1997,SubscriptionState
src/integrations/prefect-github/prefect_github/schemas/graphql_schema.py,class,A,1,0,2000,2006,TeamDiscussionCommentOrderField
src/integrations/prefect-github/prefect_github/schemas/graphql_schema.py,class,A,1,0,2009,2015,TeamDiscussionOrderField
src/integrations/prefect-github/prefect_github/schemas/graphql_schema.py,class,A,1,0,2018,2024,TeamMemberOrderField
src/integrations/prefect-github/prefect_github/schemas/graphql_schema.py,class,A,1,0,2027,2033,TeamMemberRole
src/integrations/prefect-github/prefect_github/schemas/graphql_schema.py,class,A,1,0,2036,2042,TeamMembershipType
src/integrations/prefect-github/prefect_github/schemas/graphql_schema.py,class,A,1,0,2045,2051,TeamOrderField
src/integrations/prefect-github/prefect_github/schemas/graphql_schema.py,class,A,1,0,2054,2060,TeamPrivacy
src/integrations/prefect-github/prefect_github/schemas/graphql_schema.py,class,A,1,0,2063,2075,TeamRepositoryOrderField
src/integrations/prefect-github/prefect_github/schemas/graphql_schema.py,class,A,1,0,2079,2085,TeamRole
src/integrations/prefect-github/prefect_github/schemas/graphql_schema.py,class,A,1,0,2088,2094,TopicSuggestionDeclineReason
src/integrations/prefect-github/prefect_github/schemas/graphql_schema.py,class,A,1,0,2097,2103,TrackedIssueStates
src/integrations/prefect-github/prefect_github/schemas/graphql_schema.py,class,A,1,0,2106,2111,URI
src/integrations/prefect-github/prefect_github/schemas/graphql_schema.py,class,A,1,0,2114,2120,UserBlockDuration
src/integrations/prefect-github/prefect_github/schemas/graphql_schema.py,class,A,1,0,2123,2129,UserStatusOrderField
src/integrations/prefect-github/prefect_github/schemas/graphql_schema.py,class,A,1,0,2132,2138,VerifiableDomainOrderField
src/integrations/prefect-github/prefect_github/schemas/graphql_schema.py,class,A,1,0,2141,2147,WorkflowRunOrderField
src/integrations/prefect-github/prefect_github/schemas/graphql_schema.py,class,A,1,0,2150,2155,X509Certificate
src/integrations/prefect-github/prefect_github/schemas/graphql_schema.py,class,A,1,0,2161,2169,AbortQueuedMigrationsInput
src/integrations/prefect-github/prefect_github/schemas/graphql_schema.py,class,A,1,0,2172,2182,AcceptEnterpriseAdministratorInvitationInput
src/integrations/prefect-github/prefect_github/schemas/graphql_schema.py,class,A,1,0,2185,2196,AcceptTopicSuggestionInput
src/integrations/prefect-github/prefect_github/schemas/graphql_schema.py,class,A,1,0,2199,2213,AddAssigneesToAssignableInput
src/integrations/prefect-github/prefect_github/schemas/graphql_schema.py,class,A,1,0,2216,2225,AddCommentInput
src/integrations/prefect-github/prefect_github/schemas/graphql_schema.py,class,A,1,0,2228,2240,AddDiscussionCommentInput
src/integrations/prefect-github/prefect_github/schemas/graphql_schema.py,class,A,1,0,2243,2253,AddDiscussionPollVoteInput
src/integrations/prefect-github/prefect_github/schemas/graphql_schema.py,class,A,1,0,2256,2267,AddEnterpriseSupportEntitlementInput
src/integrations/prefect-github/prefect_github/schemas/graphql_schema.py,class,A,1,0,2270,2284,AddLabelsToLabelableInput
src/integrations/prefect-github/prefect_github/schemas/graphql_schema.py,class,A,1,0,2287,2299,AddProjectCardInput
src/integrations/prefect-github/prefect_github/schemas/graphql_schema.py,class,A,1,0,2302,2311,AddProjectColumnInput
src/integrations/prefect-github/prefect_github/schemas/graphql_schema.py,class,A,1,0,2314,2333,AddProjectDraftIssueInput
src/integrations/prefect-github/prefect_github/schemas/graphql_schema.py,class,A,1,0,2336,2345,AddProjectNextItemInput
src/integrations/prefect-github/prefect_github/schemas/graphql_schema.py,class,A,1,0,2348,2367,AddProjectV2DraftIssueInput
src/integrations/prefect-github/prefect_github/schemas/graphql_schema.py,class,A,1,0,2370,2379,AddProjectV2ItemByIdInput
src/integrations/prefect-github/prefect_github/schemas/graphql_schema.py,class,A,1,0,2382,2405,AddPullRequestReviewCommentInput
src/integrations/prefect-github/prefect_github/schemas/graphql_schema.py,class,A,1,0,2408,2435,AddPullRequestReviewInput
src/integrations/prefect-github/prefect_github/schemas/graphql_schema.py,class,A,1,0,2438,2463,AddPullRequestReviewThreadInput
src/integrations/prefect-github/prefect_github/schemas/graphql_schema.py,class,A,1,0,2466,2477,AddReactionInput
src/integrations/prefect-github/prefect_github/schemas/graphql_schema.py,class,A,1,0,2480,2490,AddStarInput
src/integrations/prefect-github/prefect_github/schemas/graphql_schema.py,class,A,1,0,2493,2501,AddUpvoteInput
src/integrations/prefect-github/prefect_github/schemas/graphql_schema.py,class,A,1,0,2504,2513,AddVerifiableDomainInput
src/integrations/prefect-github/prefect_github/schemas/graphql_schema.py,class,A,1,0,2516,2536,ApproveDeploymentsInput
src/integrations/prefect-github/prefect_github/schemas/graphql_schema.py,class,A,1,0,2539,2547,ApproveVerifiableDomainInput
src/integrations/prefect-github/prefect_github/schemas/graphql_schema.py,class,A,1,0,2550,2560,ArchiveRepositoryInput
src/integrations/prefect-github/prefect_github/schemas/graphql_schema.py,class,A,1,0,2563,2571,AuditLogOrder
src/integrations/prefect-github/prefect_github/schemas/graphql_schema.py,class,A,1,0,2574,2584,CancelEnterpriseAdminInvitationInput
src/integrations/prefect-github/prefect_github/schemas/graphql_schema.py,class,A,1,0,2587,2604,CancelSponsorshipInput
src/integrations/prefect-github/prefect_github/schemas/graphql_schema.py,class,A,1,0,2607,2628,ChangeUserStatusInput
src/integrations/prefect-github/prefect_github/schemas/graphql_schema.py,class,A,1,0,2631,2654,CheckAnnotationData
src/integrations/prefect-github/prefect_github/schemas/graphql_schema.py,class,A,1,0,2657,2667,CheckAnnotationRange
src/integrations/prefect-github/prefect_github/schemas/graphql_schema.py,class,A,1,0,2670,2682,CheckRunAction
src/integrations/prefect-github/prefect_github/schemas/graphql_schema.py,class,A,1,0,2686,2710,CheckRunFilter
src/integrations/prefect-github/prefect_github/schemas/graphql_schema.py,class,A,1,0,2714,2730,CheckRunOutput
src/integrations/prefect-github/prefect_github/schemas/graphql_schema.py,class,A,1,0,2734,2743,CheckRunOutputImage
src/integrations/prefect-github/prefect_github/schemas/graphql_schema.py,class,A,1,0,2746,2754,CheckSuiteAutoTriggerPreference
src/integrations/prefect-github/prefect_github/schemas/graphql_schema.py,class,A,1,0,2757,2765,CheckSuiteFilter
src/integrations/prefect-github/prefect_github/schemas/graphql_schema.py,class,A,1,0,2768,2778,ClearLabelsFromLabelableInput
src/integrations/prefect-github/prefect_github/schemas/graphql_schema.py,class,A,1,0,2781,2791,ClearProjectV2ItemFieldValueInput
src/integrations/prefect-github/prefect_github/schemas/graphql_schema.py,class,A,1,0,2794,2819,CloneProjectInput
src/integrations/prefect-github/prefect_github/schemas/graphql_schema.py,class,A,1,0,2822,2847,CloneTemplateRepositoryInput
src/integrations/prefect-github/prefect_github/schemas/graphql_schema.py,class,A,1,0,2850,2859,CloseIssueInput
src/integrations/prefect-github/prefect_github/schemas/graphql_schema.py,class,A,1,0,2862,2872,ClosePullRequestInput
src/integrations/prefect-github/prefect_github/schemas/graphql_schema.py,class,A,1,0,2875,2884,CommitAuthor
src/integrations/prefect-github/prefect_github/schemas/graphql_schema.py,class,A,1,0,2888,2899,CommitContributionOrder
src/integrations/prefect-github/prefect_github/schemas/graphql_schema.py,class,A,1,0,2903,2911,CommitMessage
src/integrations/prefect-github/prefect_github/schemas/graphql_schema.py,class,A,1,0,2914,2925,CommittableBranch
src/integrations/prefect-github/prefect_github/schemas/graphql_schema.py,class,A,1,0,2928,2936,ContributionOrder
src/integrations/prefect-github/prefect_github/schemas/graphql_schema.py,class,A,1,0,2940,2961,ConvertProjectCardNoteToIssueInput
src/integrations/prefect-github/prefect_github/schemas/graphql_schema.py,class,A,1,0,2964,2974,ConvertPullRequestToDraftInput
src/integrations/prefect-github/prefect_github/schemas/graphql_schema.py,class,A,1,0,2977,3071,CreateBranchProtectionRuleInput
src/integrations/prefect-github/prefect_github/schemas/graphql_schema.py,class,A,1,0,3074,3112,CreateCheckRunInput
src/integrations/prefect-github/prefect_github/schemas/graphql_schema.py,class,A,1,0,3115,3128,CreateCheckSuiteInput
src/integrations/prefect-github/prefect_github/schemas/graphql_schema.py,class,A,1,0,3131,3154,CreateCommitOnBranchInput
src/integrations/prefect-github/prefect_github/schemas/graphql_schema.py,class,A,1,0,3157,3176,CreateDiscussionInput
src/integrations/prefect-github/prefect_github/schemas/graphql_schema.py,class,A,1,0,3179,3207,CreateEnterpriseOrganizationInput
src/integrations/prefect-github/prefect_github/schemas/graphql_schema.py,class,A,1,0,3210,3221,CreateEnvironmentInput
src/integrations/prefect-github/prefect_github/schemas/graphql_schema.py,class,A,1,0,3224,3245,CreateIpAllowListEntryInput
src/integrations/prefect-github/prefect_github/schemas/graphql_schema.py,class,A,1,0,3248,3281,CreateIssueInput
src/integrations/prefect-github/prefect_github/schemas/graphql_schema.py,class,A,1,0,3284,3307,CreateMigrationSourceInput
src/integrations/prefect-github/prefect_github/schemas/graphql_schema.py,class,A,1,0,3310,3331,CreateProjectInput
src/integrations/prefect-github/prefect_github/schemas/graphql_schema.py,class,A,1,0,3334,3343,CreateProjectV2Input
src/integrations/prefect-github/prefect_github/schemas/graphql_schema.py,class,A,1,0,3346,3377,CreatePullRequestInput
src/integrations/prefect-github/prefect_github/schemas/graphql_schema.py,class,A,1,0,3380,3392,CreateRefInput
src/integrations/prefect-github/prefect_github/schemas/graphql_schema.py,class,A,1,0,3395,3424,CreateRepositoryInput
src/integrations/prefect-github/prefect_github/schemas/graphql_schema.py,class,A,1,0,3427,3460,CreateSponsorsTierInput
src/integrations/prefect-github/prefect_github/schemas/graphql_schema.py,class,A,1,0,3463,3490,CreateSponsorshipInput
src/integrations/prefect-github/prefect_github/schemas/graphql_schema.py,class,A,1,0,3493,3504,CreateTeamDiscussionCommentInput
src/integrations/prefect-github/prefect_github/schemas/graphql_schema.py,class,A,1,0,3507,3518,CreateTeamDiscussionInput
src/integrations/prefect-github/prefect_github/schemas/graphql_schema.py,class,A,1,0,3521,3535,DeclineTopicSuggestionInput
src/integrations/prefect-github/prefect_github/schemas/graphql_schema.py,class,A,1,0,3538,3548,DeleteBranchProtectionRuleInput
src/integrations/prefect-github/prefect_github/schemas/graphql_schema.py,class,A,1,0,3551,3559,DeleteDeploymentInput
src/integrations/prefect-github/prefect_github/schemas/graphql_schema.py,class,A,1,0,3562,3570,DeleteDiscussionCommentInput
src/integrations/prefect-github/prefect_github/schemas/graphql_schema.py,class,A,1,0,3573,3581,DeleteDiscussionInput
src/integrations/prefect-github/prefect_github/schemas/graphql_schema.py,class,A,1,0,3584,3592,DeleteEnvironmentInput
src/integrations/prefect-github/prefect_github/schemas/graphql_schema.py,class,A,1,0,3595,3605,DeleteIpAllowListEntryInput
src/integrations/prefect-github/prefect_github/schemas/graphql_schema.py,class,A,1,0,3608,3616,DeleteIssueCommentInput
src/integrations/prefect-github/prefect_github/schemas/graphql_schema.py,class,A,1,0,3619,3627,DeleteIssueInput
src/integrations/prefect-github/prefect_github/schemas/graphql_schema.py,class,A,1,0,3630,3638,DeleteProjectCardInput
src/integrations/prefect-github/prefect_github/schemas/graphql_schema.py,class,A,1,0,3641,3649,DeleteProjectColumnInput
src/integrations/prefect-github/prefect_github/schemas/graphql_schema.py,class,A,1,0,3652,3660,DeleteProjectInput
src/integrations/prefect-github/prefect_github/schemas/graphql_schema.py,class,A,1,0,3663,3672,DeleteProjectNextItemInput
src/integrations/prefect-github/prefect_github/schemas/graphql_schema.py,class,A,1,0,3675,3684,DeleteProjectV2ItemInput
src/integrations/prefect-github/prefect_github/schemas/graphql_schema.py,class,A,1,0,3687,3695,DeletePullRequestReviewCommentInput
src/integrations/prefect-github/prefect_github/schemas/graphql_schema.py,class,A,1,0,3698,3708,DeletePullRequestReviewInput
src/integrations/prefect-github/prefect_github/schemas/graphql_schema.py,class,A,1,0,3711,3719,DeleteRefInput
src/integrations/prefect-github/prefect_github/schemas/graphql_schema.py,class,A,1,0,3722,3730,DeleteTeamDiscussionCommentInput
src/integrations/prefect-github/prefect_github/schemas/graphql_schema.py,class,A,1,0,3733,3741,DeleteTeamDiscussionInput
src/integrations/prefect-github/prefect_github/schemas/graphql_schema.py,class,A,1,0,3744,3752,DeleteVerifiableDomainInput
src/integrations/prefect-github/prefect_github/schemas/graphql_schema.py,class,A,1,0,3755,3766,DeploymentOrder
src/integrations/prefect-github/prefect_github/schemas/graphql_schema.py,class,A,1,0,3770,3780,DisablePullRequestAutoMergeInput
src/integrations/prefect-github/prefect_github/schemas/graphql_schema.py,class,A,1,0,3783,3794,DiscussionOrder
src/integrations/prefect-github/prefect_github/schemas/graphql_schema.py,class,A,1,0,3798,3809,DiscussionPollOptionOrder
src/integrations/prefect-github/prefect_github/schemas/graphql_schema.py,class,A,1,0,3813,3824,DismissPullRequestReviewInput
src/integrations/prefect-github/prefect_github/schemas/graphql_schema.py,class,A,1,0,3827,3844,DismissRepositoryVulnerabilityAlertInput
src/integrations/prefect-github/prefect_github/schemas/graphql_schema.py,class,A,1,0,3847,3856,DraftPullRequestReviewComment
src/integrations/prefect-github/prefect_github/schemas/graphql_schema.py,class,A,1,0,3859,3871,DraftPullRequestReviewThread
src/integrations/prefect-github/prefect_github/schemas/graphql_schema.py,class,A,1,0,3874,3895,EnablePullRequestAutoMergeInput
src/integrations/prefect-github/prefect_github/schemas/graphql_schema.py,class,A,1,0,3898,3910,EnterpriseAdministratorInvitationOrder
src/integrations/prefect-github/prefect_github/schemas/graphql_schema.py,class,A,1,0,3914,3925,EnterpriseMemberOrder
src/integrations/prefect-github/prefect_github/schemas/graphql_schema.py,class,A,1,0,3929,3941,EnterpriseServerInstallationOrder
src/integrations/prefect-github/prefect_github/schemas/graphql_schema.py,class,A,1,0,3945,3957,EnterpriseServerUserAccountEmailOrder
src/integrations/prefect-github/prefect_github/schemas/graphql_schema.py,class,A,1,0,3961,3973,EnterpriseServerUserAccountOrder
src/integrations/prefect-github/prefect_github/schemas/graphql_schema.py,class,A,1,0,3977,3989,EnterpriseServerUserAccountsUploadOrder
src/integrations/prefect-github/prefect_github/schemas/graphql_schema.py,class,A,1,0,3993,4002,FileAddition
src/integrations/prefect-github/prefect_github/schemas/graphql_schema.py,class,A,1,0,4006,4019,FileChanges
src/integrations/prefect-github/prefect_github/schemas/graphql_schema.py,class,A,1,0,4023,4030,FileDeletion
src/integrations/prefect-github/prefect_github/schemas/graphql_schema.py,class,A,1,0,4033,4043,FollowOrganizationInput
src/integrations/prefect-github/prefect_github/schemas/graphql_schema.py,class,A,1,0,4046,4054,FollowUserInput
src/integrations/prefect-github/prefect_github/schemas/graphql_schema.py,class,A,1,0,4057,4068,GistOrder
src/integrations/prefect-github/prefect_github/schemas/graphql_schema.py,class,A,1,0,4072,4083,GrantEnterpriseOrganizationsMigratorRoleInput
src/integrations/prefect-github/prefect_github/schemas/graphql_schema.py,class,A,1,0,4086,4100,GrantMigratorRoleInput
src/integrations/prefect-github/prefect_github/schemas/graphql_schema.py,class,A,1,0,4103,4122,InviteEnterpriseAdminInput
src/integrations/prefect-github/prefect_github/schemas/graphql_schema.py,class,A,1,0,4125,4136,IpAllowListEntryOrder
src/integrations/prefect-github/prefect_github/schemas/graphql_schema.py,class,A,1,0,4140,4151,IssueCommentOrder
src/integrations/prefect-github/prefect_github/schemas/graphql_schema.py,class,A,1,0,4155,4184,IssueFilters
src/integrations/prefect-github/prefect_github/schemas/graphql_schema.py,class,A,1,0,4187,4198,IssueOrder
src/integrations/prefect-github/prefect_github/schemas/graphql_schema.py,class,A,1,0,4202,4213,LabelOrder
src/integrations/prefect-github/prefect_github/schemas/graphql_schema.py,class,A,1,0,4217,4228,LanguageOrder
src/integrations/prefect-github/prefect_github/schemas/graphql_schema.py,class,A,1,0,4232,4243,LinkRepositoryToProjectInput
src/integrations/prefect-github/prefect_github/schemas/graphql_schema.py,class,A,1,0,4246,4255,LockLockableInput
src/integrations/prefect-github/prefect_github/schemas/graphql_schema.py,class,A,1,0,4258,4266,MarkDiscussionCommentAsAnswerInput
src/integrations/prefect-github/prefect_github/schemas/graphql_schema.py,class,A,1,0,4269,4280,MarkFileAsViewedInput
src/integrations/prefect-github/prefect_github/schemas/graphql_schema.py,class,A,1,0,4283,4293,MarkPullRequestReadyForReviewInput
src/integrations/prefect-github/prefect_github/schemas/graphql_schema.py,class,A,1,0,4296,4317,MergeBranchInput
src/integrations/prefect-github/prefect_github/schemas/graphql_schema.py,class,A,1,0,4320,4343,MergePullRequestInput
src/integrations/prefect-github/prefect_github/schemas/graphql_schema.py,class,A,1,0,4346,4357,MilestoneOrder
src/integrations/prefect-github/prefect_github/schemas/graphql_schema.py,class,A,1,0,4361,4372,MinimizeCommentInput
src/integrations/prefect-github/prefect_github/schemas/graphql_schema.py,class,A,1,0,4375,4385,MoveProjectCardInput
src/integrations/prefect-github/prefect_github/schemas/graphql_schema.py,class,A,1,0,4388,4397,MoveProjectColumnInput
src/integrations/prefect-github/prefect_github/schemas/graphql_schema.py,class,A,1,0,4400,4411,OrgEnterpriseOwnerOrder
src/integrations/prefect-github/prefect_github/schemas/graphql_schema.py,class,A,1,0,4415,4426,OrganizationOrder
src/integrations/prefect-github/prefect_github/schemas/graphql_schema.py,class,A,1,0,4430,4438,PackageFileOrder
src/integrations/prefect-github/prefect_github/schemas/graphql_schema.py,class,A,1,0,4441,4449,PackageOrder
src/integrations/prefect-github/prefect_github/schemas/graphql_schema.py,class,A,1,0,4452,4460,PackageVersionOrder
src/integrations/prefect-github/prefect_github/schemas/graphql_schema.py,class,A,1,0,4463,4471,PinIssueInput
src/integrations/prefect-github/prefect_github/schemas/graphql_schema.py,class,A,1,0,4474,4485,ProjectOrder
src/integrations/prefect-github/prefect_github/schemas/graphql_schema.py,class,A,1,0,4489,4500,ProjectV2FieldOrder
src/integrations/prefect-github/prefect_github/schemas/graphql_schema.py,class,A,1,0,4504,4523,ProjectV2FieldValue
src/integrations/prefect-github/prefect_github/schemas/graphql_schema.py,class,A,1,0,4526,4537,ProjectV2ItemFieldValueOrder
src/integrations/prefect-github/prefect_github/schemas/graphql_schema.py,class,A,1,0,4541,4552,ProjectV2ItemOrder
src/integrations/prefect-github/prefect_github/schemas/graphql_schema.py,class,A,1,0,4556,4567,ProjectV2Order
src/integrations/prefect-github/prefect_github/schemas/graphql_schema.py,class,A,1,0,4571,4582,ProjectV2ViewOrder
src/integrations/prefect-github/prefect_github/schemas/graphql_schema.py,class,A,1,0,4586,4597,PullRequestOrder
src/integrations/prefect-github/prefect_github/schemas/graphql_schema.py,class,A,1,0,4601,4612,ReactionOrder
src/integrations/prefect-github/prefect_github/schemas/graphql_schema.py,class,A,1,0,4616,4625,RefOrder
src/integrations/prefect-github/prefect_github/schemas/graphql_schema.py,class,A,1,0,4629,4639,RegenerateEnterpriseIdentityProviderRecoveryCodesInput
src/integrations/prefect-github/prefect_github/schemas/graphql_schema.py,class,A,1,0,4642,4650,RegenerateVerifiableDomainTokenInput
src/integrations/prefect-github/prefect_github/schemas/graphql_schema.py,class,A,1,0,4653,4673,RejectDeploymentsInput
src/integrations/prefect-github/prefect_github/schemas/graphql_schema.py,class,A,1,0,4676,4687,ReleaseOrder
src/integrations/prefect-github/prefect_github/schemas/graphql_schema.py,class,A,1,0,4691,4705,RemoveAssigneesFromAssignableInput
src/integrations/prefect-github/prefect_github/schemas/graphql_schema.py,class,A,1,0,4708,4719,RemoveEnterpriseAdminInput
src/integrations/prefect-github/prefect_github/schemas/graphql_schema.py,class,A,1,0,4722,4732,RemoveEnterpriseIdentityProviderInput
src/integrations/prefect-github/prefect_github/schemas/graphql_schema.py,class,A,1,0,4735,4748,RemoveEnterpriseOrganizationInput
src/integrations/prefect-github/prefect_github/schemas/graphql_schema.py,class,A,1,0,4751,4762,RemoveEnterpriseSupportEntitlementInput
src/integrations/prefect-github/prefect_github/schemas/graphql_schema.py,class,A,1,0,4765,4779,RemoveLabelsFromLabelableInput
src/integrations/prefect-github/prefect_github/schemas/graphql_schema.py,class,A,1,0,4782,4793,RemoveOutsideCollaboratorInput
src/integrations/prefect-github/prefect_github/schemas/graphql_schema.py,class,A,1,0,4796,4807,RemoveReactionInput
src/integrations/prefect-github/prefect_github/schemas/graphql_schema.py,class,A,1,0,4810,4820,RemoveStarInput
src/integrations/prefect-github/prefect_github/schemas/graphql_schema.py,class,A,1,0,4823,4831,RemoveUpvoteInput
src/integrations/prefect-github/prefect_github/schemas/graphql_schema.py,class,A,1,0,4834,4842,ReopenIssueInput
src/integrations/prefect-github/prefect_github/schemas/graphql_schema.py,class,A,1,0,4845,4855,ReopenPullRequestInput
src/integrations/prefect-github/prefect_github/schemas/graphql_schema.py,class,A,1,0,4858,4869,RepositoryInvitationOrder
src/integrations/prefect-github/prefect_github/schemas/graphql_schema.py,class,A,1,0,4873,4885,RepositoryMigrationOrder
src/integrations/prefect-github/prefect_github/schemas/graphql_schema.py,class,A,1,0,4889,4900,RepositoryOrder
src/integrations/prefect-github/prefect_github/schemas/graphql_schema.py,class,A,1,0,4904,4927,RequestReviewsInput
src/integrations/prefect-github/prefect_github/schemas/graphql_schema.py,class,A,1,0,4930,4938,RequiredStatusCheckInput
src/integrations/prefect-github/prefect_github/schemas/graphql_schema.py,class,A,1,0,4941,4954,RerequestCheckSuiteInput
src/integrations/prefect-github/prefect_github/schemas/graphql_schema.py,class,A,1,0,4957,4965,ResolveReviewThreadInput
src/integrations/prefect-github/prefect_github/schemas/graphql_schema.py,class,A,1,0,4968,4979,RevokeEnterpriseOrganizationsMigratorRoleInput
src/integrations/prefect-github/prefect_github/schemas/graphql_schema.py,class,A,1,0,4982,4996,RevokeMigratorRoleInput
src/integrations/prefect-github/prefect_github/schemas/graphql_schema.py,class,A,1,0,4999,5010,SavedReplyOrder
src/integrations/prefect-github/prefect_github/schemas/graphql_schema.py,class,A,1,0,5014,5024,SecurityAdvisoryIdentifierFilter
src/integrations/prefect-github/prefect_github/schemas/graphql_schema.py,class,A,1,0,5027,5038,SecurityAdvisoryOrder
src/integrations/prefect-github/prefect_github/schemas/graphql_schema.py,class,A,1,0,5042,5053,SecurityVulnerabilityOrder
src/integrations/prefect-github/prefect_github/schemas/graphql_schema.py,class,A,1,0,5057,5086,SetEnterpriseIdentityProviderInput
src/integrations/prefect-github/prefect_github/schemas/graphql_schema.py,class,A,1,0,5089,5103,SetOrganizationInteractionLimitInput
src/integrations/prefect-github/prefect_github/schemas/graphql_schema.py,class,A,1,0,5106,5120,SetRepositoryInteractionLimitInput
src/integrations/prefect-github/prefect_github/schemas/graphql_schema.py,class,A,1,0,5123,5135,SetUserInteractionLimitInput
src/integrations/prefect-github/prefect_github/schemas/graphql_schema.py,class,A,1,0,5138,5149,SponsorOrder
src/integrations/prefect-github/prefect_github/schemas/graphql_schema.py,class,A,1,0,5153,5164,SponsorableOrder
src/integrations/prefect-github/prefect_github/schemas/graphql_schema.py,class,A,1,0,5168,5179,SponsorsActivityOrder
src/integrations/prefect-github/prefect_github/schemas/graphql_schema.py,class,A,1,0,5183,5194,SponsorsTierOrder
src/integrations/prefect-github/prefect_github/schemas/graphql_schema.py,class,A,1,0,5198,5209,SponsorshipNewsletterOrder
src/integrations/prefect-github/prefect_github/schemas/graphql_schema.py,class,A,1,0,5213,5224,SponsorshipOrder
src/integrations/prefect-github/prefect_github/schemas/graphql_schema.py,class,A,1,0,5228,5239,StarOrder
src/integrations/prefect-github/prefect_github/schemas/graphql_schema.py,class,A,1,0,5243,5284,StartRepositoryMigrationInput
src/integrations/prefect-github/prefect_github/schemas/graphql_schema.py,class,A,1,0,5287,5306,SubmitPullRequestReviewInput
src/integrations/prefect-github/prefect_github/schemas/graphql_schema.py,class,A,1,0,5309,5320,TeamDiscussionCommentOrder
src/integrations/prefect-github/prefect_github/schemas/graphql_schema.py,class,A,1,0,5324,5335,TeamDiscussionOrder
src/integrations/prefect-github/prefect_github/schemas/graphql_schema.py,class,A,1,0,5339,5350,TeamMemberOrder
src/integrations/prefect-github/prefect_github/schemas/graphql_schema.py,class,A,1,0,5354,5365,TeamOrder
src/integrations/prefect-github/prefect_github/schemas/graphql_schema.py,class,A,1,0,5369,5380,TeamRepositoryOrder
src/integrations/prefect-github/prefect_github/schemas/graphql_schema.py,class,A,1,0,5384,5403,TransferIssueInput
src/integrations/prefect-github/prefect_github/schemas/graphql_schema.py,class,A,1,0,5406,5416,UnarchiveRepositoryInput
src/integrations/prefect-github/prefect_github/schemas/graphql_schema.py,class,A,1,0,5419,5429,UnfollowOrganizationInput
src/integrations/prefect-github/prefect_github/schemas/graphql_schema.py,class,A,1,0,5432,5440,UnfollowUserInput
src/integrations/prefect-github/prefect_github/schemas/graphql_schema.py,class,A,1,0,5443,5454,UnlinkRepositoryFromProjectInput
src/integrations/prefect-github/prefect_github/schemas/graphql_schema.py,class,A,1,0,5457,5465,UnlockLockableInput
src/integrations/prefect-github/prefect_github/schemas/graphql_schema.py,class,A,1,0,5468,5476,UnmarkDiscussionCommentAsAnswerInput
src/integrations/prefect-github/prefect_github/schemas/graphql_schema.py,class,A,1,0,5479,5490,UnmarkFileAsViewedInput
src/integrations/prefect-github/prefect_github/schemas/graphql_schema.py,class,A,1,0,5493,5506,UnmarkIssueAsDuplicateInput
src/integrations/prefect-github/prefect_github/schemas/graphql_schema.py,class,A,1,0,5509,5517,UnminimizeCommentInput
src/integrations/prefect-github/prefect_github/schemas/graphql_schema.py,class,A,1,0,5520,5528,UnpinIssueInput
src/integrations/prefect-github/prefect_github/schemas/graphql_schema.py,class,A,1,0,5531,5539,UnresolveReviewThreadInput
src/integrations/prefect-github/prefect_github/schemas/graphql_schema.py,class,A,1,0,5542,5636,UpdateBranchProtectionRuleInput
src/integrations/prefect-github/prefect_github/schemas/graphql_schema.py,class,A,1,0,5639,5677,UpdateCheckRunInput
src/integrations/prefect-github/prefect_github/schemas/graphql_schema.py,class,A,1,0,5680,5700,UpdateCheckSuitePreferencesInput
src/integrations/prefect-github/prefect_github/schemas/graphql_schema.py,class,A,1,0,5703,5712,UpdateDiscussionCommentInput
src/integrations/prefect-github/prefect_github/schemas/graphql_schema.py,class,A,1,0,5715,5734,UpdateDiscussionInput
src/integrations/prefect-github/prefect_github/schemas/graphql_schema.py,class,A,1,0,5737,5751,UpdateEnterpriseAdministratorRoleInput
src/integrations/prefect-github/prefect_github/schemas/graphql_schema.py,class,A,1,0,5754,5776,UpdateEnterpriseAllowPrivateRepositoryForkingSettingInput
src/integrations/prefect-github/prefect_github/schemas/graphql_schema.py,class,A,1,0,5779,5793,UpdateEnterpriseDefaultRepositoryPermissionSettingInput
src/integrations/prefect-github/prefect_github/schemas/graphql_schema.py,class,A,1,0,5796,5812,UpdateEnterpriseMembersCanChangeRepositoryVisibilitySettingInput
src/integrations/prefect-github/prefect_github/schemas/graphql_schema.py,class,A,1,0,5815,5848,UpdateEnterpriseMembersCanCreateRepositoriesSettingInput
src/integrations/prefect-github/prefect_github/schemas/graphql_schema.py,class,A,1,0,5851,5865,UpdateEnterpriseMembersCanDeleteIssuesSettingInput
src/integrations/prefect-github/prefect_github/schemas/graphql_schema.py,class,A,1,0,5868,5882,UpdateEnterpriseMembersCanDeleteRepositoriesSettingInput
src/integrations/prefect-github/prefect_github/schemas/graphql_schema.py,class,A,1,0,5885,5899,UpdateEnterpriseMembersCanInviteCollaboratorsSettingInput
src/integrations/prefect-github/prefect_github/schemas/graphql_schema.py,class,A,1,0,5902,5916,UpdateEnterpriseMembersCanMakePurchasesSettingInput
src/integrations/prefect-github/prefect_github/schemas/graphql_schema.py,class,A,1,0,5919,5933,UpdateEnterpriseMembersCanUpdateProtectedBranchesSettingInput
src/integrations/prefect-github/prefect_github/schemas/graphql_schema.py,class,A,1,0,5936,5950,UpdateEnterpriseMembersCanViewDependencyInsightsSettingInput
src/integrations/prefect-github/prefect_github/schemas/graphql_schema.py,class,A,1,0,5953,5967,UpdateEnterpriseOrganizationProjectsSettingInput
src/integrations/prefect-github/prefect_github/schemas/graphql_schema.py,class,A,1,0,5970,5991,UpdateEnterpriseOwnerOrganizationRoleInput
src/integrations/prefect-github/prefect_github/schemas/graphql_schema.py,class,A,1,0,5994,6015,UpdateEnterpriseProfileInput
src/integrations/prefect-github/prefect_github/schemas/graphql_schema.py,class,A,1,0,6018,6032,UpdateEnterpriseRepositoryProjectsSettingInput
src/integrations/prefect-github/prefect_github/schemas/graphql_schema.py,class,A,1,0,6035,6049,UpdateEnterpriseTeamDiscussionsSettingInput
src/integrations/prefect-github/prefect_github/schemas/graphql_schema.py,class,A,1,0,6052,6065,UpdateEnterpriseTwoFactorAuthenticationRequiredSettingInput
src/integrations/prefect-github/prefect_github/schemas/graphql_schema.py,class,A,1,0,6068,6087,UpdateEnvironmentInput
src/integrations/prefect-github/prefect_github/schemas/graphql_schema.py,class,A,1,0,6090,6102,UpdateIpAllowListEnabledSettingInput
src/integrations/prefect-github/prefect_github/schemas/graphql_schema.py,class,A,1,0,6105,6128,UpdateIpAllowListEntryInput
src/integrations/prefect-github/prefect_github/schemas/graphql_schema.py,class,A,1,0,6131,6143,UpdateIpAllowListForInstalledAppsEnabledSettingInput
src/integrations/prefect-github/prefect_github/schemas/graphql_schema.py,class,A,1,0,6146,6155,UpdateIssueCommentInput
src/integrations/prefect-github/prefect_github/schemas/graphql_schema.py,class,A,1,0,6158,6189,UpdateIssueInput
src/integrations/prefect-github/prefect_github/schemas/graphql_schema.py,class,A,1,0,6192,6204,UpdateNotificationRestrictionSettingInput
src/integrations/prefect-github/prefect_github/schemas/graphql_schema.py,class,A,1,0,6207,6220,UpdateOrganizationAllowPrivateRepositoryForkingSettingInput
src/integrations/prefect-github/prefect_github/schemas/graphql_schema.py,class,A,1,0,6223,6240,UpdateOrganizationWebCommitSignoffSettingInput
src/integrations/prefect-github/prefect_github/schemas/graphql_schema.py,class,A,1,0,6243,6255,UpdateProjectCardInput
src/integrations/prefect-github/prefect_github/schemas/graphql_schema.py,class,A,1,0,6258,6269,UpdateProjectColumnInput
src/integrations/prefect-github/prefect_github/schemas/graphql_schema.py,class,A,1,0,6272,6293,UpdateProjectDraftIssueInput
src/integrations/prefect-github/prefect_github/schemas/graphql_schema.py,class,A,1,0,6296,6315,UpdateProjectInput
src/integrations/prefect-github/prefect_github/schemas/graphql_schema.py,class,A,1,0,6318,6339,UpdateProjectNextInput
src/integrations/prefect-github/prefect_github/schemas/graphql_schema.py,class,A,1,0,6342,6359,UpdateProjectNextItemFieldInput
src/integrations/prefect-github/prefect_github/schemas/graphql_schema.py,class,A,1,0,6362,6383,UpdateProjectV2DraftIssueInput
src/integrations/prefect-github/prefect_github/schemas/graphql_schema.py,class,A,1,0,6386,6407,UpdateProjectV2Input
src/integrations/prefect-github/prefect_github/schemas/graphql_schema.py,class,A,1,0,6410,6429,UpdateProjectV2ItemFieldValueInput
src/integrations/prefect-github/prefect_github/schemas/graphql_schema.py,class,A,1,0,6432,6442,UpdateProjectV2ItemPositionInput
src/integrations/prefect-github/prefect_github/schemas/graphql_schema.py,class,A,1,0,6445,6456,UpdatePullRequestBranchInput
src/integrations/prefect-github/prefect_github/schemas/graphql_schema.py,class,A,1,0,6459,6498,UpdatePullRequestInput
src/integrations/prefect-github/prefect_github/schemas/graphql_schema.py,class,A,1,0,6501,6512,UpdatePullRequestReviewCommentInput
src/integrations/prefect-github/prefect_github/schemas/graphql_schema.py,class,A,1,0,6515,6526,UpdatePullRequestReviewInput
src/integrations/prefect-github/prefect_github/schemas/graphql_schema.py,class,A,1,0,6529,6539,UpdateRefInput
src/integrations/prefect-github/prefect_github/schemas/graphql_schema.py,class,A,1,0,6542,6569,UpdateRepositoryInput
src/integrations/prefect-github/prefect_github/schemas/graphql_schema.py,class,A,1,0,6572,6589,UpdateRepositoryWebCommitSignoffSettingInput
src/integrations/prefect-github/prefect_github/schemas/graphql_schema.py,class,A,1,0,6592,6613,UpdateSponsorshipPreferencesInput
src/integrations/prefect-github/prefect_github/schemas/graphql_schema.py,class,A,1,0,6616,6629,UpdateSubscriptionInput
src/integrations/prefect-github/prefect_github/schemas/graphql_schema.py,class,A,1,0,6632,6642,UpdateTeamDiscussionCommentInput
src/integrations/prefect-github/prefect_github/schemas/graphql_schema.py,class,A,1,0,6645,6664,UpdateTeamDiscussionInput
src/integrations/prefect-github/prefect_github/schemas/graphql_schema.py,class,A,1,0,6667,6684,UpdateTeamsRepositoryInput
src/integrations/prefect-github/prefect_github/schemas/graphql_schema.py,class,A,1,0,6687,6701,UpdateTopicsInput
src/integrations/prefect-github/prefect_github/schemas/graphql_schema.py,class,A,1,0,6704,6715,UserStatusOrder
src/integrations/prefect-github/prefect_github/schemas/graphql_schema.py,class,A,1,0,6719,6730,VerifiableDomainOrder
src/integrations/prefect-github/prefect_github/schemas/graphql_schema.py,class,A,1,0,6734,6742,VerifyVerifiableDomainInput
src/integrations/prefect-github/prefect_github/schemas/graphql_schema.py,class,A,1,0,6745,6756,WorkflowRunOrder
src/integrations/prefect-github/prefect_github/schemas/graphql_schema.py,class,A,1,0,6763,6771,AbortQueuedMigrationsPayload
src/integrations/prefect-github/prefect_github/schemas/graphql_schema.py,class,A,1,0,6774,6785,AcceptEnterpriseAdministratorInvitationPayload
src/integrations/prefect-github/prefect_github/schemas/graphql_schema.py,class,A,1,0,6788,6796,AcceptTopicSuggestionPayload
src/integrations/prefect-github/prefect_github/schemas/graphql_schema.py,class,A,1,0,6799,6817,Actor
src/integrations/prefect-github/prefect_github/schemas/graphql_schema.py,class,A,1,0,6820,6831,ActorLocation
src/integrations/prefect-github/prefect_github/schemas/graphql_schema.py,class,A,1,0,6834,6842,AddAssigneesToAssignablePayload
src/integrations/prefect-github/prefect_github/schemas/graphql_schema.py,class,A,1,0,6845,6856,AddCommentPayload
src/integrations/prefect-github/prefect_github/schemas/graphql_schema.py,class,A,1,0,6860,6868,AddDiscussionCommentPayload
src/integrations/prefect-github/prefect_github/schemas/graphql_schema.py,class,A,1,0,6871,6879,AddDiscussionPollVotePayload
src/integrations/prefect-github/prefect_github/schemas/graphql_schema.py,class,A,1,0,6882,6890,AddEnterpriseSupportEntitlementPayload
src/integrations/prefect-github/prefect_github/schemas/graphql_schema.py,class,A,1,0,6893,6901,AddLabelsToLabelablePayload
src/integrations/prefect-github/prefect_github/schemas/graphql_schema.py,class,A,1,0,6904,6913,AddProjectCardPayload
src/integrations/prefect-github/prefect_github/schemas/graphql_schema.py,class,A,1,0,6916,6925,AddProjectColumnPayload
src/integrations/prefect-github/prefect_github/schemas/graphql_schema.py,class,A,1,0,6928,6937,AddProjectDraftIssuePayload
src/integrations/prefect-github/prefect_github/schemas/graphql_schema.py,class,A,1,0,6941,6950,AddProjectNextItemPayload
src/integrations/prefect-github/prefect_github/schemas/graphql_schema.py,class,A,1,0,6954,6962,AddProjectV2DraftIssuePayload
src/integrations/prefect-github/prefect_github/schemas/graphql_schema.py,class,A,1,0,6965,6973,AddProjectV2ItemByIdPayload
src/integrations/prefect-github/prefect_github/schemas/graphql_schema.py,class,A,1,0,6976,6986,AddPullRequestReviewCommentPayload
src/integrations/prefect-github/prefect_github/schemas/graphql_schema.py,class,A,1,0,6990,7001,AddPullRequestReviewPayload
src/integrations/prefect-github/prefect_github/schemas/graphql_schema.py,class,A,1,0,7004,7012,AddPullRequestReviewThreadPayload
src/integrations/prefect-github/prefect_github/schemas/graphql_schema.py,class,A,1,0,7015,7024,AddReactionPayload
src/integrations/prefect-github/prefect_github/schemas/graphql_schema.py,class,A,1,0,7027,7035,AddStarPayload
src/integrations/prefect-github/prefect_github/schemas/graphql_schema.py,class,A,1,0,7038,7046,AddUpvotePayload
src/integrations/prefect-github/prefect_github/schemas/graphql_schema.py,class,A,1,0,7049,7057,AddVerifiableDomainPayload
src/integrations/prefect-github/prefect_github/schemas/graphql_schema.py,class,A,1,0,7060,7070,ApproveDeploymentsPayload
src/integrations/prefect-github/prefect_github/schemas/graphql_schema.py,class,A,1,0,7074,7082,ApproveVerifiableDomainPayload
src/integrations/prefect-github/prefect_github/schemas/graphql_schema.py,class,A,1,0,7085,7093,ArchiveRepositoryPayload
src/integrations/prefect-github/prefect_github/schemas/graphql_schema.py,class,A,1,0,7096,7114,Assignable
src/integrations/prefect-github/prefect_github/schemas/graphql_schema.py,class,A,1,0,7120,7155,AuditEntry
src/integrations/prefect-github/prefect_github/schemas/graphql_schema.py,class,A,1,0,7158,7182,AutoMergeRequest
src/integrations/prefect-github/prefect_github/schemas/graphql_schema.py,class,A,1,0,7186,7195,Blame
src/integrations/prefect-github/prefect_github/schemas/graphql_schema.py,class,A,1,0,7199,7212,BlameRange
src/integrations/prefect-github/prefect_github/schemas/graphql_schema.py,class,A,1,0,7216,7233,BranchProtectionRuleConflict
src/integrations/prefect-github/prefect_github/schemas/graphql_schema.py,class,A,1,0,7236,7253,BranchProtectionRuleConflictConnection
src/integrations/prefect-github/prefect_github/schemas/graphql_schema.py,class,A,1,0,7257,7265,BranchProtectionRuleConflictEdge
src/integrations/prefect-github/prefect_github/schemas/graphql_schema.py,class,A,1,0,7268,7285,BranchProtectionRuleConnection
src/integrations/prefect-github/prefect_github/schemas/graphql_schema.py,class,A,1,0,7289,7297,BranchProtectionRuleEdge
src/integrations/prefect-github/prefect_github/schemas/graphql_schema.py,class,A,1,0,7300,7317,BypassForcePushAllowanceConnection
src/integrations/prefect-github/prefect_github/schemas/graphql_schema.py,class,A,1,0,7321,7329,BypassForcePushAllowanceEdge
src/integrations/prefect-github/prefect_github/schemas/graphql_schema.py,class,A,1,0,7332,7349,BypassPullRequestAllowanceConnection
src/integrations/prefect-github/prefect_github/schemas/graphql_schema.py,class,A,1,0,7353,7361,BypassPullRequestAllowanceEdge
src/integrations/prefect-github/prefect_github/schemas/graphql_schema.py,class,A,1,0,7364,7372,CVSS
src/integrations/prefect-github/prefect_github/schemas/graphql_schema.py,class,A,1,0,7375,7388,CWEConnection
src/integrations/prefect-github/prefect_github/schemas/graphql_schema.py,class,A,1,0,7392,7400,CWEEdge
src/integrations/prefect-github/prefect_github/schemas/graphql_schema.py,class,A,1,0,7403,7414,CancelEnterpriseAdminInvitationPayload
src/integrations/prefect-github/prefect_github/schemas/graphql_schema.py,class,A,1,0,7417,7425,CancelSponsorshipPayload
src/integrations/prefect-github/prefect_github/schemas/graphql_schema.py,class,A,1,0,7428,7436,ChangeUserStatusPayload
src/integrations/prefect-github/prefect_github/schemas/graphql_schema.py,class,A,1,0,7439,7466,CheckAnnotation
src/integrations/prefect-github/prefect_github/schemas/graphql_schema.py,class,A,1,0,7469,7486,CheckAnnotationConnection
src/integrations/prefect-github/prefect_github/schemas/graphql_schema.py,class,A,1,0,7490,7498,CheckAnnotationEdge
src/integrations/prefect-github/prefect_github/schemas/graphql_schema.py,class,A,1,0,7501,7509,CheckAnnotationPosition
src/integrations/prefect-github/prefect_github/schemas/graphql_schema.py,class,A,1,0,7512,7523,CheckAnnotationSpan
src/integrations/prefect-github/prefect_github/schemas/graphql_schema.py,class,A,1,0,7527,7540,CheckRunConnection
src/integrations/prefect-github/prefect_github/schemas/graphql_schema.py,class,A,1,0,7544,7552,CheckRunEdge
src/integrations/prefect-github/prefect_github/schemas/graphql_schema.py,class,A,1,0,7555,7563,CheckRunStateCount
src/integrations/prefect-github/prefect_github/schemas/graphql_schema.py,class,A,1,0,7566,7590,CheckStep
src/integrations/prefect-github/prefect_github/schemas/graphql_schema.py,class,A,1,0,7594,7609,CheckStepConnection
src/integrations/prefect-github/prefect_github/schemas/graphql_schema.py,class,A,1,0,7613,7621,CheckStepEdge
src/integrations/prefect-github/prefect_github/schemas/graphql_schema.py,class,A,1,0,7624,7639,CheckSuiteConnection
src/integrations/prefect-github/prefect_github/schemas/graphql_schema.py,class,A,1,0,7643,7651,CheckSuiteEdge
src/integrations/prefect-github/prefect_github/schemas/graphql_schema.py,class,A,1,0,7654,7662,ClearLabelsFromLabelablePayload
src/integrations/prefect-github/prefect_github/schemas/graphql_schema.py,class,A,1,0,7665,7673,ClearProjectV2ItemFieldValuePayload
src/integrations/prefect-github/prefect_github/schemas/graphql_schema.py,class,A,1,0,7676,7685,CloneProjectPayload
src/integrations/prefect-github/prefect_github/schemas/graphql_schema.py,class,A,1,0,7688,7696,CloneTemplateRepositoryPayload
src/integrations/prefect-github/prefect_github/schemas/graphql_schema.py,class,A,1,0,7699,7707,Closable
src/integrations/prefect-github/prefect_github/schemas/graphql_schema.py,class,A,1,0,7710,7718,CloseIssuePayload
src/integrations/prefect-github/prefect_github/schemas/graphql_schema.py,class,A,1,0,7721,7729,ClosePullRequestPayload
src/integrations/prefect-github/prefect_github/schemas/graphql_schema.py,class,A,1,0,7732,7794,Comment
src/integrations/prefect-github/prefect_github/schemas/graphql_schema.py,class,A,1,0,7798,7815,CommitCommentConnection
src/integrations/prefect-github/prefect_github/schemas/graphql_schema.py,class,A,1,0,7819,7827,CommitCommentEdge
src/integrations/prefect-github/prefect_github/schemas/graphql_schema.py,class,A,1,0,7830,7843,CommitConnection
src/integrations/prefect-github/prefect_github/schemas/graphql_schema.py,class,A,1,0,7847,7883,CommitContributionsByRepository
src/integrations/prefect-github/prefect_github/schemas/graphql_schema.py,class,A,1,0,7886,7894,CommitEdge
src/integrations/prefect-github/prefect_github/schemas/graphql_schema.py,class,A,1,0,7897,7910,CommitHistoryConnection
src/integrations/prefect-github/prefect_github/schemas/graphql_schema.py,class,A,1,0,7914,7931,Contribution
src/integrations/prefect-github/prefect_github/schemas/graphql_schema.py,class,A,1,0,7934,7967,ContributionCalendar
src/integrations/prefect-github/prefect_github/schemas/graphql_schema.py,class,A,1,0,7971,7992,ContributionCalendarDay
src/integrations/prefect-github/prefect_github/schemas/graphql_schema.py,class,A,1,0,7995,8007,ContributionCalendarMonth
src/integrations/prefect-github/prefect_github/schemas/graphql_schema.py,class,A,1,0,8010,8023,ContributionCalendarWeek
src/integrations/prefect-github/prefect_github/schemas/graphql_schema.py,class,A,1,0,8026,8447,ContributionsCollection
src/integrations/prefect-github/prefect_github/schemas/graphql_schema.py,class,A,1,0,8450,8458,ConvertProjectCardNoteToIssuePayload
src/integrations/prefect-github/prefect_github/schemas/graphql_schema.py,class,A,1,0,8461,8469,ConvertPullRequestToDraftPayload
src/integrations/prefect-github/prefect_github/schemas/graphql_schema.py,class,A,1,0,8472,8482,CreateBranchProtectionRulePayload
src/integrations/prefect-github/prefect_github/schemas/graphql_schema.py,class,A,1,0,8485,8493,CreateCheckRunPayload
src/integrations/prefect-github/prefect_github/schemas/graphql_schema.py,class,A,1,0,8496,8504,CreateCheckSuitePayload
src/integrations/prefect-github/prefect_github/schemas/graphql_schema.py,class,A,1,0,8507,8516,CreateCommitOnBranchPayload
src/integrations/prefect-github/prefect_github/schemas/graphql_schema.py,class,A,1,0,8519,8527,CreateDiscussionPayload
src/integrations/prefect-github/prefect_github/schemas/graphql_schema.py,class,A,1,0,8530,8539,CreateEnterpriseOrganizationPayload
src/integrations/prefect-github/prefect_github/schemas/graphql_schema.py,class,A,1,0,8542,8550,CreateEnvironmentPayload
src/integrations/prefect-github/prefect_github/schemas/graphql_schema.py,class,A,1,0,8553,8562,CreateIpAllowListEntryPayload
src/integrations/prefect-github/prefect_github/schemas/graphql_schema.py,class,A,1,0,8566,8574,CreateIssuePayload
src/integrations/prefect-github/prefect_github/schemas/graphql_schema.py,class,A,1,0,8577,8586,CreateMigrationSourcePayload
src/integrations/prefect-github/prefect_github/schemas/graphql_schema.py,class,A,1,0,8590,8598,CreateProjectPayload
src/integrations/prefect-github/prefect_github/schemas/graphql_schema.py,class,A,1,0,8601,8609,CreateProjectV2Payload
src/integrations/prefect-github/prefect_github/schemas/graphql_schema.py,class,A,1,0,8612,8620,CreatePullRequestPayload
src/integrations/prefect-github/prefect_github/schemas/graphql_schema.py,class,A,1,0,8623,8631,CreateRefPayload
src/integrations/prefect-github/prefect_github/schemas/graphql_schema.py,class,A,1,0,8634,8642,CreateRepositoryPayload
src/integrations/prefect-github/prefect_github/schemas/graphql_schema.py,class,A,1,0,8645,8653,CreateSponsorsTierPayload
src/integrations/prefect-github/prefect_github/schemas/graphql_schema.py,class,A,1,0,8656,8664,CreateSponsorshipPayload
src/integrations/prefect-github/prefect_github/schemas/graphql_schema.py,class,A,1,0,8667,8676,CreateTeamDiscussionCommentPayload
src/integrations/prefect-github/prefect_github/schemas/graphql_schema.py,class,A,1,0,8680,8688,CreateTeamDiscussionPayload
src/integrations/prefect-github/prefect_github/schemas/graphql_schema.py,class,A,1,0,8691,8708,CreatedCommitContributionConnection
src/integrations/prefect-github/prefect_github/schemas/graphql_schema.py,class,A,1,0,8712,8720,CreatedCommitContributionEdge
src/integrations/prefect-github/prefect_github/schemas/graphql_schema.py,class,A,1,0,8723,8740,CreatedIssueContributionConnection
src/integrations/prefect-github/prefect_github/schemas/graphql_schema.py,class,A,1,0,8744,8752,CreatedIssueContributionEdge
src/integrations/prefect-github/prefect_github/schemas/graphql_schema.py,class,A,1,0,8755,8772,CreatedPullRequestContributionConnection
src/integrations/prefect-github/prefect_github/schemas/graphql_schema.py,class,A,1,0,8776,8784,CreatedPullRequestContributionEdge
src/integrations/prefect-github/prefect_github/schemas/graphql_schema.py,class,A,1,0,8787,8806,CreatedPullRequestReviewContributionConnection
src/integrations/prefect-github/prefect_github/schemas/graphql_schema.py,class,A,1,0,8810,8819,CreatedPullRequestReviewContributionEdge
src/integrations/prefect-github/prefect_github/schemas/graphql_schema.py,class,A,1,0,8823,8840,CreatedRepositoryContributionConnection
src/integrations/prefect-github/prefect_github/schemas/graphql_schema.py,class,A,1,0,8844,8852,CreatedRepositoryContributionEdge
src/integrations/prefect-github/prefect_github/schemas/graphql_schema.py,class,A,1,0,8855,8863,DeclineTopicSuggestionPayload
src/integrations/prefect-github/prefect_github/schemas/graphql_schema.py,class,A,1,0,8866,8874,Deletable
src/integrations/prefect-github/prefect_github/schemas/graphql_schema.py,class,A,1,0,8878,8885,DeleteBranchProtectionRulePayload
src/integrations/prefect-github/prefect_github/schemas/graphql_schema.py,class,A,1,0,8888,8895,DeleteDeploymentPayload
src/integrations/prefect-github/prefect_github/schemas/graphql_schema.py,class,A,1,0,8898,8906,DeleteDiscussionCommentPayload
src/integrations/prefect-github/prefect_github/schemas/graphql_schema.py,class,A,1,0,8909,8917,DeleteDiscussionPayload
src/integrations/prefect-github/prefect_github/schemas/graphql_schema.py,class,A,1,0,8920,8927,DeleteEnvironmentPayload
src/integrations/prefect-github/prefect_github/schemas/graphql_schema.py,class,A,1,0,8930,8939,DeleteIpAllowListEntryPayload
src/integrations/prefect-github/prefect_github/schemas/graphql_schema.py,class,A,1,0,8943,8950,DeleteIssueCommentPayload
src/integrations/prefect-github/prefect_github/schemas/graphql_schema.py,class,A,1,0,8953,8961,DeleteIssuePayload
src/integrations/prefect-github/prefect_github/schemas/graphql_schema.py,class,A,1,0,8964,8973,DeleteProjectCardPayload
src/integrations/prefect-github/prefect_github/schemas/graphql_schema.py,class,A,1,0,8976,8985,DeleteProjectColumnPayload
src/integrations/prefect-github/prefect_github/schemas/graphql_schema.py,class,A,1,0,8988,8996,DeleteProjectNextItemPayload
src/integrations/prefect-github/prefect_github/schemas/graphql_schema.py,class,A,1,0,8999,9007,DeleteProjectPayload
src/integrations/prefect-github/prefect_github/schemas/graphql_schema.py,class,A,1,0,9010,9018,DeleteProjectV2ItemPayload
src/integrations/prefect-github/prefect_github/schemas/graphql_schema.py,class,A,1,0,9021,9037,DeletePullRequestReviewCommentPayload
src/integrations/prefect-github/prefect_github/schemas/graphql_schema.py,class,A,1,0,9041,9050,DeletePullRequestReviewPayload
src/integrations/prefect-github/prefect_github/schemas/graphql_schema.py,class,A,1,0,9054,9061,DeleteRefPayload
src/integrations/prefect-github/prefect_github/schemas/graphql_schema.py,class,A,1,0,9064,9071,DeleteTeamDiscussionCommentPayload
src/integrations/prefect-github/prefect_github/schemas/graphql_schema.py,class,A,1,0,9074,9081,DeleteTeamDiscussionPayload
src/integrations/prefect-github/prefect_github/schemas/graphql_schema.py,class,A,1,0,9084,9092,DeleteVerifiableDomainPayload
src/integrations/prefect-github/prefect_github/schemas/graphql_schema.py,class,A,1,0,9095,9106,DependabotUpdateError
src/integrations/prefect-github/prefect_github/schemas/graphql_schema.py,class,A,1,0,9109,9124,DeployKeyConnection
src/integrations/prefect-github/prefect_github/schemas/graphql_schema.py,class,A,1,0,9128,9136,DeployKeyEdge
src/integrations/prefect-github/prefect_github/schemas/graphql_schema.py,class,A,1,0,9139,9154,DeploymentConnection
src/integrations/prefect-github/prefect_github/schemas/graphql_schema.py,class,A,1,0,9158,9166,DeploymentEdge
src/integrations/prefect-github/prefect_github/schemas/graphql_schema.py,class,A,1,0,9169,9194,DeploymentProtectionRule
src/integrations/prefect-github/prefect_github/schemas/graphql_schema.py,class,A,1,0,9198,9215,DeploymentProtectionRuleConnection
src/integrations/prefect-github/prefect_github/schemas/graphql_schema.py,class,A,1,0,9219,9227,DeploymentProtectionRuleEdge
src/integrations/prefect-github/prefect_github/schemas/graphql_schema.py,class,A,1,0,9230,9266,DeploymentRequest
src/integrations/prefect-github/prefect_github/schemas/graphql_schema.py,class,A,1,0,9270,9287,DeploymentRequestConnection
src/integrations/prefect-github/prefect_github/schemas/graphql_schema.py,class,A,1,0,9291,9299,DeploymentRequestEdge
src/integrations/prefect-github/prefect_github/schemas/graphql_schema.py,class,A,1,0,9302,9319,DeploymentReviewConnection
src/integrations/prefect-github/prefect_github/schemas/graphql_schema.py,class,A,1,0,9323,9331,DeploymentReviewEdge
src/integrations/prefect-github/prefect_github/schemas/graphql_schema.py,class,A,1,0,9334,9351,DeploymentReviewerConnection
src/integrations/prefect-github/prefect_github/schemas/graphql_schema.py,class,A,1,0,9355,9363,DeploymentReviewerEdge
src/integrations/prefect-github/prefect_github/schemas/graphql_schema.py,class,A,1,0,9366,9383,DeploymentStatusConnection
src/integrations/prefect-github/prefect_github/schemas/graphql_schema.py,class,A,1,0,9387,9395,DeploymentStatusEdge
src/integrations/prefect-github/prefect_github/schemas/graphql_schema.py,class,A,1,0,9398,9407,DisablePullRequestAutoMergePayload
src/integrations/prefect-github/prefect_github/schemas/graphql_schema.py,class,A,1,0,9410,9427,DiscussionCategoryConnection
src/integrations/prefect-github/prefect_github/schemas/graphql_schema.py,class,A,1,0,9431,9439,DiscussionCategoryEdge
src/integrations/prefect-github/prefect_github/schemas/graphql_schema.py,class,A,1,0,9442,9459,DiscussionCommentConnection
src/integrations/prefect-github/prefect_github/schemas/graphql_schema.py,class,A,1,0,9463,9471,DiscussionCommentEdge
src/integrations/prefect-github/prefect_github/schemas/graphql_schema.py,class,A,1,0,9474,9489,DiscussionConnection
src/integrations/prefect-github/prefect_github/schemas/graphql_schema.py,class,A,1,0,9493,9501,DiscussionEdge
src/integrations/prefect-github/prefect_github/schemas/graphql_schema.py,class,A,1,0,9504,9521,DiscussionPollOptionConnection
src/integrations/prefect-github/prefect_github/schemas/graphql_schema.py,class,A,1,0,9525,9533,DiscussionPollOptionEdge
src/integrations/prefect-github/prefect_github/schemas/graphql_schema.py,class,A,1,0,9536,9545,DismissPullRequestReviewPayload
src/integrations/prefect-github/prefect_github/schemas/graphql_schema.py,class,A,1,0,9549,9558,DismissRepositoryVulnerabilityAlertPayload
src/integrations/prefect-github/prefect_github/schemas/graphql_schema.py,class,A,1,0,9562,9571,EnablePullRequestAutoMergePayload
src/integrations/prefect-github/prefect_github/schemas/graphql_schema.py,class,A,1,0,9574,9589,EnterpriseAdministratorConnection
src/integrations/prefect-github/prefect_github/schemas/graphql_schema.py,class,A,1,0,9593,9603,EnterpriseAdministratorEdge
src/integrations/prefect-github/prefect_github/schemas/graphql_schema.py,class,A,1,0,9607,9625,EnterpriseAdministratorInvitationConnection
src/integrations/prefect-github/prefect_github/schemas/graphql_schema.py,class,A,1,0,9629,9637,EnterpriseAdministratorInvitationEdge
src/integrations/prefect-github/prefect_github/schemas/graphql_schema.py,class,A,1,0,9640,9651,EnterpriseAuditEntryData
src/integrations/prefect-github/prefect_github/schemas/graphql_schema.py,class,A,1,0,9654,9700,EnterpriseBillingInfo
src/integrations/prefect-github/prefect_github/schemas/graphql_schema.py,class,A,1,0,9704,9721,EnterpriseMemberConnection
src/integrations/prefect-github/prefect_github/schemas/graphql_schema.py,class,A,1,0,9725,9733,EnterpriseMemberEdge
src/integrations/prefect-github/prefect_github/schemas/graphql_schema.py,class,A,1,0,9736,9752,EnterpriseOrganizationMembershipConnection
src/integrations/prefect-github/prefect_github/schemas/graphql_schema.py,class,A,1,0,9756,9766,EnterpriseOrganizationMembershipEdge
src/integrations/prefect-github/prefect_github/schemas/graphql_schema.py,class,A,1,0,9770,9785,EnterpriseOutsideCollaboratorConnection
src/integrations/prefect-github/prefect_github/schemas/graphql_schema.py,class,A,1,0,9789,9815,EnterpriseOutsideCollaboratorEdge
src/integrations/prefect-github/prefect_github/schemas/graphql_schema.py,class,A,1,0,9823,10695,EnterpriseOwnerInfo
src/integrations/prefect-github/prefect_github/schemas/graphql_schema.py,class,A,1,0,10703,10730,EnterprisePendingMemberInvitationConnection
src/integrations/prefect-github/prefect_github/schemas/graphql_schema.py,class,A,1,0,10734,10742,EnterprisePendingMemberInvitationEdge
src/integrations/prefect-github/prefect_github/schemas/graphql_schema.py,class,A,1,0,10745,10762,EnterpriseRepositoryInfoConnection
src/integrations/prefect-github/prefect_github/schemas/graphql_schema.py,class,A,1,0,10766,10774,EnterpriseRepositoryInfoEdge
src/integrations/prefect-github/prefect_github/schemas/graphql_schema.py,class,A,1,0,10777,10794,EnterpriseServerInstallationConnection
src/integrations/prefect-github/prefect_github/schemas/graphql_schema.py,class,A,1,0,10798,10806,EnterpriseServerInstallationEdge
src/integrations/prefect-github/prefect_github/schemas/graphql_schema.py,class,A,1,0,10809,10826,EnterpriseServerUserAccountConnection
src/integrations/prefect-github/prefect_github/schemas/graphql_schema.py,class,A,1,0,10830,10838,EnterpriseServerUserAccountEdge
src/integrations/prefect-github/prefect_github/schemas/graphql_schema.py,class,A,1,0,10841,10859,EnterpriseServerUserAccountEmailConnection
src/integrations/prefect-github/prefect_github/schemas/graphql_schema.py,class,A,1,0,10863,10871,EnterpriseServerUserAccountEmailEdge
src/integrations/prefect-github/prefect_github/schemas/graphql_schema.py,class,A,1,0,10874,10892,EnterpriseServerUserAccountsUploadConnection
src/integrations/prefect-github/prefect_github/schemas/graphql_schema.py,class,A,1,0,10896,10904,EnterpriseServerUserAccountsUploadEdge
src/integrations/prefect-github/prefect_github/schemas/graphql_schema.py,class,A,1,0,10907,10922,EnvironmentConnection
src/integrations/prefect-github/prefect_github/schemas/graphql_schema.py,class,A,1,0,10926,10934,EnvironmentEdge
src/integrations/prefect-github/prefect_github/schemas/graphql_schema.py,class,A,1,0,10937,10946,ExternalIdentityAttribute
src/integrations/prefect-github/prefect_github/schemas/graphql_schema.py,class,A,1,0,10949,10966,ExternalIdentityConnection
src/integrations/prefect-github/prefect_github/schemas/graphql_schema.py,class,A,1,0,10970,10978,ExternalIdentityEdge
src/integrations/prefect-github/prefect_github/schemas/graphql_schema.py,class,A,1,0,10981,11012,ExternalIdentitySamlAttributes
src/integrations/prefect-github/prefect_github/schemas/graphql_schema.py,class,A,1,0,11015,11031,ExternalIdentityScimAttributes
src/integrations/prefect-github/prefect_github/schemas/graphql_schema.py,class,A,1,0,11034,11042,FollowOrganizationPayload
src/integrations/prefect-github/prefect_github/schemas/graphql_schema.py,class,A,1,0,11045,11053,FollowUserPayload
src/integrations/prefect-github/prefect_github/schemas/graphql_schema.py,class,A,1,0,11056,11069,FollowerConnection
src/integrations/prefect-github/prefect_github/schemas/graphql_schema.py,class,A,1,0,11073,11086,FollowingConnection
src/integrations/prefect-github/prefect_github/schemas/graphql_schema.py,class,A,1,0,11090,11100,FundingLink
src/integrations/prefect-github/prefect_github/schemas/graphql_schema.py,class,A,1,0,11103,11118,GistCommentConnection
src/integrations/prefect-github/prefect_github/schemas/graphql_schema.py,class,A,1,0,11122,11130,GistCommentEdge
src/integrations/prefect-github/prefect_github/schemas/graphql_schema.py,class,A,1,0,11133,11146,GistConnection
src/integrations/prefect-github/prefect_github/schemas/graphql_schema.py,class,A,1,0,11150,11158,GistEdge
src/integrations/prefect-github/prefect_github/schemas/graphql_schema.py,class,A,1,0,11161,11192,GistFile
src/integrations/prefect-github/prefect_github/schemas/graphql_schema.py,class,A,1,0,11197,11214,GitActor
src/integrations/prefect-github/prefect_github/schemas/graphql_schema.py,class,A,1,0,11217,11230,GitActorConnection
src/integrations/prefect-github/prefect_github/schemas/graphql_schema.py,class,A,1,0,11234,11242,GitActorEdge
src/integrations/prefect-github/prefect_github/schemas/graphql_schema.py,class,A,1,0,11245,11278,GitHubMetadata
src/integrations/prefect-github/prefect_github/schemas/graphql_schema.py,class,A,1,0,11282,11306,GitObject
src/integrations/prefect-github/prefect_github/schemas/graphql_schema.py,class,A,1,0,11310,11336,GitSignature
src/integrations/prefect-github/prefect_github/schemas/graphql_schema.py,class,A,1,0,11340,11359,GrantEnterpriseOrganizationsMigratorRolePayload
src/integrations/prefect-github/prefect_github/schemas/graphql_schema.py,class,A,1,0,11365,11373,GrantMigratorRolePayload
src/integrations/prefect-github/prefect_github/schemas/graphql_schema.py,class,A,1,0,11376,11387,Hovercard
src/integrations/prefect-github/prefect_github/schemas/graphql_schema.py,class,A,1,0,11391,11399,HovercardContext
src/integrations/prefect-github/prefect_github/schemas/graphql_schema.py,class,A,1,0,11402,11411,InviteEnterpriseAdminPayload
src/integrations/prefect-github/prefect_github/schemas/graphql_schema.py,class,A,1,0,11415,11432,IpAllowListEntryConnection
src/integrations/prefect-github/prefect_github/schemas/graphql_schema.py,class,A,1,0,11436,11444,IpAllowListEntryEdge
src/integrations/prefect-github/prefect_github/schemas/graphql_schema.py,class,A,1,0,11447,11462,IssueCommentConnection
src/integrations/prefect-github/prefect_github/schemas/graphql_schema.py,class,A,1,0,11466,11474,IssueCommentEdge
src/integrations/prefect-github/prefect_github/schemas/graphql_schema.py,class,A,1,0,11477,11490,IssueConnection
src/integrations/prefect-github/prefect_github/schemas/graphql_schema.py,class,A,1,0,11494,11525,IssueContributionsByRepository
src/integrations/prefect-github/prefect_github/schemas/graphql_schema.py,class,A,1,0,11529,11537,IssueEdge
src/integrations/prefect-github/prefect_github/schemas/graphql_schema.py,class,A,1,0,11540,11550,IssueTemplate
src/integrations/prefect-github/prefect_github/schemas/graphql_schema.py,class,A,1,0,11553,11570,IssueTimelineConnection
src/integrations/prefect-github/prefect_github/schemas/graphql_schema.py,class,A,1,0,11574,11582,IssueTimelineItemEdge
src/integrations/prefect-github/prefect_github/schemas/graphql_schema.py,class,A,1,0,11585,11617,IssueTimelineItemsConnection
src/integrations/prefect-github/prefect_github/schemas/graphql_schema.py,class,A,1,0,11621,11629,IssueTimelineItemsEdge
src/integrations/prefect-github/prefect_github/schemas/graphql_schema.py,class,A,1,0,11632,11645,LabelConnection
src/integrations/prefect-github/prefect_github/schemas/graphql_schema.py,class,A,1,0,11649,11657,LabelEdge
src/integrations/prefect-github/prefect_github/schemas/graphql_schema.py,class,A,1,0,11660,11686,Labelable
src/integrations/prefect-github/prefect_github/schemas/graphql_schema.py,class,A,1,0,11692,11707,LanguageConnection
src/integrations/prefect-github/prefect_github/schemas/graphql_schema.py,class,A,1,0,11710,11719,LanguageEdge
src/integrations/prefect-github/prefect_github/schemas/graphql_schema.py,class,A,1,0,11722,11733,LicenseRule
src/integrations/prefect-github/prefect_github/schemas/graphql_schema.py,class,A,1,0,11736,11745,LinkRepositoryToProjectPayload
src/integrations/prefect-github/prefect_github/schemas/graphql_schema.py,class,A,1,0,11748,11757,LockLockablePayload
src/integrations/prefect-github/prefect_github/schemas/graphql_schema.py,class,A,1,0,11760,11768,Lockable
src/integrations/prefect-github/prefect_github/schemas/graphql_schema.py,class,A,1,0,11771,11779,MarkDiscussionCommentAsAnswerPayload
src/integrations/prefect-github/prefect_github/schemas/graphql_schema.py,class,A,1,0,11782,11790,MarkFileAsViewedPayload
src/integrations/prefect-github/prefect_github/schemas/graphql_schema.py,class,A,1,0,11793,11801,MarkPullRequestReadyForReviewPayload
src/integrations/prefect-github/prefect_github/schemas/graphql_schema.py,class,A,1,0,11804,11821,MarketplaceListingConnection
src/integrations/prefect-github/prefect_github/schemas/graphql_schema.py,class,A,1,0,11825,11833,MarketplaceListingEdge
src/integrations/prefect-github/prefect_github/schemas/graphql_schema.py,class,A,1,0,11836,11860,MemberStatusable
src/integrations/prefect-github/prefect_github/schemas/graphql_schema.py,class,A,1,0,11868,11876,MergeBranchPayload
src/integrations/prefect-github/prefect_github/schemas/graphql_schema.py,class,A,1,0,11879,11888,MergePullRequestPayload
src/integrations/prefect-github/prefect_github/schemas/graphql_schema.py,class,A,1,0,11891,11927,Migration
src/integrations/prefect-github/prefect_github/schemas/graphql_schema.py,class,A,1,0,11931,11946,MilestoneConnection
src/integrations/prefect-github/prefect_github/schemas/graphql_schema.py,class,A,1,0,11950,11958,MilestoneEdge
src/integrations/prefect-github/prefect_github/schemas/graphql_schema.py,class,A,1,0,11961,11973,Minimizable
src/integrations/prefect-github/prefect_github/schemas/graphql_schema.py,class,A,1,0,11977,11985,MinimizeCommentPayload
src/integrations/prefect-github/prefect_github/schemas/graphql_schema.py,class,A,1,0,11988,11996,MoveProjectCardPayload
src/integrations/prefect-github/prefect_github/schemas/graphql_schema.py,class,A,1,0,11999,12007,MoveProjectColumnPayload
src/integrations/prefect-github/prefect_github/schemas/graphql_schema.py,class,A,1,0,12010,15254,Mutation
src/integrations/prefect-github/prefect_github/schemas/graphql_schema.py,class,A,1,0,15262,15269,Node
src/integrations/prefect-github/prefect_github/schemas/graphql_schema.py,class,A,1,0,15272,15289,OauthApplicationAuditEntryData
src/integrations/prefect-github/prefect_github/schemas/graphql_schema.py,class,A,1,0,15292,15309,OrganizationAuditEntryConnection
src/integrations/prefect-github/prefect_github/schemas/graphql_schema.py,class,A,1,0,15313,15330,OrganizationAuditEntryData
src/integrations/prefect-github/prefect_github/schemas/graphql_schema.py,class,A,1,0,15333,15341,OrganizationAuditEntryEdge
src/integrations/prefect-github/prefect_github/schemas/graphql_schema.py,class,A,1,0,15344,15359,OrganizationConnection
src/integrations/prefect-github/prefect_github/schemas/graphql_schema.py,class,A,1,0,15363,15371,OrganizationEdge
src/integrations/prefect-github/prefect_github/schemas/graphql_schema.py,class,A,1,0,15374,15389,OrganizationEnterpriseOwnerConnection
src/integrations/prefect-github/prefect_github/schemas/graphql_schema.py,class,A,1,0,15393,15403,OrganizationEnterpriseOwnerEdge
src/integrations/prefect-github/prefect_github/schemas/graphql_schema.py,class,A,1,0,15407,15424,OrganizationInvitationConnection
src/integrations/prefect-github/prefect_github/schemas/graphql_schema.py,class,A,1,0,15428,15436,OrganizationInvitationEdge
src/integrations/prefect-github/prefect_github/schemas/graphql_schema.py,class,A,1,0,15439,15454,OrganizationMemberConnection
src/integrations/prefect-github/prefect_github/schemas/graphql_schema.py,class,A,1,0,15458,15470,OrganizationMemberEdge
src/integrations/prefect-github/prefect_github/schemas/graphql_schema.py,class,A,1,0,15473,15486,PackageConnection
src/integrations/prefect-github/prefect_github/schemas/graphql_schema.py,class,A,1,0,15490,15498,PackageEdge
src/integrations/prefect-github/prefect_github/schemas/graphql_schema.py,class,A,1,0,15501,15516,PackageFileConnection
src/integrations/prefect-github/prefect_github/schemas/graphql_schema.py,class,A,1,0,15520,15528,PackageFileEdge
src/integrations/prefect-github/prefect_github/schemas/graphql_schema.py,class,A,1,0,15531,15572,PackageOwner
src/integrations/prefect-github/prefect_github/schemas/graphql_schema.py,class,A,1,0,15580,15588,PackageStatistics
src/integrations/prefect-github/prefect_github/schemas/graphql_schema.py,class,A,1,0,15592,15609,PackageVersionConnection
src/integrations/prefect-github/prefect_github/schemas/graphql_schema.py,class,A,1,0,15613,15621,PackageVersionEdge
src/integrations/prefect-github/prefect_github/schemas/graphql_schema.py,class,A,1,0,15624,15632,PackageVersionStatistics
src/integrations/prefect-github/prefect_github/schemas/graphql_schema.py,class,A,1,0,15636,15655,PageInfo
src/integrations/prefect-github/prefect_github/schemas/graphql_schema.py,class,A,1,0,15658,15673,PermissionSource
src/integrations/prefect-github/prefect_github/schemas/graphql_schema.py,class,A,1,0,15677,15685,PinIssuePayload
src/integrations/prefect-github/prefect_github/schemas/graphql_schema.py,class,A,1,0,15688,15703,PinnableItemConnection
src/integrations/prefect-github/prefect_github/schemas/graphql_schema.py,class,A,1,0,15707,15715,PinnableItemEdge
src/integrations/prefect-github/prefect_github/schemas/graphql_schema.py,class,A,1,0,15718,15735,PinnedDiscussionConnection
src/integrations/prefect-github/prefect_github/schemas/graphql_schema.py,class,A,1,0,15739,15747,PinnedDiscussionEdge
src/integrations/prefect-github/prefect_github/schemas/graphql_schema.py,class,A,1,0,15750,15765,PinnedIssueConnection
src/integrations/prefect-github/prefect_github/schemas/graphql_schema.py,class,A,1,0,15769,15777,PinnedIssueEdge
src/integrations/prefect-github/prefect_github/schemas/graphql_schema.py,class,A,1,0,15780,15801,ProfileItemShowcase
src/integrations/prefect-github/prefect_github/schemas/graphql_schema.py,class,A,1,0,15807,15901,ProfileOwner
src/integrations/prefect-github/prefect_github/schemas/graphql_schema.py,class,A,1,0,15904,15919,ProjectCardConnection
src/integrations/prefect-github/prefect_github/schemas/graphql_schema.py,class,A,1,0,15923,15931,ProjectCardEdge
src/integrations/prefect-github/prefect_github/schemas/graphql_schema.py,class,A,1,0,15934,15951,ProjectColumnConnection
src/integrations/prefect-github/prefect_github/schemas/graphql_schema.py,class,A,1,0,15955,15963,ProjectColumnEdge
src/integrations/prefect-github/prefect_github/schemas/graphql_schema.py,class,A,1,0,15966,15979,ProjectConnection
src/integrations/prefect-github/prefect_github/schemas/graphql_schema.py,class,A,1,0,15983,15991,ProjectEdge
src/integrations/prefect-github/prefect_github/schemas/graphql_schema.py,class,A,1,0,15994,16009,ProjectNextConnection
src/integrations/prefect-github/prefect_github/schemas/graphql_schema.py,class,A,1,0,16013,16021,ProjectNextEdge
src/integrations/prefect-github/prefect_github/schemas/graphql_schema.py,class,A,1,0,16024,16054,ProjectNextFieldCommon
src/integrations/prefect-github/prefect_github/schemas/graphql_schema.py,class,A,1,0,16058,16075,ProjectNextFieldConnection
src/integrations/prefect-github/prefect_github/schemas/graphql_schema.py,class,A,1,0,16079,16087,ProjectNextFieldEdge
src/integrations/prefect-github/prefect_github/schemas/graphql_schema.py,class,A,1,0,16090,16107,ProjectNextItemConnection
src/integrations/prefect-github/prefect_github/schemas/graphql_schema.py,class,A,1,0,16111,16119,ProjectNextItemEdge
src/integrations/prefect-github/prefect_github/schemas/graphql_schema.py,class,A,1,0,16122,16139,ProjectNextItemFieldValueConnection
src/integrations/prefect-github/prefect_github/schemas/graphql_schema.py,class,A,1,0,16143,16151,ProjectNextItemFieldValueEdge
src/integrations/prefect-github/prefect_github/schemas/graphql_schema.py,class,A,1,0,16154,16194,ProjectNextOwner
src/integrations/prefect-github/prefect_github/schemas/graphql_schema.py,class,A,1,0,16200,16267,ProjectOwner
src/integrations/prefect-github/prefect_github/schemas/graphql_schema.py,class,A,1,0,16271,16299,ProjectProgress
src/integrations/prefect-github/prefect_github/schemas/graphql_schema.py,class,A,1,0,16303,16318,ProjectV2Connection
src/integrations/prefect-github/prefect_github/schemas/graphql_schema.py,class,A,1,0,16322,16330,ProjectV2Edge
src/integrations/prefect-github/prefect_github/schemas/graphql_schema.py,class,A,1,0,16333,16361,ProjectV2FieldCommon
src/integrations/prefect-github/prefect_github/schemas/graphql_schema.py,class,A,1,0,16365,16382,ProjectV2FieldConfigurationConnection
src/integrations/prefect-github/prefect_github/schemas/graphql_schema.py,class,A,1,0,16386,16394,ProjectV2FieldConfigurationEdge
src/integrations/prefect-github/prefect_github/schemas/graphql_schema.py,class,A,1,0,16397,16414,ProjectV2FieldConnection
src/integrations/prefect-github/prefect_github/schemas/graphql_schema.py,class,A,1,0,16418,16426,ProjectV2FieldEdge
src/integrations/prefect-github/prefect_github/schemas/graphql_schema.py,class,A,1,0,16429,16446,ProjectV2ItemConnection
src/integrations/prefect-github/prefect_github/schemas/graphql_schema.py,class,A,1,0,16450,16458,ProjectV2ItemEdge
src/integrations/prefect-github/prefect_github/schemas/graphql_schema.py,class,A,1,0,16461,16482,ProjectV2ItemFieldLabelValue
src/integrations/prefect-github/prefect_github/schemas/graphql_schema.py,class,A,1,0,16488,16498,ProjectV2ItemFieldMilestoneValue
src/integrations/prefect-github/prefect_github/schemas/graphql_schema.py,class,A,1,0,16501,16528,ProjectV2ItemFieldPullRequestValue
src/integrations/prefect-github/prefect_github/schemas/graphql_schema.py,class,A,1,0,16536,16546,ProjectV2ItemFieldRepositoryValue
src/integrations/prefect-github/prefect_github/schemas/graphql_schema.py,class,A,1,0,16549,16570,ProjectV2ItemFieldReviewerValue
src/integrations/prefect-github/prefect_github/schemas/graphql_schema.py,class,A,1,0,16576,16597,ProjectV2ItemFieldUserValue
src/integrations/prefect-github/prefect_github/schemas/graphql_schema.py,class,A,1,0,16603,16629,ProjectV2ItemFieldValueCommon
src/integrations/prefect-github/prefect_github/schemas/graphql_schema.py,class,A,1,0,16633,16650,ProjectV2ItemFieldValueConnection
src/integrations/prefect-github/prefect_github/schemas/graphql_schema.py,class,A,1,0,16654,16662,ProjectV2ItemFieldValueEdge
src/integrations/prefect-github/prefect_github/schemas/graphql_schema.py,class,A,1,0,16665,16689,ProjectV2IterationFieldConfiguration
src/integrations/prefect-github/prefect_github/schemas/graphql_schema.py,class,A,1,0,16692,16704,ProjectV2IterationFieldIteration
src/integrations/prefect-github/prefect_github/schemas/graphql_schema.py,class,A,1,0,16708,16750,ProjectV2Owner
src/integrations/prefect-github/prefect_github/schemas/graphql_schema.py,class,A,1,0,16756,16774,ProjectV2Recent
src/integrations/prefect-github/prefect_github/schemas/graphql_schema.py,class,A,1,0,16780,16789,ProjectV2SingleSelectFieldOption
src/integrations/prefect-github/prefect_github/schemas/graphql_schema.py,class,A,1,0,16792,16803,ProjectV2SortBy
src/integrations/prefect-github/prefect_github/schemas/graphql_schema.py,class,A,1,0,16807,16824,ProjectV2SortByConnection
src/integrations/prefect-github/prefect_github/schemas/graphql_schema.py,class,A,1,0,16828,16836,ProjectV2SortByEdge
src/integrations/prefect-github/prefect_github/schemas/graphql_schema.py,class,A,1,0,16839,16856,ProjectV2ViewConnection
src/integrations/prefect-github/prefect_github/schemas/graphql_schema.py,class,A,1,0,16860,16868,ProjectV2ViewEdge
src/integrations/prefect-github/prefect_github/schemas/graphql_schema.py,class,A,1,0,16871,16886,ProjectViewConnection
src/integrations/prefect-github/prefect_github/schemas/graphql_schema.py,class,A,1,0,16890,16898,ProjectViewEdge
src/integrations/prefect-github/prefect_github/schemas/graphql_schema.py,class,A,1,0,16901,16916,PublicKeyConnection
src/integrations/prefect-github/prefect_github/schemas/graphql_schema.py,class,A,1,0,16920,16928,PublicKeyEdge
src/integrations/prefect-github/prefect_github/schemas/graphql_schema.py,class,A,1,0,16931,16951,PullRequestChangedFile
src/integrations/prefect-github/prefect_github/schemas/graphql_schema.py,class,A,1,0,16955,16972,PullRequestChangedFileConnection
src/integrations/prefect-github/prefect_github/schemas/graphql_schema.py,class,A,1,0,16976,16984,PullRequestChangedFileEdge
src/integrations/prefect-github/prefect_github/schemas/graphql_schema.py,class,A,1,0,16987,17004,PullRequestCommitConnection
src/integrations/prefect-github/prefect_github/schemas/graphql_schema.py,class,A,1,0,17008,17016,PullRequestCommitEdge
src/integrations/prefect-github/prefect_github/schemas/graphql_schema.py,class,A,1,0,17019,17034,PullRequestConnection
src/integrations/prefect-github/prefect_github/schemas/graphql_schema.py,class,A,1,0,17038,17069,PullRequestContributionsByRepository
src/integrations/prefect-github/prefect_github/schemas/graphql_schema.py,class,A,1,0,17073,17081,PullRequestEdge
src/integrations/prefect-github/prefect_github/schemas/graphql_schema.py,class,A,1,0,17084,17101,PullRequestReviewCommentConnection
src/integrations/prefect-github/prefect_github/schemas/graphql_schema.py,class,A,1,0,17105,17113,PullRequestReviewCommentEdge
src/integrations/prefect-github/prefect_github/schemas/graphql_schema.py,class,A,1,0,17116,17133,PullRequestReviewConnection
src/integrations/prefect-github/prefect_github/schemas/graphql_schema.py,class,A,1,0,17137,17168,PullRequestReviewContributionsByRepository
src/integrations/prefect-github/prefect_github/schemas/graphql_schema.py,class,A,1,0,17172,17180,PullRequestReviewEdge
src/integrations/prefect-github/prefect_github/schemas/graphql_schema.py,class,A,1,0,17183,17200,PullRequestReviewThreadConnection
src/integrations/prefect-github/prefect_github/schemas/graphql_schema.py,class,A,1,0,17204,17212,PullRequestReviewThreadEdge
src/integrations/prefect-github/prefect_github/schemas/graphql_schema.py,class,A,1,0,17215,17229,PullRequestRevisionMarker
src/integrations/prefect-github/prefect_github/schemas/graphql_schema.py,class,A,1,0,17233,17243,PullRequestTemplate
src/integrations/prefect-github/prefect_github/schemas/graphql_schema.py,class,A,1,0,17247,17264,PullRequestTimelineConnection
src/integrations/prefect-github/prefect_github/schemas/graphql_schema.py,class,A,1,0,17268,17276,PullRequestTimelineItemEdge
src/integrations/prefect-github/prefect_github/schemas/graphql_schema.py,class,A,1,0,17279,17311,PullRequestTimelineItemsConnection
src/integrations/prefect-github/prefect_github/schemas/graphql_schema.py,class,A,1,0,17315,17323,PullRequestTimelineItemsEdge
src/integrations/prefect-github/prefect_github/schemas/graphql_schema.py,class,A,1,0,17326,17343,PushAllowanceConnection
src/integrations/prefect-github/prefect_github/schemas/graphql_schema.py,class,A,1,0,17347,17355,PushAllowanceEdge
src/integrations/prefect-github/prefect_github/schemas/graphql_schema.py,class,A,1,0,17358,17960,Query
src/integrations/prefect-github/prefect_github/schemas/graphql_schema.py,class,A,1,0,17963,17975,RateLimit
src/integrations/prefect-github/prefect_github/schemas/graphql_schema.py,class,A,1,0,17978,18025,Reactable
src/integrations/prefect-github/prefect_github/schemas/graphql_schema.py,class,A,1,0,18029,18044,ReactingUserConnection
src/integrations/prefect-github/prefect_github/schemas/graphql_schema.py,class,A,1,0,18048,18058,ReactingUserEdge
src/integrations/prefect-github/prefect_github/schemas/graphql_schema.py,class,A,1,0,18062,18084,ReactionConnection
src/integrations/prefect-github/prefect_github/schemas/graphql_schema.py,class,A,1,0,18088,18096,ReactionEdge
src/integrations/prefect-github/prefect_github/schemas/graphql_schema.py,class,A,1,0,18099,18149,ReactionGroup
src/integrations/prefect-github/prefect_github/schemas/graphql_schema.py,class,A,1,0,18153,18166,ReactorConnection
src/integrations/prefect-github/prefect_github/schemas/graphql_schema.py,class,A,1,0,18170,18180,ReactorEdge
src/integrations/prefect-github/prefect_github/schemas/graphql_schema.py,class,A,1,0,18184,18197,RefConnection
src/integrations/prefect-github/prefect_github/schemas/graphql_schema.py,class,A,1,0,18201,18209,RefEdge
src/integrations/prefect-github/prefect_github/schemas/graphql_schema.py,class,A,1,0,18212,18264,RefUpdateRule
src/integrations/prefect-github/prefect_github/schemas/graphql_schema.py,class,A,1,0,18268,18277,RegenerateEnterpriseIdentityProviderRecoveryCodesPayload
src/integrations/prefect-github/prefect_github/schemas/graphql_schema.py,class,A,1,0,18281,18289,RegenerateVerifiableDomainTokenPayload
src/integrations/prefect-github/prefect_github/schemas/graphql_schema.py,class,A,1,0,18292,18302,RejectDeploymentsPayload
src/integrations/prefect-github/prefect_github/schemas/graphql_schema.py,class,A,1,0,18306,18321,ReleaseAssetConnection
src/integrations/prefect-github/prefect_github/schemas/graphql_schema.py,class,A,1,0,18325,18333,ReleaseAssetEdge
src/integrations/prefect-github/prefect_github/schemas/graphql_schema.py,class,A,1,0,18336,18349,ReleaseConnection
src/integrations/prefect-github/prefect_github/schemas/graphql_schema.py,class,A,1,0,18353,18361,ReleaseEdge
src/integrations/prefect-github/prefect_github/schemas/graphql_schema.py,class,A,1,0,18364,18372,RemoveAssigneesFromAssignablePayload
src/integrations/prefect-github/prefect_github/schemas/graphql_schema.py,class,A,1,0,18375,18386,RemoveEnterpriseAdminPayload
src/integrations/prefect-github/prefect_github/schemas/graphql_schema.py,class,A,1,0,18389,18398,RemoveEnterpriseIdentityProviderPayload
src/integrations/prefect-github/prefect_github/schemas/graphql_schema.py,class,A,1,0,18402,18412,RemoveEnterpriseOrganizationPayload
src/integrations/prefect-github/prefect_github/schemas/graphql_schema.py,class,A,1,0,18415,18423,RemoveEnterpriseSupportEntitlementPayload
src/integrations/prefect-github/prefect_github/schemas/graphql_schema.py,class,A,1,0,18426,18434,RemoveLabelsFromLabelablePayload
src/integrations/prefect-github/prefect_github/schemas/graphql_schema.py,class,A,1,0,18437,18445,RemoveOutsideCollaboratorPayload
src/integrations/prefect-github/prefect_github/schemas/graphql_schema.py,class,A,1,0,18448,18457,RemoveReactionPayload
src/integrations/prefect-github/prefect_github/schemas/graphql_schema.py,class,A,1,0,18460,18468,RemoveStarPayload
src/integrations/prefect-github/prefect_github/schemas/graphql_schema.py,class,A,1,0,18471,18479,RemoveUpvotePayload
src/integrations/prefect-github/prefect_github/schemas/graphql_schema.py,class,A,1,0,18482,18490,ReopenIssuePayload
src/integrations/prefect-github/prefect_github/schemas/graphql_schema.py,class,A,1,0,18493,18501,ReopenPullRequestPayload
src/integrations/prefect-github/prefect_github/schemas/graphql_schema.py,class,A,1,0,18504,18521,RepositoryAuditEntryData
src/integrations/prefect-github/prefect_github/schemas/graphql_schema.py,class,A,1,0,18524,18535,RepositoryCodeowners
src/integrations/prefect-github/prefect_github/schemas/graphql_schema.py,class,A,1,0,18539,18560,RepositoryCodeownersError
src/integrations/prefect-github/prefect_github/schemas/graphql_schema.py,class,A,1,0,18563,18578,RepositoryCollaboratorConnection
src/integrations/prefect-github/prefect_github/schemas/graphql_schema.py,class,A,1,0,18582,18596,RepositoryCollaboratorEdge
src/integrations/prefect-github/prefect_github/schemas/graphql_schema.py,class,A,1,0,18600,18618,RepositoryConnection
src/integrations/prefect-github/prefect_github/schemas/graphql_schema.py,class,A,1,0,18622,18631,RepositoryContactLink
src/integrations/prefect-github/prefect_github/schemas/graphql_schema.py,class,A,1,0,18634,18667,RepositoryDiscussionAuthor
src/integrations/prefect-github/prefect_github/schemas/graphql_schema.py,class,A,1,0,18674,18699,RepositoryDiscussionCommentAuthor
src/integrations/prefect-github/prefect_github/schemas/graphql_schema.py,class,A,1,0,18706,18714,RepositoryEdge
src/integrations/prefect-github/prefect_github/schemas/graphql_schema.py,class,A,1,0,18717,18823,RepositoryInfo
src/integrations/prefect-github/prefect_github/schemas/graphql_schema.py,class,A,1,0,18827,18839,RepositoryInteractionAbility
src/integrations/prefect-github/prefect_github/schemas/graphql_schema.py,class,A,1,0,18843,18860,RepositoryInvitationConnection
src/integrations/prefect-github/prefect_github/schemas/graphql_schema.py,class,A,1,0,18864,18872,RepositoryInvitationEdge
src/integrations/prefect-github/prefect_github/schemas/graphql_schema.py,class,A,1,0,18875,18892,RepositoryMigrationConnection
src/integrations/prefect-github/prefect_github/schemas/graphql_schema.py,class,A,1,0,18896,18904,RepositoryMigrationEdge
src/integrations/prefect-github/prefect_github/schemas/graphql_schema.py,class,A,1,0,18907,18915,RepositoryNode
src/integrations/prefect-github/prefect_github/schemas/graphql_schema.py,class,A,1,0,18919,19017,RepositoryOwner
src/integrations/prefect-github/prefect_github/schemas/graphql_schema.py,class,A,1,0,19020,19037,RepositoryTopicConnection
src/integrations/prefect-github/prefect_github/schemas/graphql_schema.py,class,A,1,0,19041,19049,RepositoryTopicEdge
src/integrations/prefect-github/prefect_github/schemas/graphql_schema.py,class,A,1,0,19052,19069,RepositoryVulnerabilityAlertConnection
src/integrations/prefect-github/prefect_github/schemas/graphql_schema.py,class,A,1,0,19073,19081,RepositoryVulnerabilityAlertEdge
src/integrations/prefect-github/prefect_github/schemas/graphql_schema.py,class,A,1,0,19084,19100,RequestReviewsPayload
src/integrations/prefect-github/prefect_github/schemas/graphql_schema.py,class,A,1,0,19104,19121,RequestedReviewerConnection
src/integrations/prefect-github/prefect_github/schemas/graphql_schema.py,class,A,1,0,19125,19133,RequestedReviewerEdge
src/integrations/prefect-github/prefect_github/schemas/graphql_schema.py,class,A,1,0,19136,19155,RequirableByPullRequest
src/integrations/prefect-github/prefect_github/schemas/graphql_schema.py,class,A,1,0,19163,19171,RequiredStatusCheckDescription
src/integrations/prefect-github/prefect_github/schemas/graphql_schema.py,class,A,1,0,19174,19182,RerequestCheckSuitePayload
src/integrations/prefect-github/prefect_github/schemas/graphql_schema.py,class,A,1,0,19185,19193,ResolveReviewThreadPayload
src/integrations/prefect-github/prefect_github/schemas/graphql_schema.py,class,A,1,0,19196,19213,ReviewDismissalAllowanceConnection
src/integrations/prefect-github/prefect_github/schemas/graphql_schema.py,class,A,1,0,19217,19225,ReviewDismissalAllowanceEdge
src/integrations/prefect-github/prefect_github/schemas/graphql_schema.py,class,A,1,0,19228,19245,ReviewRequestConnection
src/integrations/prefect-github/prefect_github/schemas/graphql_schema.py,class,A,1,0,19249,19257,ReviewRequestEdge
src/integrations/prefect-github/prefect_github/schemas/graphql_schema.py,class,A,1,0,19260,19279,RevokeEnterpriseOrganizationsMigratorRolePayload
src/integrations/prefect-github/prefect_github/schemas/graphql_schema.py,class,A,1,0,19285,19293,RevokeMigratorRolePayload
src/integrations/prefect-github/prefect_github/schemas/graphql_schema.py,class,A,1,0,19296,19311,SavedReplyConnection
src/integrations/prefect-github/prefect_github/schemas/graphql_schema.py,class,A,1,0,19315,19323,SavedReplyEdge
src/integrations/prefect-github/prefect_github/schemas/graphql_schema.py,class,A,1,0,19326,19363,SearchResultItemConnection
src/integrations/prefect-github/prefect_github/schemas/graphql_schema.py,class,A,1,0,19366,19376,SearchResultItemEdge
src/integrations/prefect-github/prefect_github/schemas/graphql_schema.py,class,A,1,0,19380,19397,SecurityAdvisoryConnection
src/integrations/prefect-github/prefect_github/schemas/graphql_schema.py,class,A,1,0,19401,19409,SecurityAdvisoryEdge
src/integrations/prefect-github/prefect_github/schemas/graphql_schema.py,class,A,1,0,19412,19420,SecurityAdvisoryIdentifier
src/integrations/prefect-github/prefect_github/schemas/graphql_schema.py,class,A,1,0,19423,19433,SecurityAdvisoryPackage
src/integrations/prefect-github/prefect_github/schemas/graphql_schema.py,class,A,1,0,19436,19444,SecurityAdvisoryPackageVersion
src/integrations/prefect-github/prefect_github/schemas/graphql_schema.py,class,A,1,0,19448,19455,SecurityAdvisoryReference
src/integrations/prefect-github/prefect_github/schemas/graphql_schema.py,class,A,1,0,19458,19488,SecurityVulnerability
src/integrations/prefect-github/prefect_github/schemas/graphql_schema.py,class,A,1,0,19492,19509,SecurityVulnerabilityConnection
src/integrations/prefect-github/prefect_github/schemas/graphql_schema.py,class,A,1,0,19513,19521,SecurityVulnerabilityEdge
src/integrations/prefect-github/prefect_github/schemas/graphql_schema.py,class,A,1,0,19524,19533,SetEnterpriseIdentityProviderPayload
src/integrations/prefect-github/prefect_github/schemas/graphql_schema.py,class,A,1,0,19537,19545,SetOrganizationInteractionLimitPayload
src/integrations/prefect-github/prefect_github/schemas/graphql_schema.py,class,A,1,0,19548,19556,SetRepositoryInteractionLimitPayload
src/integrations/prefect-github/prefect_github/schemas/graphql_schema.py,class,A,1,0,19559,19567,SetUserInteractionLimitPayload
src/integrations/prefect-github/prefect_github/schemas/graphql_schema.py,class,A,1,0,19570,19580,SortBy
src/integrations/prefect-github/prefect_github/schemas/graphql_schema.py,class,A,1,0,19583,19596,SponsorConnection
src/integrations/prefect-github/prefect_github/schemas/graphql_schema.py,class,A,1,0,19600,19608,SponsorEdge
src/integrations/prefect-github/prefect_github/schemas/graphql_schema.py,class,A,1,0,19611,19833,Sponsorable
src/integrations/prefect-github/prefect_github/schemas/graphql_schema.py,class,A,1,0,19837,19854,SponsorableItemConnection
src/integrations/prefect-github/prefect_github/schemas/graphql_schema.py,class,A,1,0,19858,19866,SponsorableItemEdge
src/integrations/prefect-github/prefect_github/schemas/graphql_schema.py,class,A,1,0,19869,19886,SponsorsActivityConnection
src/integrations/prefect-github/prefect_github/schemas/graphql_schema.py,class,A,1,0,19890,19898,SponsorsActivityEdge
src/integrations/prefect-github/prefect_github/schemas/graphql_schema.py,class,A,1,0,19901,19924,SponsorsGoal
src/integrations/prefect-github/prefect_github/schemas/graphql_schema.py,class,A,1,0,19927,19955,SponsorsTierAdminInfo
src/integrations/prefect-github/prefect_github/schemas/graphql_schema.py,class,A,1,0,19963,19978,SponsorsTierConnection
src/integrations/prefect-github/prefect_github/schemas/graphql_schema.py,class,A,1,0,19982,19990,SponsorsTierEdge
src/integrations/prefect-github/prefect_github/schemas/graphql_schema.py,class,A,1,0,19993,20021,SponsorshipConnection
src/integrations/prefect-github/prefect_github/schemas/graphql_schema.py,class,A,1,0,20025,20033,SponsorshipEdge
src/integrations/prefect-github/prefect_github/schemas/graphql_schema.py,class,A,1,0,20036,20053,SponsorshipNewsletterConnection
src/integrations/prefect-github/prefect_github/schemas/graphql_schema.py,class,A,1,0,20057,20065,SponsorshipNewsletterEdge
src/integrations/prefect-github/prefect_github/schemas/graphql_schema.py,class,A,1,0,20068,20083,StargazerConnection
src/integrations/prefect-github/prefect_github/schemas/graphql_schema.py,class,A,1,0,20087,20097,StargazerEdge
src/integrations/prefect-github/prefect_github/schemas/graphql_schema.py,class,A,1,0,20101,20132,Starrable
src/integrations/prefect-github/prefect_github/schemas/graphql_schema.py,class,A,1,0,20136,20154,StarredRepositoryConnection
src/integrations/prefect-github/prefect_github/schemas/graphql_schema.py,class,A,1,0,20158,20168,StarredRepositoryEdge
src/integrations/prefect-github/prefect_github/schemas/graphql_schema.py,class,A,1,0,20172,20181,StartRepositoryMigrationPayload
src/integrations/prefect-github/prefect_github/schemas/graphql_schema.py,class,A,1,0,20185,20225,StatusCheckRollupContextConnection
src/integrations/prefect-github/prefect_github/schemas/graphql_schema.py,class,A,1,0,20229,20237,StatusCheckRollupContextEdge
src/integrations/prefect-github/prefect_github/schemas/graphql_schema.py,class,A,1,0,20240,20248,StatusContextStateCount
src/integrations/prefect-github/prefect_github/schemas/graphql_schema.py,class,A,1,0,20251,20260,SubmitPullRequestReviewPayload
src/integrations/prefect-github/prefect_github/schemas/graphql_schema.py,class,A,1,0,20264,20276,Submodule
src/integrations/prefect-github/prefect_github/schemas/graphql_schema.py,class,A,1,0,20280,20295,SubmoduleConnection
src/integrations/prefect-github/prefect_github/schemas/graphql_schema.py,class,A,1,0,20299,20307,SubmoduleEdge
src/integrations/prefect-github/prefect_github/schemas/graphql_schema.py,class,A,1,0,20310,20322,Subscribable
src/integrations/prefect-github/prefect_github/schemas/graphql_schema.py,class,A,1,0,20326,20339,SuggestedReviewer
src/integrations/prefect-github/prefect_github/schemas/graphql_schema.py,class,A,1,0,20342,20352,TeamAuditEntryData
src/integrations/prefect-github/prefect_github/schemas/graphql_schema.py,class,A,1,0,20355,20368,TeamConnection
src/integrations/prefect-github/prefect_github/schemas/graphql_schema.py,class,A,1,0,20372,20389,TeamDiscussionCommentConnection
src/integrations/prefect-github/prefect_github/schemas/graphql_schema.py,class,A,1,0,20393,20401,TeamDiscussionCommentEdge
src/integrations/prefect-github/prefect_github/schemas/graphql_schema.py,class,A,1,0,20404,20421,TeamDiscussionConnection
src/integrations/prefect-github/prefect_github/schemas/graphql_schema.py,class,A,1,0,20425,20433,TeamDiscussionEdge
src/integrations/prefect-github/prefect_github/schemas/graphql_schema.py,class,A,1,0,20436,20444,TeamEdge
src/integrations/prefect-github/prefect_github/schemas/graphql_schema.py,class,A,1,0,20447,20462,TeamMemberConnection
src/integrations/prefect-github/prefect_github/schemas/graphql_schema.py,class,A,1,0,20466,20487,TeamMemberEdge
src/integrations/prefect-github/prefect_github/schemas/graphql_schema.py,class,A,1,0,20490,20505,TeamRepositoryConnection
src/integrations/prefect-github/prefect_github/schemas/graphql_schema.py,class,A,1,0,20509,20519,TeamRepositoryEdge
src/integrations/prefect-github/prefect_github/schemas/graphql_schema.py,class,A,1,0,20523,20537,TextMatch
src/integrations/prefect-github/prefect_github/schemas/graphql_schema.py,class,A,1,0,20540,20551,TextMatchHighlight
src/integrations/prefect-github/prefect_github/schemas/graphql_schema.py,class,A,1,0,20554,20562,TopicAuditEntryData
src/integrations/prefect-github/prefect_github/schemas/graphql_schema.py,class,A,1,0,20565,20573,TransferIssuePayload
src/integrations/prefect-github/prefect_github/schemas/graphql_schema.py,class,A,1,0,20576,20611,TreeEntry
src/integrations/prefect-github/prefect_github/schemas/graphql_schema.py,class,A,1,0,20614,20622,UnarchiveRepositoryPayload
src/integrations/prefect-github/prefect_github/schemas/graphql_schema.py,class,A,1,0,20625,20633,UnfollowOrganizationPayload
src/integrations/prefect-github/prefect_github/schemas/graphql_schema.py,class,A,1,0,20636,20644,UnfollowUserPayload
src/integrations/prefect-github/prefect_github/schemas/graphql_schema.py,class,A,1,0,20647,20657,UniformResourceLocatable
src/integrations/prefect-github/prefect_github/schemas/graphql_schema.py,class,A,1,0,20660,20669,UnlinkRepositoryFromProjectPayload
src/integrations/prefect-github/prefect_github/schemas/graphql_schema.py,class,A,1,0,20672,20681,UnlockLockablePayload
src/integrations/prefect-github/prefect_github/schemas/graphql_schema.py,class,A,1,0,20684,20692,UnmarkDiscussionCommentAsAnswerPayload
src/integrations/prefect-github/prefect_github/schemas/graphql_schema.py,class,A,1,0,20695,20703,UnmarkFileAsViewedPayload
src/integrations/prefect-github/prefect_github/schemas/graphql_schema.py,class,A,1,0,20706,20714,UnmarkIssueAsDuplicatePayload
src/integrations/prefect-github/prefect_github/schemas/graphql_schema.py,class,A,1,0,20717,20726,UnminimizeCommentPayload
src/integrations/prefect-github/prefect_github/schemas/graphql_schema.py,class,A,1,0,20730,20738,UnpinIssuePayload
src/integrations/prefect-github/prefect_github/schemas/graphql_schema.py,class,A,1,0,20741,20749,UnresolveReviewThreadPayload
src/integrations/prefect-github/prefect_github/schemas/graphql_schema.py,class,A,1,0,20752,20760,Updatable
src/integrations/prefect-github/prefect_github/schemas/graphql_schema.py,class,A,1,0,20764,20775,UpdatableComment
src/integrations/prefect-github/prefect_github/schemas/graphql_schema.py,class,A,1,0,20779,20789,UpdateBranchProtectionRulePayload
src/integrations/prefect-github/prefect_github/schemas/graphql_schema.py,class,A,1,0,20792,20800,UpdateCheckRunPayload
src/integrations/prefect-github/prefect_github/schemas/graphql_schema.py,class,A,1,0,20803,20811,UpdateCheckSuitePreferencesPayload
src/integrations/prefect-github/prefect_github/schemas/graphql_schema.py,class,A,1,0,20814,20822,UpdateDiscussionCommentPayload
src/integrations/prefect-github/prefect_github/schemas/graphql_schema.py,class,A,1,0,20825,20833,UpdateDiscussionPayload
src/integrations/prefect-github/prefect_github/schemas/graphql_schema.py,class,A,1,0,20836,20844,UpdateEnterpriseAdministratorRolePayload
src/integrations/prefect-github/prefect_github/schemas/graphql_schema.py,class,A,1,0,20847,20856,UpdateEnterpriseAllowPrivateRepositoryForkingSettingPayload
src/integrations/prefect-github/prefect_github/schemas/graphql_schema.py,class,A,1,0,20859,20868,UpdateEnterpriseDefaultRepositoryPermissionSettingPayload
src/integrations/prefect-github/prefect_github/schemas/graphql_schema.py,class,A,1,0,20871,20882,UpdateEnterpriseMembersCanChangeRepositoryVisibilitySettingPayload
src/integrations/prefect-github/prefect_github/schemas/graphql_schema.py,class,A,1,0,20885,20894,UpdateEnterpriseMembersCanCreateRepositoriesSettingPayload
src/integrations/prefect-github/prefect_github/schemas/graphql_schema.py,class,A,1,0,20897,20906,UpdateEnterpriseMembersCanDeleteIssuesSettingPayload
src/integrations/prefect-github/prefect_github/schemas/graphql_schema.py,class,A,1,0,20909,20918,UpdateEnterpriseMembersCanDeleteRepositoriesSettingPayload
src/integrations/prefect-github/prefect_github/schemas/graphql_schema.py,class,A,1,0,20921,20930,UpdateEnterpriseMembersCanInviteCollaboratorsSettingPayload
src/integrations/prefect-github/prefect_github/schemas/graphql_schema.py,class,A,1,0,20933,20942,UpdateEnterpriseMembersCanMakePurchasesSettingPayload
src/integrations/prefect-github/prefect_github/schemas/graphql_schema.py,class,A,1,0,20945,20954,UpdateEnterpriseMembersCanUpdateProtectedBranchesSettingPayload
src/integrations/prefect-github/prefect_github/schemas/graphql_schema.py,class,A,1,0,20957,20966,UpdateEnterpriseMembersCanViewDependencyInsightsSettingPayload
src/integrations/prefect-github/prefect_github/schemas/graphql_schema.py,class,A,1,0,20969,20978,UpdateEnterpriseOrganizationProjectsSettingPayload
src/integrations/prefect-github/prefect_github/schemas/graphql_schema.py,class,A,1,0,20981,20989,UpdateEnterpriseOwnerOrganizationRolePayload
src/integrations/prefect-github/prefect_github/schemas/graphql_schema.py,class,A,1,0,20992,21000,UpdateEnterpriseProfilePayload
src/integrations/prefect-github/prefect_github/schemas/graphql_schema.py,class,A,1,0,21003,21012,UpdateEnterpriseRepositoryProjectsSettingPayload
src/integrations/prefect-github/prefect_github/schemas/graphql_schema.py,class,A,1,0,21015,21024,UpdateEnterpriseTeamDiscussionsSettingPayload
src/integrations/prefect-github/prefect_github/schemas/graphql_schema.py,class,A,1,0,21027,21036,UpdateEnterpriseTwoFactorAuthenticationRequiredSettingPayload
src/integrations/prefect-github/prefect_github/schemas/graphql_schema.py,class,A,1,0,21039,21047,UpdateEnvironmentPayload
src/integrations/prefect-github/prefect_github/schemas/graphql_schema.py,class,A,1,0,21050,21058,UpdateIpAllowListEnabledSettingPayload
src/integrations/prefect-github/prefect_github/schemas/graphql_schema.py,class,A,1,0,21061,21070,UpdateIpAllowListEntryPayload
src/integrations/prefect-github/prefect_github/schemas/graphql_schema.py,class,A,1,0,21074,21082,UpdateIpAllowListForInstalledAppsEnabledSettingPayload
src/integrations/prefect-github/prefect_github/schemas/graphql_schema.py,class,A,1,0,21085,21093,UpdateIssueCommentPayload
src/integrations/prefect-github/prefect_github/schemas/graphql_schema.py,class,A,1,0,21096,21105,UpdateIssuePayload
src/integrations/prefect-github/prefect_github/schemas/graphql_schema.py,class,A,1,0,21108,21116,UpdateNotificationRestrictionSettingPayload
src/integrations/prefect-github/prefect_github/schemas/graphql_schema.py,class,A,1,0,21119,21128,UpdateOrganizationAllowPrivateRepositoryForkingSettingPayload
src/integrations/prefect-github/prefect_github/schemas/graphql_schema.py,class,A,1,0,21131,21140,UpdateOrganizationWebCommitSignoffSettingPayload
src/integrations/prefect-github/prefect_github/schemas/graphql_schema.py,class,A,1,0,21143,21151,UpdateProjectCardPayload
src/integrations/prefect-github/prefect_github/schemas/graphql_schema.py,class,A,1,0,21154,21162,UpdateProjectColumnPayload
src/integrations/prefect-github/prefect_github/schemas/graphql_schema.py,class,A,1,0,21165,21173,UpdateProjectDraftIssuePayload
src/integrations/prefect-github/prefect_github/schemas/graphql_schema.py,class,A,1,0,21176,21185,UpdateProjectNextItemFieldPayload
src/integrations/prefect-github/prefect_github/schemas/graphql_schema.py,class,A,1,0,21189,21197,UpdateProjectNextPayload
src/integrations/prefect-github/prefect_github/schemas/graphql_schema.py,class,A,1,0,21200,21208,UpdateProjectPayload
src/integrations/prefect-github/prefect_github/schemas/graphql_schema.py,class,A,1,0,21211,21219,UpdateProjectV2DraftIssuePayload
src/integrations/prefect-github/prefect_github/schemas/graphql_schema.py,class,A,1,0,21222,21230,UpdateProjectV2ItemFieldValuePayload
src/integrations/prefect-github/prefect_github/schemas/graphql_schema.py,class,A,1,0,21233,21252,UpdateProjectV2ItemPositionPayload
src/integrations/prefect-github/prefect_github/schemas/graphql_schema.py,class,A,1,0,21258,21266,UpdateProjectV2Payload
src/integrations/prefect-github/prefect_github/schemas/graphql_schema.py,class,A,1,0,21269,21277,UpdatePullRequestBranchPayload
src/integrations/prefect-github/prefect_github/schemas/graphql_schema.py,class,A,1,0,21280,21289,UpdatePullRequestPayload
src/integrations/prefect-github/prefect_github/schemas/graphql_schema.py,class,A,1,0,21292,21301,UpdatePullRequestReviewCommentPayload
src/integrations/prefect-github/prefect_github/schemas/graphql_schema.py,class,A,1,0,21305,21314,UpdatePullRequestReviewPayload
src/integrations/prefect-github/prefect_github/schemas/graphql_schema.py,class,A,1,0,21318,21326,UpdateRefPayload
src/integrations/prefect-github/prefect_github/schemas/graphql_schema.py,class,A,1,0,21329,21337,UpdateRepositoryPayload
src/integrations/prefect-github/prefect_github/schemas/graphql_schema.py,class,A,1,0,21340,21349,UpdateRepositoryWebCommitSignoffSettingPayload
src/integrations/prefect-github/prefect_github/schemas/graphql_schema.py,class,A,1,0,21352,21360,UpdateSponsorshipPreferencesPayload
src/integrations/prefect-github/prefect_github/schemas/graphql_schema.py,class,A,1,0,21363,21371,UpdateSubscriptionPayload
src/integrations/prefect-github/prefect_github/schemas/graphql_schema.py,class,A,1,0,21374,21383,UpdateTeamDiscussionCommentPayload
src/integrations/prefect-github/prefect_github/schemas/graphql_schema.py,class,A,1,0,21387,21395,UpdateTeamDiscussionPayload
src/integrations/prefect-github/prefect_github/schemas/graphql_schema.py,class,A,1,0,21398,21408,UpdateTeamsRepositoryPayload
src/integrations/prefect-github/prefect_github/schemas/graphql_schema.py,class,A,1,0,21412,21424,UpdateTopicsPayload
src/integrations/prefect-github/prefect_github/schemas/graphql_schema.py,class,A,1,0,21427,21440,UserConnection
src/integrations/prefect-github/prefect_github/schemas/graphql_schema.py,class,A,1,0,21444,21461,UserContentEditConnection
src/integrations/prefect-github/prefect_github/schemas/graphql_schema.py,class,A,1,0,21465,21473,UserContentEditEdge
src/integrations/prefect-github/prefect_github/schemas/graphql_schema.py,class,A,1,0,21476,21484,UserEdge
src/integrations/prefect-github/prefect_github/schemas/graphql_schema.py,class,A,1,0,21487,21496,UserEmailMetadata
src/integrations/prefect-github/prefect_github/schemas/graphql_schema.py,class,A,1,0,21499,21514,UserStatusConnection
src/integrations/prefect-github/prefect_github/schemas/graphql_schema.py,class,A,1,0,21518,21526,UserStatusEdge
src/integrations/prefect-github/prefect_github/schemas/graphql_schema.py,class,A,1,0,21529,21546,VerifiableDomainConnection
src/integrations/prefect-github/prefect_github/schemas/graphql_schema.py,class,A,1,0,21550,21558,VerifiableDomainEdge
src/integrations/prefect-github/prefect_github/schemas/graphql_schema.py,class,A,1,0,21561,21569,VerifyVerifiableDomainPayload
src/integrations/prefect-github/prefect_github/schemas/graphql_schema.py,class,A,1,0,21572,21586,Votable
src/integrations/prefect-github/prefect_github/schemas/graphql_schema.py,class,A,1,0,21590,21605,WorkflowRunConnection
src/integrations/prefect-github/prefect_github/schemas/graphql_schema.py,class,A,1,0,21609,21617,WorkflowRunEdge
src/integrations/prefect-github/prefect_github/schemas/graphql_schema.py,class,A,1,0,21620,21631,AddedToProjectEvent
src/integrations/prefect-github/prefect_github/schemas/graphql_schema.py,class,A,1,0,21634,21695,App
src/integrations/prefect-github/prefect_github/schemas/graphql_schema.py,class,A,1,0,21698,21713,AssignedEvent
src/integrations/prefect-github/prefect_github/schemas/graphql_schema.py,class,A,1,0,21716,21737,AutoMergeDisabledEvent
src/integrations/prefect-github/prefect_github/schemas/graphql_schema.py,class,A,1,0,21740,21752,AutoMergeEnabledEvent
src/integrations/prefect-github/prefect_github/schemas/graphql_schema.py,class,A,1,0,21755,21767,AutoRebaseEnabledEvent
src/integrations/prefect-github/prefect_github/schemas/graphql_schema.py,class,A,1,0,21770,21782,AutoSquashEnabledEvent
src/integrations/prefect-github/prefect_github/schemas/graphql_schema.py,class,A,1,0,21785,21799,AutomaticBaseChangeFailedEvent
src/integrations/prefect-github/prefect_github/schemas/graphql_schema.py,class,A,1,0,21803,21817,AutomaticBaseChangeSucceededEvent
src/integrations/prefect-github/prefect_github/schemas/graphql_schema.py,class,A,1,0,21821,21847,BaseRefChangedEvent
src/integrations/prefect-github/prefect_github/schemas/graphql_schema.py,class,A,1,0,21851,21863,BaseRefDeletedEvent
src/integrations/prefect-github/prefect_github/schemas/graphql_schema.py,class,A,1,0,21866,21889,BaseRefForcePushedEvent
src/integrations/prefect-github/prefect_github/schemas/graphql_schema.py,class,A,1,0,21892,21904,Blob
src/integrations/prefect-github/prefect_github/schemas/graphql_schema.py,class,A,1,0,21907,21919,Bot
src/integrations/prefect-github/prefect_github/schemas/graphql_schema.py,class,A,1,0,21923,22101,BranchProtectionRule
src/integrations/prefect-github/prefect_github/schemas/graphql_schema.py,class,A,1,0,22107,22116,BypassForcePushAllowance
src/integrations/prefect-github/prefect_github/schemas/graphql_schema.py,class,A,1,0,22120,22129,BypassPullRequestAllowance
src/integrations/prefect-github/prefect_github/schemas/graphql_schema.py,class,A,1,0,22133,22144,CWE
src/integrations/prefect-github/prefect_github/schemas/graphql_schema.py,class,A,1,0,22147,22229,CheckRun
src/integrations/prefect-github/prefect_github/schemas/graphql_schema.py,class,A,1,0,22232,22343,CheckSuite
src/integrations/prefect-github/prefect_github/schemas/graphql_schema.py,class,A,1,0,22346,22361,ClosedEvent
src/integrations/prefect-github/prefect_github/schemas/graphql_schema.py,class,A,1,0,22364,22375,CodeOfConduct
src/integrations/prefect-github/prefect_github/schemas/graphql_schema.py,class,A,1,0,22378,22391,CommentDeletedEvent
src/integrations/prefect-github/prefect_github/schemas/graphql_schema.py,class,A,1,0,22395,22680,Commit
src/integrations/prefect-github/prefect_github/schemas/graphql_schema.py,class,A,1,0,22684,22707,CommitComment
src/integrations/prefect-github/prefect_github/schemas/graphql_schema.py,class,A,1,0,22710,22734,CommitCommentThread
src/integrations/prefect-github/prefect_github/schemas/graphql_schema.py,class,A,1,0,22737,22761,ConnectedEvent
src/integrations/prefect-github/prefect_github/schemas/graphql_schema.py,class,A,1,0,22765,22777,ConvertToDraftEvent
src/integrations/prefect-github/prefect_github/schemas/graphql_schema.py,class,A,1,0,22781,22792,ConvertedNoteToIssueEvent
src/integrations/prefect-github/prefect_github/schemas/graphql_schema.py,class,A,1,0,22795,22806,ConvertedToDiscussionEvent
src/integrations/prefect-github/prefect_github/schemas/graphql_schema.py,class,A,1,0,22809,22820,CreatedCommitContribution
src/integrations/prefect-github/prefect_github/schemas/graphql_schema.py,class,A,1,0,22824,22831,CreatedIssueContribution
src/integrations/prefect-github/prefect_github/schemas/graphql_schema.py,class,A,1,0,22834,22842,CreatedPullRequestContribution
src/integrations/prefect-github/prefect_github/schemas/graphql_schema.py,class,A,1,0,22846,22860,CreatedPullRequestReviewContribution
src/integrations/prefect-github/prefect_github/schemas/graphql_schema.py,class,A,1,0,22864,22872,CreatedRepositoryContribution
src/integrations/prefect-github/prefect_github/schemas/graphql_schema.py,class,A,1,0,22876,22908,CrossReferencedEvent
src/integrations/prefect-github/prefect_github/schemas/graphql_schema.py,class,A,1,0,22912,22927,DemilestonedEvent
src/integrations/prefect-github/prefect_github/schemas/graphql_schema.py,class,A,1,0,22931,22939,DependabotUpdate
src/integrations/prefect-github/prefect_github/schemas/graphql_schema.py,class,A,1,0,22942,22957,DeployKey
src/integrations/prefect-github/prefect_github/schemas/graphql_schema.py,class,A,1,0,22960,22985,DeployedEvent
src/integrations/prefect-github/prefect_github/schemas/graphql_schema.py,class,A,1,0,22988,23050,Deployment
src/integrations/prefect-github/prefect_github/schemas/graphql_schema.py,class,A,1,0,23054,23069,DeploymentEnvironmentChangedEvent
src/integrations/prefect-github/prefect_github/schemas/graphql_schema.py,class,A,1,0,23073,23100,DeploymentReview
src/integrations/prefect-github/prefect_github/schemas/graphql_schema.py,class,A,1,0,23103,23133,DeploymentStatus
src/integrations/prefect-github/prefect_github/schemas/graphql_schema.py,class,A,1,0,23137,23161,DisconnectedEvent
src/integrations/prefect-github/prefect_github/schemas/graphql_schema.py,class,A,1,0,23165,23222,Discussion
src/integrations/prefect-github/prefect_github/schemas/graphql_schema.py,class,A,1,0,23225,23253,DiscussionCategory
src/integrations/prefect-github/prefect_github/schemas/graphql_schema.py,class,A,1,0,23257,23313,DiscussionComment
src/integrations/prefect-github/prefect_github/schemas/graphql_schema.py,class,A,1,0,23317,23363,DiscussionPoll
src/integrations/prefect-github/prefect_github/schemas/graphql_schema.py,class,A,1,0,23367,23380,DiscussionPollOption
src/integrations/prefect-github/prefect_github/schemas/graphql_schema.py,class,A,1,0,23384,23464,DraftIssue
src/integrations/prefect-github/prefect_github/schemas/graphql_schema.py,class,A,1,0,23468,23605,Enterprise
src/integrations/prefect-github/prefect_github/schemas/graphql_schema.py,class,A,1,0,23608,23632,EnterpriseAdministratorInvitation
src/integrations/prefect-github/prefect_github/schemas/graphql_schema.py,class,A,1,0,23636,23686,EnterpriseIdentityProvider
src/integrations/prefect-github/prefect_github/schemas/graphql_schema.py,class,A,1,0,23689,23701,EnterpriseRepositoryInfo
src/integrations/prefect-github/prefect_github/schemas/graphql_schema.py,class,A,1,0,23705,23775,EnterpriseServerInstallation
src/integrations/prefect-github/prefect_github/schemas/graphql_schema.py,class,A,1,0,23781,23840,EnterpriseServerUserAccount
src/integrations/prefect-github/prefect_github/schemas/graphql_schema.py,class,A,1,0,23844,23868,EnterpriseServerUserAccountEmail
src/integrations/prefect-github/prefect_github/schemas/graphql_schema.py,class,A,1,0,23872,23902,EnterpriseServerUserAccountsUpload
src/integrations/prefect-github/prefect_github/schemas/graphql_schema.py,class,A,1,0,23906,23962,EnterpriseUserAccount
src/integrations/prefect-github/prefect_github/schemas/graphql_schema.py,class,A,1,0,23965,23985,Environment
src/integrations/prefect-github/prefect_github/schemas/graphql_schema.py,class,A,1,0,23991,24014,ExternalIdentity
src/integrations/prefect-github/prefect_github/schemas/graphql_schema.py,class,A,1,0,24017,24023,GenericHovercardContext
src/integrations/prefect-github/prefect_github/schemas/graphql_schema.py,class,A,1,0,24026,24101,Gist
src/integrations/prefect-github/prefect_github/schemas/graphql_schema.py,class,A,1,0,24105,24115,GistComment
src/integrations/prefect-github/prefect_github/schemas/graphql_schema.py,class,A,1,0,24118,24125,GpgSignature
src/integrations/prefect-github/prefect_github/schemas/graphql_schema.py,class,A,1,0,24128,24150,HeadRefDeletedEvent
src/integrations/prefect-github/prefect_github/schemas/graphql_schema.py,class,A,1,0,24154,24177,HeadRefForcePushedEvent
src/integrations/prefect-github/prefect_github/schemas/graphql_schema.py,class,A,1,0,24180,24192,HeadRefRestoredEvent
src/integrations/prefect-github/prefect_github/schemas/graphql_schema.py,class,A,1,0,24196,24224,IpAllowListEntry
src/integrations/prefect-github/prefect_github/schemas/graphql_schema.py,class,A,1,0,24228,24493,Issue
src/integrations/prefect-github/prefect_github/schemas/graphql_schema.py,class,A,1,0,24501,24523,IssueComment
src/integrations/prefect-github/prefect_github/schemas/graphql_schema.py,class,A,1,0,24526,24532,JoinedGitHubContribution
src/integrations/prefect-github/prefect_github/schemas/graphql_schema.py,class,A,1,0,24535,24652,Label
src/integrations/prefect-github/prefect_github/schemas/graphql_schema.py,class,A,1,0,24655,24668,LabeledEvent
src/integrations/prefect-github/prefect_github/schemas/graphql_schema.py,class,A,1,0,24672,24680,Language
src/integrations/prefect-github/prefect_github/schemas/graphql_schema.py,class,A,1,0,24683,24729,License
src/integrations/prefect-github/prefect_github/schemas/graphql_schema.py,class,A,1,0,24732,24745,LockedEvent
src/integrations/prefect-github/prefect_github/schemas/graphql_schema.py,class,A,1,0,24749,24763,Mannequin
src/integrations/prefect-github/prefect_github/schemas/graphql_schema.py,class,A,1,0,24767,24787,MarkedAsDuplicateEvent
src/integrations/prefect-github/prefect_github/schemas/graphql_schema.py,class,A,1,0,24791,24820,MarketplaceCategory
src/integrations/prefect-github/prefect_github/schemas/graphql_schema.py,class,A,1,0,24823,25025,MarketplaceListing
src/integrations/prefect-github/prefect_github/schemas/graphql_schema.py,class,A,1,0,25029,25041,MembersCanDeleteReposClearAuditEntry
src/integrations/prefect-github/prefect_github/schemas/graphql_schema.py,class,A,1,0,25044,25056,MembersCanDeleteReposDisableAuditEntry
src/integrations/prefect-github/prefect_github/schemas/graphql_schema.py,class,A,1,0,25059,25071,MembersCanDeleteReposEnableAuditEntry
src/integrations/prefect-github/prefect_github/schemas/graphql_schema.py,class,A,1,0,25074,25085,MentionedEvent
src/integrations/prefect-github/prefect_github/schemas/graphql_schema.py,class,A,1,0,25088,25112,MergedEvent
src/integrations/prefect-github/prefect_github/schemas/graphql_schema.py,class,A,1,0,25116,25127,MigrationSource
src/integrations/prefect-github/prefect_github/schemas/graphql_schema.py,class,A,1,0,25130,25252,Milestone
src/integrations/prefect-github/prefect_github/schemas/graphql_schema.py,class,A,1,0,25256,25271,MilestonedEvent
src/integrations/prefect-github/prefect_github/schemas/graphql_schema.py,class,A,1,0,25275,25286,MovedColumnsInProjectEvent
src/integrations/prefect-github/prefect_github/schemas/graphql_schema.py,class,A,1,0,25289,25329,OIDCProvider
src/integrations/prefect-github/prefect_github/schemas/graphql_schema.py,class,A,1,0,25332,25349,OauthApplicationCreateAuditEntry
src/integrations/prefect-github/prefect_github/schemas/graphql_schema.py,class,A,1,0,25353,25362,OrgAddBillingManagerAuditEntry
src/integrations/prefect-github/prefect_github/schemas/graphql_schema.py,class,A,1,0,25365,25375,OrgAddMemberAuditEntry
src/integrations/prefect-github/prefect_github/schemas/graphql_schema.py,class,A,1,0,25379,25398,OrgBlockUserAuditEntry
src/integrations/prefect-github/prefect_github/schemas/graphql_schema.py,class,A,1,0,25401,25409,OrgConfigDisableCollaboratorsOnlyAuditEntry
src/integrations/prefect-github/prefect_github/schemas/graphql_schema.py,class,A,1,0,25412,25420,OrgConfigEnableCollaboratorsOnlyAuditEntry
src/integrations/prefect-github/prefect_github/schemas/graphql_schema.py,class,A,1,0,25423,25433,OrgCreateAuditEntry
src/integrations/prefect-github/prefect_github/schemas/graphql_schema.py,class,A,1,0,25437,25445,OrgDisableOauthAppRestrictionsAuditEntry
src/integrations/prefect-github/prefect_github/schemas/graphql_schema.py,class,A,1,0,25448,25465,OrgDisableSamlAuditEntry
src/integrations/prefect-github/prefect_github/schemas/graphql_schema.py,class,A,1,0,25468,25476,OrgDisableTwoFactorRequirementAuditEntry
src/integrations/prefect-github/prefect_github/schemas/graphql_schema.py,class,A,1,0,25479,25487,OrgEnableOauthAppRestrictionsAuditEntry
src/integrations/prefect-github/prefect_github/schemas/graphql_schema.py,class,A,1,0,25490,25507,OrgEnableSamlAuditEntry
src/integrations/prefect-github/prefect_github/schemas/graphql_schema.py,class,A,1,0,25510,25518,OrgEnableTwoFactorRequirementAuditEntry
src/integrations/prefect-github/prefect_github/schemas/graphql_schema.py,class,A,1,0,25521,25532,OrgInviteMemberAuditEntry
src/integrations/prefect-github/prefect_github/schemas/graphql_schema.py,class,A,1,0,25536,25548,OrgInviteToBusinessAuditEntry
src/integrations/prefect-github/prefect_github/schemas/graphql_schema.py,class,A,1,0,25551,25563,OrgOauthAppAccessApprovedAuditEntry
src/integrations/prefect-github/prefect_github/schemas/graphql_schema.py,class,A,1,0,25566,25578,OrgOauthAppAccessDeniedAuditEntry
src/integrations/prefect-github/prefect_github/schemas/graphql_schema.py,class,A,1,0,25581,25593,OrgOauthAppAccessRequestedAuditEntry
src/integrations/prefect-github/prefect_github/schemas/graphql_schema.py,class,A,1,0,25596,25606,OrgRemoveBillingManagerAuditEntry
src/integrations/prefect-github/prefect_github/schemas/graphql_schema.py,class,A,1,0,25610,25625,OrgRemoveMemberAuditEntry
src/integrations/prefect-github/prefect_github/schemas/graphql_schema.py,class,A,1,0,25628,25644,OrgRemoveOutsideCollaboratorAuditEntry
src/integrations/prefect-github/prefect_github/schemas/graphql_schema.py,class,A,1,0,25648,25687,OrgRestoreMemberAuditEntry
src/integrations/prefect-github/prefect_github/schemas/graphql_schema.py,class,A,1,0,25691,25699,OrgRestoreMemberMembershipOrganizationAuditEntryData
src/integrations/prefect-github/prefect_github/schemas/graphql_schema.py,class,A,1,0,25702,25710,OrgRestoreMemberMembershipRepositoryAuditEntryData
src/integrations/prefect-github/prefect_github/schemas/graphql_schema.py,class,A,1,0,25713,25721,OrgRestoreMemberMembershipTeamAuditEntryData
src/integrations/prefect-github/prefect_github/schemas/graphql_schema.py,class,A,1,0,25724,25743,OrgUnblockUserAuditEntry
src/integrations/prefect-github/prefect_github/schemas/graphql_schema.py,class,A,1,0,25746,25761,OrgUpdateDefaultRepositoryPermissionAuditEntry
src/integrations/prefect-github/prefect_github/schemas/graphql_schema.py,class,A,1,0,25765,25778,OrgUpdateMemberAuditEntry
src/integrations/prefect-github/prefect_github/schemas/graphql_schema.py,class,A,1,0,25782,25796,OrgUpdateMemberRepositoryCreationPermissionAuditEntry
src/integrations/prefect-github/prefect_github/schemas/graphql_schema.py,class,A,1,0,25800,25810,OrgUpdateMemberRepositoryInvitationPermissionAuditEntry
src/integrations/prefect-github/prefect_github/schemas/graphql_schema.py,class,A,1,0,25814,26168,Organization
src/integrations/prefect-github/prefect_github/schemas/graphql_schema.py,class,A,1,0,26172,26216,OrganizationIdentityProvider
src/integrations/prefect-github/prefect_github/schemas/graphql_schema.py,class,A,1,0,26219,26247,OrganizationInvitation
src/integrations/prefect-github/prefect_github/schemas/graphql_schema.py,class,A,1,0,26251,26283,OrganizationTeamsHovercardContext
src/integrations/prefect-github/prefect_github/schemas/graphql_schema.py,class,A,1,0,26287,26310,OrganizationsHovercardContext
src/integrations/prefect-github/prefect_github/schemas/graphql_schema.py,class,A,1,0,26314,26371,Package
src/integrations/prefect-github/prefect_github/schemas/graphql_schema.py,class,A,1,0,26377,26402,PackageFile
src/integrations/prefect-github/prefect_github/schemas/graphql_schema.py,class,A,1,0,26405,26413,PackageTag
src/integrations/prefect-github/prefect_github/schemas/graphql_schema.py,class,A,1,0,26416,26465,PackageVersion
src/integrations/prefect-github/prefect_github/schemas/graphql_schema.py,class,A,1,0,26468,26503,PinnedDiscussion
src/integrations/prefect-github/prefect_github/schemas/graphql_schema.py,class,A,1,0,26507,26518,PinnedEvent
src/integrations/prefect-github/prefect_github/schemas/graphql_schema.py,class,A,1,0,26521,26532,PinnedIssue
src/integrations/prefect-github/prefect_github/schemas/graphql_schema.py,class,A,1,0,26536,26549,PrivateRepositoryForkingDisableAuditEntry
src/integrations/prefect-github/prefect_github/schemas/graphql_schema.py,class,A,1,0,26552,26565,PrivateRepositoryForkingEnableAuditEntry
src/integrations/prefect-github/prefect_github/schemas/graphql_schema.py,class,A,1,0,26568,26649,Project
src/integrations/prefect-github/prefect_github/schemas/graphql_schema.py,class,A,1,0,26652,26691,ProjectCard
src/integrations/prefect-github/prefect_github/schemas/graphql_schema.py,class,A,1,0,26694,26747,ProjectColumn
src/integrations/prefect-github/prefect_github/schemas/graphql_schema.py,class,A,1,0,26750,26850,ProjectNext
src/integrations/prefect-github/prefect_github/schemas/graphql_schema.py,class,A,1,0,26856,26862,ProjectNextField
src/integrations/prefect-github/prefect_github/schemas/graphql_schema.py,class,A,1,0,26865,26913,ProjectNextItem
src/integrations/prefect-github/prefect_github/schemas/graphql_schema.py,class,A,1,0,26917,26946,ProjectNextItemFieldValue
src/integrations/prefect-github/prefect_github/schemas/graphql_schema.py,class,A,1,0,26949,27109,ProjectV2
src/integrations/prefect-github/prefect_github/schemas/graphql_schema.py,class,A,1,0,27117,27123,ProjectV2Field
src/integrations/prefect-github/prefect_github/schemas/graphql_schema.py,class,A,1,0,27126,27195,ProjectV2Item
src/integrations/prefect-github/prefect_github/schemas/graphql_schema.py,class,A,1,0,27199,27208,ProjectV2ItemFieldDateValue
src/integrations/prefect-github/prefect_github/schemas/graphql_schema.py,class,A,1,0,27211,27227,ProjectV2ItemFieldIterationValue
src/integrations/prefect-github/prefect_github/schemas/graphql_schema.py,class,A,1,0,27231,27240,ProjectV2ItemFieldNumberValue
src/integrations/prefect-github/prefect_github/schemas/graphql_schema.py,class,A,1,0,27243,27254,ProjectV2ItemFieldSingleSelectValue
src/integrations/prefect-github/prefect_github/schemas/graphql_schema.py,class,A,1,0,27257,27266,ProjectV2ItemFieldTextValue
src/integrations/prefect-github/prefect_github/schemas/graphql_schema.py,class,A,1,0,27269,27278,ProjectV2IterationField
src/integrations/prefect-github/prefect_github/schemas/graphql_schema.py,class,A,1,0,27282,27293,ProjectV2SingleSelectField
src/integrations/prefect-github/prefect_github/schemas/graphql_schema.py,class,A,1,0,27297,27433,ProjectV2View
src/integrations/prefect-github/prefect_github/schemas/graphql_schema.py,class,A,1,0,27441,27487,ProjectView
src/integrations/prefect-github/prefect_github/schemas/graphql_schema.py,class,A,1,0,27491,27512,PublicKey
src/integrations/prefect-github/prefect_github/schemas/graphql_schema.py,class,A,1,0,27515,28028,PullRequest
src/integrations/prefect-github/prefect_github/schemas/graphql_schema.py,class,A,1,0,28036,28045,PullRequestCommit
src/integrations/prefect-github/prefect_github/schemas/graphql_schema.py,class,A,1,0,28049,28075,PullRequestCommitCommentThread
src/integrations/prefect-github/prefect_github/schemas/graphql_schema.py,class,A,1,0,28079,28149,PullRequestReview
src/integrations/prefect-github/prefect_github/schemas/graphql_schema.py,class,A,1,0,28152,28209,PullRequestReviewComment
src/integrations/prefect-github/prefect_github/schemas/graphql_schema.py,class,A,1,0,28212,28285,PullRequestReviewThread
src/integrations/prefect-github/prefect_github/schemas/graphql_schema.py,class,A,1,0,28289,28356,PullRequestThread
src/integrations/prefect-github/prefect_github/schemas/graphql_schema.py,class,A,1,0,28360,28372,Push
src/integrations/prefect-github/prefect_github/schemas/graphql_schema.py,class,A,1,0,28376,28385,PushAllowance
src/integrations/prefect-github/prefect_github/schemas/graphql_schema.py,class,A,1,0,28389,28406,Reaction
src/integrations/prefect-github/prefect_github/schemas/graphql_schema.py,class,A,1,0,28409,28421,ReadyForReviewEvent
src/integrations/prefect-github/prefect_github/schemas/graphql_schema.py,class,A,1,0,28425,28492,Ref
src/integrations/prefect-github/prefect_github/schemas/graphql_schema.py,class,A,1,0,28495,28525,ReferencedEvent
src/integrations/prefect-github/prefect_github/schemas/graphql_schema.py,class,A,1,0,28529,28614,Release
src/integrations/prefect-github/prefect_github/schemas/graphql_schema.py,class,A,1,0,28618,28657,ReleaseAsset
src/integrations/prefect-github/prefect_github/schemas/graphql_schema.py,class,A,1,0,28660,28671,RemovedFromProjectEvent
src/integrations/prefect-github/prefect_github/schemas/graphql_schema.py,class,A,1,0,28674,28698,RenamedTitleEvent
src/integrations/prefect-github/prefect_github/schemas/graphql_schema.py,class,A,1,0,28702,28716,ReopenedEvent
src/integrations/prefect-github/prefect_github/schemas/graphql_schema.py,class,A,1,0,28719,28733,RepoAccessAuditEntry
src/integrations/prefect-github/prefect_github/schemas/graphql_schema.py,class,A,1,0,28737,28751,RepoAddMemberAuditEntry
src/integrations/prefect-github/prefect_github/schemas/graphql_schema.py,class,A,1,0,28755,28768,RepoAddTopicAuditEntry
src/integrations/prefect-github/prefect_github/schemas/graphql_schema.py,class,A,1,0,28771,28785,RepoArchivedAuditEntry
src/integrations/prefect-github/prefect_github/schemas/graphql_schema.py,class,A,1,0,28789,28804,RepoChangeMergeSettingAuditEntry
src/integrations/prefect-github/prefect_github/schemas/graphql_schema.py,class,A,1,0,28808,28820,RepoConfigDisableAnonymousGitAccessAuditEntry
src/integrations/prefect-github/prefect_github/schemas/graphql_schema.py,class,A,1,0,28823,28835,RepoConfigDisableCollaboratorsOnlyAuditEntry
src/integrations/prefect-github/prefect_github/schemas/graphql_schema.py,class,A,1,0,28838,28850,RepoConfigDisableContributorsOnlyAuditEntry
src/integrations/prefect-github/prefect_github/schemas/graphql_schema.py,class,A,1,0,28853,28865,RepoConfigDisableSockpuppetDisallowedAuditEntry
src/integrations/prefect-github/prefect_github/schemas/graphql_schema.py,class,A,1,0,28868,28880,RepoConfigEnableAnonymousGitAccessAuditEntry
src/integrations/prefect-github/prefect_github/schemas/graphql_schema.py,class,A,1,0,28883,28895,RepoConfigEnableCollaboratorsOnlyAuditEntry
src/integrations/prefect-github/prefect_github/schemas/graphql_schema.py,class,A,1,0,28898,28910,RepoConfigEnableContributorsOnlyAuditEntry
src/integrations/prefect-github/prefect_github/schemas/graphql_schema.py,class,A,1,0,28913,28925,RepoConfigEnableSockpuppetDisallowedAuditEntry
src/integrations/prefect-github/prefect_github/schemas/graphql_schema.py,class,A,1,0,28928,28940,RepoConfigLockAnonymousGitAccessAuditEntry
src/integrations/prefect-github/prefect_github/schemas/graphql_schema.py,class,A,1,0,28943,28955,RepoConfigUnlockAnonymousGitAccessAuditEntry
src/integrations/prefect-github/prefect_github/schemas/graphql_schema.py,class,A,1,0,28958,28974,RepoCreateAuditEntry
src/integrations/prefect-github/prefect_github/schemas/graphql_schema.py,class,A,1,0,28978,28992,RepoDestroyAuditEntry
src/integrations/prefect-github/prefect_github/schemas/graphql_schema.py,class,A,1,0,28996,29010,RepoRemoveMemberAuditEntry
src/integrations/prefect-github/prefect_github/schemas/graphql_schema.py,class,A,1,0,29014,29027,RepoRemoveTopicAuditEntry
src/integrations/prefect-github/prefect_github/schemas/graphql_schema.py,class,A,1,0,29030,30043,Repository
src/integrations/prefect-github/prefect_github/schemas/graphql_schema.py,class,A,1,0,30047,30068,RepositoryInvitation
src/integrations/prefect-github/prefect_github/schemas/graphql_schema.py,class,A,1,0,30071,30077,RepositoryMigration
src/integrations/prefect-github/prefect_github/schemas/graphql_schema.py,class,A,1,0,30080,30087,RepositoryTopic
src/integrations/prefect-github/prefect_github/schemas/graphql_schema.py,class,A,1,0,30090,30102,RepositoryVisibilityChangeDisableAuditEntry
src/integrations/prefect-github/prefect_github/schemas/graphql_schema.py,class,A,1,0,30105,30117,RepositoryVisibilityChangeEnableAuditEntry
src/integrations/prefect-github/prefect_github/schemas/graphql_schema.py,class,A,1,0,30120,30176,RepositoryVulnerabilityAlert
src/integrations/prefect-github/prefect_github/schemas/graphql_schema.py,class,A,1,0,30180,30186,RestrictedContribution
src/integrations/prefect-github/prefect_github/schemas/graphql_schema.py,class,A,1,0,30189,30198,ReviewDismissalAllowance
src/integrations/prefect-github/prefect_github/schemas/graphql_schema.py,class,A,1,0,30202,30237,ReviewDismissedEvent
src/integrations/prefect-github/prefect_github/schemas/graphql_schema.py,class,A,1,0,30240,30260,ReviewRequest
src/integrations/prefect-github/prefect_github/schemas/graphql_schema.py,class,A,1,0,30264,30279,ReviewRequestRemovedEvent
src/integrations/prefect-github/prefect_github/schemas/graphql_schema.py,class,A,1,0,30283,30298,ReviewRequestedEvent
src/integrations/prefect-github/prefect_github/schemas/graphql_schema.py,class,A,1,0,30302,30310,ReviewStatusHovercardContext
src/integrations/prefect-github/prefect_github/schemas/graphql_schema.py,class,A,1,0,30314,30325,SavedReply
src/integrations/prefect-github/prefect_github/schemas/graphql_schema.py,class,A,1,0,30328,30460,SecurityAdvisory
src/integrations/prefect-github/prefect_github/schemas/graphql_schema.py,class,A,1,0,30463,30469,SmimeSignature
src/integrations/prefect-github/prefect_github/schemas/graphql_schema.py,class,A,1,0,30472,30497,SponsorsActivity
src/integrations/prefect-github/prefect_github/schemas/graphql_schema.py,class,A,1,0,30500,30577,SponsorsListing
src/integrations/prefect-github/prefect_github/schemas/graphql_schema.py,class,A,1,0,30580,30630,SponsorsTier
src/integrations/prefect-github/prefect_github/schemas/graphql_schema.py,class,A,1,0,30634,30673,Sponsorship
src/integrations/prefect-github/prefect_github/schemas/graphql_schema.py,class,A,1,0,30676,30702,SponsorshipNewsletter
src/integrations/prefect-github/prefect_github/schemas/graphql_schema.py,class,A,1,0,30706,30713,SshSignature
src/integrations/prefect-github/prefect_github/schemas/graphql_schema.py,class,A,1,0,30716,30759,Status
src/integrations/prefect-github/prefect_github/schemas/graphql_schema.py,class,A,1,0,30762,30785,StatusCheckRollup
src/integrations/prefect-github/prefect_github/schemas/graphql_schema.py,class,A,1,0,30788,30819,StatusContext
src/integrations/prefect-github/prefect_github/schemas/graphql_schema.py,class,A,1,0,30822,30834,SubscribedEvent
src/integrations/prefect-github/prefect_github/schemas/graphql_schema.py,class,A,1,0,30838,30848,Tag
src/integrations/prefect-github/prefect_github/schemas/graphql_schema.py,class,A,1,0,30851,31114,Team
src/integrations/prefect-github/prefect_github/schemas/graphql_schema.py,class,A,1,0,31118,31127,TeamAddMemberAuditEntry
src/integrations/prefect-github/prefect_github/schemas/graphql_schema.py,class,A,1,0,31130,31144,TeamAddRepositoryAuditEntry
src/integrations/prefect-github/prefect_github/schemas/graphql_schema.py,class,A,1,0,31147,31178,TeamChangeParentTeamAuditEntry
src/integrations/prefect-github/prefect_github/schemas/graphql_schema.py,class,A,1,0,31181,31253,TeamDiscussion
src/integrations/prefect-github/prefect_github/schemas/graphql_schema.py,class,A,1,0,31257,31279,TeamDiscussionComment
src/integrations/prefect-github/prefect_github/schemas/graphql_schema.py,class,A,1,0,31282,31291,TeamRemoveMemberAuditEntry
src/integrations/prefect-github/prefect_github/schemas/graphql_schema.py,class,A,1,0,31294,31308,TeamRemoveRepositoryAuditEntry
src/integrations/prefect-github/prefect_github/schemas/graphql_schema.py,class,A,1,0,31311,31373,Topic
src/integrations/prefect-github/prefect_github/schemas/graphql_schema.py,class,A,1,0,31381,31393,TransferredEvent
src/integrations/prefect-github/prefect_github/schemas/graphql_schema.py,class,A,1,0,31396,31404,Tree
src/integrations/prefect-github/prefect_github/schemas/graphql_schema.py,class,A,1,0,31408,31423,UnassignedEvent
src/integrations/prefect-github/prefect_github/schemas/graphql_schema.py,class,A,1,0,31426,31432,UnknownSignature
src/integrations/prefect-github/prefect_github/schemas/graphql_schema.py,class,A,1,0,31435,31448,UnlabeledEvent
src/integrations/prefect-github/prefect_github/schemas/graphql_schema.py,class,A,1,0,31452,31464,UnlockedEvent
src/integrations/prefect-github/prefect_github/schemas/graphql_schema.py,class,A,1,0,31468,31488,UnmarkedAsDuplicateEvent
src/integrations/prefect-github/prefect_github/schemas/graphql_schema.py,class,A,1,0,31492,31503,UnpinnedEvent
src/integrations/prefect-github/prefect_github/schemas/graphql_schema.py,class,A,1,0,31506,31518,UnsubscribedEvent
src/integrations/prefect-github/prefect_github/schemas/graphql_schema.py,class,A,1,0,31522,32101,User
src/integrations/prefect-github/prefect_github/schemas/graphql_schema.py,class,A,1,0,32107,32121,UserBlockedEvent
src/integrations/prefect-github/prefect_github/schemas/graphql_schema.py,class,A,1,0,32124,32150,UserContentEdit
src/integrations/prefect-github/prefect_github/schemas/graphql_schema.py,class,A,1,0,32154,32185,UserStatus
src/integrations/prefect-github/prefect_github/schemas/graphql_schema.py,class,A,1,0,32188,32243,VerifiableDomain
src/integrations/prefect-github/prefect_github/schemas/graphql_schema.py,class,A,1,0,32246,32253,ViewerHovercardContext
src/integrations/prefect-github/prefect_github/schemas/graphql_schema.py,class,A,1,0,32256,32292,Workflow
src/integrations/prefect-github/prefect_github/schemas/graphql_schema.py,class,A,1,0,32296,32360,WorkflowRun
src/integrations/prefect-github/prefect_github/schemas/graphql_schema.py,class,A,1,0,32367,32373,Assignee
src/integrations/prefect-github/prefect_github/schemas/graphql_schema.py,class,A,1,0,32376,32382,AuditEntryActor
src/integrations/prefect-github/prefect_github/schemas/graphql_schema.py,class,A,1,0,32385,32391,BranchActorAllowanceActor
src/integrations/prefect-github/prefect_github/schemas/graphql_schema.py,class,A,1,0,32394,32400,Closer
src/integrations/prefect-github/prefect_github/schemas/graphql_schema.py,class,A,1,0,32403,32409,CreatedIssueOrRestrictedContribution
src/integrations/prefect-github/prefect_github/schemas/graphql_schema.py,class,A,1,0,32412,32418,CreatedPullRequestOrRestrictedContribution
src/integrations/prefect-github/prefect_github/schemas/graphql_schema.py,class,A,1,0,32421,32427,CreatedRepositoryOrRestrictedContribution
src/integrations/prefect-github/prefect_github/schemas/graphql_schema.py,class,A,1,0,32430,32436,DeploymentReviewer
src/integrations/prefect-github/prefect_github/schemas/graphql_schema.py,class,A,1,0,32439,32445,EnterpriseMember
src/integrations/prefect-github/prefect_github/schemas/graphql_schema.py,class,A,1,0,32448,32454,IpAllowListOwner
src/integrations/prefect-github/prefect_github/schemas/graphql_schema.py,class,A,1,0,32457,32463,IssueOrPullRequest
src/integrations/prefect-github/prefect_github/schemas/graphql_schema.py,class,A,1,0,32466,32491,IssueTimelineItem
src/integrations/prefect-github/prefect_github/schemas/graphql_schema.py,class,A,1,0,32495,32532,IssueTimelineItems
src/integrations/prefect-github/prefect_github/schemas/graphql_schema.py,class,A,1,0,32536,32542,MilestoneItem
src/integrations/prefect-github/prefect_github/schemas/graphql_schema.py,class,A,1,0,32545,32554,OrgRestoreMemberAuditEntryMembership
src/integrations/prefect-github/prefect_github/schemas/graphql_schema.py,class,A,1,0,32558,32622,OrganizationAuditEntry
src/integrations/prefect-github/prefect_github/schemas/graphql_schema.py,class,A,1,0,32626,32632,OrganizationOrUser
src/integrations/prefect-github/prefect_github/schemas/graphql_schema.py,class,A,1,0,32635,32641,PermissionGranter
src/integrations/prefect-github/prefect_github/schemas/graphql_schema.py,class,A,1,0,32644,32650,PinnableItem
src/integrations/prefect-github/prefect_github/schemas/graphql_schema.py,class,A,1,0,32653,32659,ProjectCardItem
src/integrations/prefect-github/prefect_github/schemas/graphql_schema.py,class,A,1,0,32662,32668,ProjectNextItemContent
src/integrations/prefect-github/prefect_github/schemas/graphql_schema.py,class,A,1,0,32671,32677,ProjectV2FieldConfiguration
src/integrations/prefect-github/prefect_github/schemas/graphql_schema.py,class,A,1,0,32680,32686,ProjectV2ItemContent
src/integrations/prefect-github/prefect_github/schemas/graphql_schema.py,class,A,1,0,32689,32706,ProjectV2ItemFieldValue
src/integrations/prefect-github/prefect_github/schemas/graphql_schema.py,class,A,1,0,32710,32749,PullRequestTimelineItem
src/integrations/prefect-github/prefect_github/schemas/graphql_schema.py,class,A,1,0,32753,32815,PullRequestTimelineItems
src/integrations/prefect-github/prefect_github/schemas/graphql_schema.py,class,A,1,0,32819,32825,PushAllowanceActor
src/integrations/prefect-github/prefect_github/schemas/graphql_schema.py,class,A,1,0,32828,32834,Reactor
src/integrations/prefect-github/prefect_github/schemas/graphql_schema.py,class,A,1,0,32837,32843,ReferencedSubject
src/integrations/prefect-github/prefect_github/schemas/graphql_schema.py,class,A,1,0,32846,32852,RenamedTitleSubject
src/integrations/prefect-github/prefect_github/schemas/graphql_schema.py,class,A,1,0,32855,32861,RequestedReviewer
src/integrations/prefect-github/prefect_github/schemas/graphql_schema.py,class,A,1,0,32864,32870,ReviewDismissalAllowanceActor
src/integrations/prefect-github/prefect_github/schemas/graphql_schema.py,class,A,1,0,32873,32887,SearchResultItem
src/integrations/prefect-github/prefect_github/schemas/graphql_schema.py,class,A,1,0,32891,32897,Sponsor
src/integrations/prefect-github/prefect_github/schemas/graphql_schema.py,class,A,1,0,32900,32906,SponsorableItem
src/integrations/prefect-github/prefect_github/schemas/graphql_schema.py,class,A,1,0,32909,32915,StatusCheckRollupContext
src/integrations/prefect-github/prefect_github/schemas/graphql_schema.py,class,A,1,0,32918,32924,VerifiableDomainOwner
src/integrations/prefect-snowflake/prefect_snowflake/credentials.py,method,B,7,4,126,151,_validate_auth_kwargs
src/integrations/prefect-snowflake/prefect_snowflake/credentials.py,class,B,6,0,43,344,SnowflakeCredentials
src/integrations/prefect-snowflake/prefect_snowflake/credentials.py,method,B,6,4,195,234,resolve_private_key
src/integrations/prefect-snowflake/prefect_snowflake/credentials.py,method,B,6,4,238,256,_decode_secret
src/integrations/prefect-snowflake/prefect_snowflake/credentials.py,method,B,6,4,283,344,get_client
src/integrations/prefect-snowflake/prefect_snowflake/credentials.py,method,A,5,4,167,193,_validate_okta_kwargs
src/integrations/prefect-snowflake/prefect_snowflake/credentials.py,method,A,3,4,154,164,_validate_token_kwargs
src/integrations/prefect-snowflake/prefect_snowflake/credentials.py,method,A,2,4,259,281,_compose_pem
src/integrations/prefect-snowflake/prefect_snowflake/credentials.py,class,A,1,0,39,40,InvalidPemFormat
src/integrations/prefect-snowflake/prefect_snowflake/database.py,function,B,6,0,963,1044,snowflake_multiquery
src/integrations/prefect-snowflake/prefect_snowflake/database.py,function,B,6,0,1048,1129,snowflake_multiquery_async
src/integrations/prefect-snowflake/prefect_snowflake/database.py,method,A,4,4,216,255,reset_cursors
src/integrations/prefect-snowflake/prefect_snowflake/database.py,method,A,3,4,165,197,_get_cursor
src/integrations/prefect-snowflake/prefect_snowflake/database.py,method,A,3,4,376,445,fetch_many
src/integrations/prefect-snowflake/prefect_snowflake/database.py,method,A,3,4,447,517,fetch_many_async
src/integrations/prefect-snowflake/prefect_snowflake/database.py,function,A,2,0,829,892,snowflake_query
src/integrations/prefect-snowflake/prefect_snowflake/database.py,function,A,2,0,896,959,snowflake_query_async
src/integrations/prefect-snowflake/prefect_snowflake/database.py,class,A,2,0,21,825,SnowflakeConnector
src/integrations/prefect-snowflake/prefect_snowflake/database.py,method,A,2,4,112,155,get_connection
src/integrations/prefect-snowflake/prefect_snowflake/database.py,method,A,2,4,157,163,_start_connection
src/integrations/prefect-snowflake/prefect_snowflake/database.py,method,A,2,4,199,214,_execute_async
src/integrations/prefect-snowflake/prefect_snowflake/database.py,method,A,2,4,257,314,fetch_one
src/integrations/prefect-snowflake/prefect_snowflake/database.py,method,A,2,4,316,374,fetch_one_async
src/integrations/prefect-snowflake/prefect_snowflake/database.py,method,A,2,4,519,553,fetch_all
src/integrations/prefect-snowflake/prefect_snowflake/database.py,method,A,2,4,555,614,fetch_all_async
src/integrations/prefect-snowflake/prefect_snowflake/database.py,method,A,2,4,790,802,close
src/integrations/prefect-snowflake/prefect_snowflake/database.py,method,A,2,4,816,820,__getstate__
src/integrations/prefect-snowflake/prefect_snowflake/database.py,function,A,1,0,1133,1186,snowflake_query_sync
src/integrations/prefect-snowflake/prefect_snowflake/database.py,method,A,1,4,616,655,execute
src/integrations/prefect-snowflake/prefect_snowflake/database.py,method,A,1,4,657,696,execute_async
src/integrations/prefect-snowflake/prefect_snowflake/database.py,method,A,1,4,698,741,execute_many
src/integrations/prefect-snowflake/prefect_snowflake/database.py,method,A,1,4,744,787,execute_many_async
src/integrations/prefect-snowflake/prefect_snowflake/database.py,method,A,1,4,804,808,__enter__
src/integrations/prefect-snowflake/prefect_snowflake/database.py,method,A,1,4,810,814,__exit__
src/integrations/prefect-snowflake/prefect_snowflake/database.py,method,A,1,4,822,825,__setstate__
src/integrations/prefect-dask/prefect_dask/client.py,class,B,6,0,14,152,PrefectDaskClient
src/integrations/prefect-dask/prefect_dask/client.py,method,B,6,4,15,95,submit
src/integrations/prefect-dask/prefect_dask/client.py,method,A,3,4,98,152,map
src/integrations/prefect-dask/prefect_dask/utils.py,function,A,4,0,14,48,_generate_client_kwargs
src/integrations/prefect-dask/prefect_dask/utils.py,function,A,1,0,52,105,get_dask_client
src/integrations/prefect-dask/prefect_dask/utils.py,function,A,1,0,109,160,get_async_dask_client
src/integrations/prefect-dask/prefect_dask/task_runners.py,method,C,15,4,230,292,__init__
src/integrations/prefect-dask/prefect_dask/task_runners.py,method,C,13,4,402,466,__enter__
src/integrations/prefect-dask/prefect_dask/task_runners.py,method,B,6,4,294,307,__eq__
src/integrations/prefect-dask/prefect_dask/task_runners.py,class,A,5,0,110,160,PrefectDaskFuture
src/integrations/prefect-dask/prefect_dask/task_runners.py,method,A,5,4,125,150,result
src/integrations/prefect-dask/prefect_dask/task_runners.py,method,A,4,4,152,160,__del__
src/integrations/prefect-dask/prefect_dask/task_runners.py,class,A,4,0,165,470,DaskTaskRunner
src/integrations/prefect-dask/prefect_dask/task_runners.py,method,A,3,4,116,123,wait
src/integrations/prefect-dask/prefect_dask/task_runners.py,method,A,3,4,340,364,submit
src/integrations/prefect-dask/prefect_dask/task_runners.py,method,A,1,4,309,319,duplicate
src/integrations/prefect-dask/prefect_dask/task_runners.py,method,A,1,4,323,329,submit
src/integrations/prefect-dask/prefect_dask/task_runners.py,method,A,1,4,332,338,submit
src/integrations/prefect-dask/prefect_dask/task_runners.py,method,A,1,4,368,373,map
src/integrations/prefect-dask/prefect_dask/task_runners.py,method,A,1,4,376,381,map
src/integrations/prefect-dask/prefect_dask/task_runners.py,method,A,1,4,383,389,map
src/integrations/prefect-dask/prefect_dask/task_runners.py,method,A,1,4,391,400,_optimize_futures
src/integrations/prefect-dask/prefect_dask/task_runners.py,method,A,1,4,468,470,__exit__
src/integrations/prefect-docker/prefect_docker/worker.py,method,B,10,4,264,304,get_network_mode
src/integrations/prefect-docker/prefect_docker/worker.py,method,B,6,4,509,552,_create_and_start_container
src/integrations/prefect-docker/prefect_docker/worker.py,method,B,6,4,589,637,_watch_container
src/integrations/prefect-docker/prefect_docker/worker.py,method,B,6,4,673,704,_create_container
src/integrations/prefect-docker/prefect_docker/worker.py,class,A,5,0,72,363,DockerWorkerJobConfiguration
src/integrations/prefect-docker/prefect_docker/worker.py,method,A,5,4,306,338,get_extra_hosts
src/integrations/prefect-docker/prefect_docker/worker.py,method,A,5,4,473,506,_build_container_settings
src/integrations/prefect-docker/prefect_docker/worker.py,method,A,5,4,639,661,_should_pull_image
src/integrations/prefect-docker/prefect_docker/worker.py,method,A,4,4,182,193,_convert_labels_to_docker_format
src/integrations/prefect-docker/prefect_docker/worker.py,method,A,4,4,222,242,_base_environment
src/integrations/prefect-docker/prefect_docker/worker.py,method,A,4,4,340,363,_determine_image_pull_policy
src/integrations/prefect-docker/prefect_docker/worker.py,class,A,4,0,370,740,DockerWorker
src/integrations/prefect-docker/prefect_docker/worker.py,method,A,4,4,554,587,_watch_container_safe
src/integrations/prefect-docker/prefect_docker/worker.py,method,A,3,4,195,219,_slugify_container_name
src/integrations/prefect-docker/prefect_docker/worker.py,method,A,3,4,393,404,setup
src/integrations/prefect-docker/prefect_docker/worker.py,method,A,3,4,406,435,run
src/integrations/prefect-docker/prefect_docker/worker.py,method,A,2,4,244,262,prepare_for_flow_run
src/integrations/prefect-docker/prefect_docker/worker.py,method,A,2,4,384,391,__init__
src/integrations/prefect-docker/prefect_docker/worker.py,method,A,2,4,438,455,_get_client
src/integrations/prefect-docker/prefect_docker/worker.py,class,A,1,0,64,69,ImagePullPolicy
src/integrations/prefect-docker/prefect_docker/worker.py,class,A,1,0,366,367,DockerWorkerResult
src/integrations/prefect-docker/prefect_docker/worker.py,method,A,1,4,457,464,_get_infrastructure_pid
src/integrations/prefect-docker/prefect_docker/worker.py,method,A,1,4,466,471,_parse_infrastructure_pid
src/integrations/prefect-docker/prefect_docker/worker.py,method,A,1,4,663,671,_pull_image
src/integrations/prefect-docker/prefect_docker/worker.py,method,A,1,4,706,710,_container_as_resource
src/integrations/prefect-docker/prefect_docker/worker.py,method,A,1,4,713,720,_emit_container_creation_failed_event
src/integrations/prefect-docker/prefect_docker/worker.py,method,A,1,4,723,740,_emit_container_status_change_event
src/integrations/prefect-docker/prefect_docker/credentials.py,class,A,2,0,11,69,DockerRegistryCredentials
src/integrations/prefect-docker/prefect_docker/credentials.py,method,A,1,4,53,69,login
src/integrations/prefect-docker/prefect_docker/host.py,class,A,5,0,30,117,DockerHost
src/integrations/prefect-docker/prefect_docker/host.py,method,A,4,4,86,117,get_client
src/integrations/prefect-docker/prefect_docker/host.py,class,A,2,0,12,27,_ContextManageableDockerClient
src/integrations/prefect-docker/prefect_docker/host.py,method,A,1,4,17,21,__enter__
src/integrations/prefect-docker/prefect_docker/host.py,method,A,1,4,23,27,__exit__
src/integrations/prefect-docker/prefect_docker/containers.py,function,A,2,0,14,72,create_docker_container
src/integrations/prefect-docker/prefect_docker/containers.py,function,A,2,0,76,115,get_docker_container_logs
src/integrations/prefect-docker/prefect_docker/containers.py,function,A,2,0,119,157,start_docker_container
src/integrations/prefect-docker/prefect_docker/containers.py,function,A,2,0,161,199,stop_docker_container
src/integrations/prefect-docker/prefect_docker/containers.py,function,A,2,0,203,241,remove_docker_container
src/integrations/prefect-docker/prefect_docker/types.py,function,C,13,0,7,51,assert_volume_str
src/integrations/prefect-docker/prefect_docker/images.py,function,B,9,0,15,86,pull_docker_image
src/integrations/prefect-docker/prefect_docker/deployments/steps.py,function,C,16,0,117,258,build_docker_image
src/integrations/prefect-docker/prefect_docker/deployments/steps.py,function,B,8,0,263,356,push_docker_image
src/integrations/prefect-docker/prefect_docker/deployments/steps.py,function,A,4,0,88,93,_make_hashable
src/integrations/prefect-docker/prefect_docker/deployments/steps.py,function,A,1,0,96,113,cacheable
src/integrations/prefect-docker/prefect_docker/deployments/steps.py,class,A,1,0,52,68,BuildDockerImageResult
src/integrations/prefect-docker/prefect_docker/deployments/steps.py,class,A,1,0,71,85,PushDockerImageResult
src/integrations/prefect-gitlab/prefect_gitlab/credentials.py,class,A,2,0,11,50,GitLabCredentials
src/integrations/prefect-gitlab/prefect_gitlab/credentials.py,method,A,1,4,40,50,get_client
src/integrations/prefect-gitlab/prefect_gitlab/repositories.py,class,A,4,0,67,185,GitLabRepository
src/integrations/prefect-gitlab/prefect_gitlab/repositories.py,method,A,4,4,148,185,get_directory
src/integrations/prefect-gitlab/prefect_gitlab/repositories.py,method,A,3,4,101,116,_create_repo_url
src/integrations/prefect-gitlab/prefect_gitlab/repositories.py,method,A,3,4,119,136,_get_paths
src/integrations/prefect-aws/prefect_aws/secrets_manager.py,function,B,6,0,17,79,read_secret
src/integrations/prefect-aws/prefect_aws/secrets_manager.py,function,B,6,0,160,246,create_secret
src/integrations/prefect-aws/prefect_aws/secrets_manager.py,function,A,5,0,83,156,update_secret
src/integrations/prefect-aws/prefect_aws/secrets_manager.py,function,A,5,0,250,357,delete_secret
src/integrations/prefect-aws/prefect_aws/secrets_manager.py,method,A,5,4,376,417,aread_secret
src/integrations/prefect-aws/prefect_aws/secrets_manager.py,method,A,5,4,420,459,read_secret
src/integrations/prefect-aws/prefect_aws/secrets_manager.py,class,A,4,0,360,644,AwsSecret
src/integrations/prefect-aws/prefect_aws/secrets_manager.py,method,A,4,4,548,595,adelete_secret
src/integrations/prefect-aws/prefect_aws/secrets_manager.py,method,A,4,4,598,644,delete_secret
src/integrations/prefect-aws/prefect_aws/secrets_manager.py,method,A,2,4,461,503,awrite_secret
src/integrations/prefect-aws/prefect_aws/secrets_manager.py,method,A,2,4,506,546,write_secret
src/integrations/prefect-aws/prefect_aws/credentials.py,function,A,3,0,29,53,_get_client_cached
src/integrations/prefect-aws/prefect_aws/credentials.py,class,A,2,0,56,183,AwsCredentials
src/integrations/prefect-aws/prefect_aws/credentials.py,method,A,2,4,120,146,get_boto3_session
src/integrations/prefect-aws/prefect_aws/credentials.py,method,A,2,4,149,165,get_client
src/integrations/prefect-aws/prefect_aws/credentials.py,class,A,2,0,186,297,MinIOCredentials
src/integrations/prefect-aws/prefect_aws/credentials.py,method,A,2,4,240,269,get_boto3_session
src/integrations/prefect-aws/prefect_aws/credentials.py,method,A,2,4,272,288,get_client
src/integrations/prefect-aws/prefect_aws/credentials.py,class,A,1,0,19,25,ClientType
src/integrations/prefect-aws/prefect_aws/credentials.py,method,A,1,4,109,118,__hash__
src/integrations/prefect-aws/prefect_aws/credentials.py,method,A,1,4,167,174,get_s3_client
src/integrations/prefect-aws/prefect_aws/credentials.py,method,A,1,4,176,183,get_secrets_manager_client
src/integrations/prefect-aws/prefect_aws/credentials.py,method,A,1,4,230,236,__hash__
src/integrations/prefect-aws/prefect_aws/credentials.py,method,A,1,4,290,297,get_s3_client
src/integrations/prefect-aws/prefect_aws/batch.py,function,A,1,0,13,75,abatch_submit
src/integrations/prefect-aws/prefect_aws/batch.py,function,A,1,0,80,141,batch_submit
src/integrations/prefect-aws/prefect_aws/client_parameters.py,method,B,9,4,135,162,get_params_override
src/integrations/prefect-aws/prefect_aws/client_parameters.py,class,A,5,0,13,162,AwsClientParameters
src/integrations/prefect-aws/prefect_aws/client_parameters.py,method,A,5,4,114,133,verify_cert_path_and_verify
src/integrations/prefect-aws/prefect_aws/client_parameters.py,method,A,3,4,94,110,deprecated_verify_cert_path
src/integrations/prefect-aws/prefect_aws/client_parameters.py,method,A,2,4,84,90,instantiate_config
src/integrations/prefect-aws/prefect_aws/client_parameters.py,method,A,1,4,70,78,__hash__
src/integrations/prefect-aws/prefect_aws/utilities.py,function,B,9,0,40,70,ensure_path_exists
src/integrations/prefect-aws/prefect_aws/utilities.py,function,A,4,0,73,116,assemble_document_for_patches
src/integrations/prefect-aws/prefect_aws/utilities.py,function,A,1,0,8,37,hash_collection
src/integrations/prefect-aws/prefect_aws/client_waiter.py,function,A,3,0,15,75,aclient_waiter
src/integrations/prefect-aws/prefect_aws/client_waiter.py,function,A,3,0,80,140,client_waiter
src/integrations/prefect-aws/prefect_aws/s3.py,method,B,8,4,1023,1075,aput_directory
src/integrations/prefect-aws/prefect_aws/s3.py,method,B,8,4,1078,1130,put_directory
src/integrations/prefect-aws/prefect_aws/s3.py,method,B,6,4,860,893,validate_credentials
src/integrations/prefect-aws/prefect_aws/s3.py,method,B,6,4,950,984,aget_directory
src/integrations/prefect-aws/prefect_aws/s3.py,method,B,6,4,987,1021,get_directory
src/integrations/prefect-aws/prefect_aws/s3.py,method,B,6,4,1314,1333,_join_bucket_folder
src/integrations/prefect-aws/prefect_aws/s3.py,method,A,5,4,1739,1802,download_folder_to_path
src/integrations/prefect-aws/prefect_aws/s3.py,method,A,5,4,2134,2202,aupload_from_folder
src/integrations/prefect-aws/prefect_aws/s3.py,method,A,5,4,2205,2268,upload_from_folder
src/integrations/prefect-aws/prefect_aws/s3.py,method,A,4,4,1670,1736,adownload_folder_to_path
src/integrations/prefect-aws/prefect_aws/s3.py,method,A,4,4,2270,2355,copy_object
src/integrations/prefect-aws/prefect_aws/s3.py,method,A,4,4,2357,2390,_move_object_setup
src/integrations/prefect-aws/prefect_aws/s3.py,function,A,3,0,28,76,get_s3_client
src/integrations/prefect-aws/prefect_aws/s3.py,function,A,3,0,664,674,_list_objects_sync
src/integrations/prefect-aws/prefect_aws/s3.py,class,A,3,0,829,2519,S3Bucket
src/integrations/prefect-aws/prefect_aws/s3.py,method,A,3,4,1300,1311,_list_objects_sync
src/integrations/prefect-aws/prefect_aws/s3.py,function,A,2,0,208,271,aupload_to_bucket
src/integrations/prefect-aws/prefect_aws/s3.py,function,A,2,0,276,334,upload_to_bucket
src/integrations/prefect-aws/prefect_aws/s3.py,function,A,2,0,341,440,acopy_objects
src/integrations/prefect-aws/prefect_aws/s3.py,function,A,2,0,445,541,copy_objects
src/integrations/prefect-aws/prefect_aws/s3.py,function,A,2,0,548,603,amove_objects
src/integrations/prefect-aws/prefect_aws/s3.py,function,A,2,0,608,658,move_objects
src/integrations/prefect-aws/prefect_aws/s3.py,function,A,2,0,678,749,alist_objects
src/integrations/prefect-aws/prefect_aws/s3.py,function,A,2,0,754,823,list_objects
src/integrations/prefect-aws/prefect_aws/s3.py,method,A,2,4,910,929,_resolve_path
src/integrations/prefect-aws/prefect_aws/s3.py,method,A,2,4,1336,1356,_list_objects_setup
src/integrations/prefect-aws/prefect_aws/s3.py,method,A,2,4,1438,1491,adownload_object_to_path
src/integrations/prefect-aws/prefect_aws/s3.py,method,A,2,4,1494,1546,download_object_to_path
src/integrations/prefect-aws/prefect_aws/s3.py,method,A,2,4,1804,1868,astream_from
src/integrations/prefect-aws/prefect_aws/s3.py,method,A,2,4,1871,1931,stream_from
src/integrations/prefect-aws/prefect_aws/s3.py,method,A,2,4,1933,1978,aupload_from_path
src/integrations/prefect-aws/prefect_aws/s3.py,method,A,2,4,1981,2024,upload_from_path
src/integrations/prefect-aws/prefect_aws/s3.py,function,A,1,0,81,140,adownload_from_bucket
src/integrations/prefect-aws/prefect_aws/s3.py,function,A,1,0,145,201,download_from_bucket
src/integrations/prefect-aws/prefect_aws/s3.py,method,A,1,4,897,904,basepath
src/integrations/prefect-aws/prefect_aws/s3.py,method,A,1,4,907,908,basepath
src/integrations/prefect-aws/prefect_aws/s3.py,method,A,1,4,931,936,_get_s3_client
src/integrations/prefect-aws/prefect_aws/s3.py,method,A,1,4,938,948,_get_bucket_resource
src/integrations/prefect-aws/prefect_aws/s3.py,method,A,1,4,1132,1144,_read_sync
src/integrations/prefect-aws/prefect_aws/s3.py,method,A,1,4,1146,1175,aread_path
src/integrations/prefect-aws/prefect_aws/s3.py,method,A,1,4,1178,1208,read_path
src/integrations/prefect-aws/prefect_aws/s3.py,method,A,1,4,1210,1219,_write_sync
src/integrations/prefect-aws/prefect_aws/s3.py,method,A,1,4,1221,1257,awrite_path
src/integrations/prefect-aws/prefect_aws/s3.py,method,A,1,4,1260,1296,write_path
src/integrations/prefect-aws/prefect_aws/s3.py,method,A,1,4,1358,1398,alist_objects
src/integrations/prefect-aws/prefect_aws/s3.py,method,A,1,4,1401,1436,list_objects
src/integrations/prefect-aws/prefect_aws/s3.py,method,A,1,4,1548,1607,adownload_object_to_file_object
src/integrations/prefect-aws/prefect_aws/s3.py,method,A,1,4,1610,1668,download_object_to_file_object
src/integrations/prefect-aws/prefect_aws/s3.py,method,A,1,4,2026,2078,aupload_from_file_object
src/integrations/prefect-aws/prefect_aws/s3.py,method,A,1,4,2081,2132,upload_from_file_object
src/integrations/prefect-aws/prefect_aws/s3.py,method,A,1,4,2392,2455,amove_object
src/integrations/prefect-aws/prefect_aws/s3.py,method,A,1,4,2458,2519,move_object
src/integrations/prefect-aws/prefect_aws/glue_job.py,method,A,4,4,55,71,wait_for_completion
src/integrations/prefect-aws/prefect_aws/glue_job.py,class,A,3,0,17,75,GlueJobRun
src/integrations/prefect-aws/prefect_aws/glue_job.py,class,A,2,0,78,184,GlueJobBlock
src/integrations/prefect-aws/prefect_aws/glue_job.py,method,A,2,4,159,177,_start_job
src/integrations/prefect-aws/prefect_aws/glue_job.py,method,A,1,4,50,53,fetch_result
src/integrations/prefect-aws/prefect_aws/glue_job.py,method,A,1,4,73,75,_get_job_run
src/integrations/prefect-aws/prefect_aws/glue_job.py,method,A,1,4,149,156,trigger
src/integrations/prefect-aws/prefect_aws/glue_job.py,method,A,1,4,179,184,_get_client
src/integrations/prefect-aws/prefect_aws/lambda_function.py,class,A,5,0,65,249,LambdaFunction
src/integrations/prefect-aws/prefect_aws/lambda_function.py,method,A,5,4,117,183,ainvoke
src/integrations/prefect-aws/prefect_aws/lambda_function.py,method,A,5,4,186,249,invoke
src/integrations/prefect-aws/prefect_aws/lambda_function.py,method,A,1,4,109,115,_get_lambda_client
src/integrations/prefect-aws/prefect_aws/experimental/bundles/upload.py,function,A,5,0,28,73,upload_bundle_to_s3
src/integrations/prefect-aws/prefect_aws/experimental/bundles/upload.py,function,A,2,0,76,92,_upload_bundle_to_s3
src/integrations/prefect-aws/prefect_aws/experimental/bundles/upload.py,class,A,1,0,17,25,UploadResult
src/integrations/prefect-aws/prefect_aws/experimental/bundles/execute.py,function,A,4,0,24,62,download_bundle_from_s3
src/integrations/prefect-aws/prefect_aws/experimental/bundles/execute.py,function,A,1,0,65,93,execute_bundle_from_s3
src/integrations/prefect-aws/prefect_aws/experimental/bundles/execute.py,function,A,1,0,96,104,_execute_bundle_from_s3
src/integrations/prefect-aws/prefect_aws/experimental/bundles/execute.py,class,A,1,0,17,21,DownloadResult
src/integrations/prefect-aws/prefect_aws/workers/ecs_worker.py,method,E,40,4,1501,1662,_prepare_task_run_request
src/integrations/prefect-aws/prefect_aws/workers/ecs_worker.py,method,D,25,4,1299,1409,_prepare_task_definition
src/integrations/prefect-aws/prefect_aws/workers/ecs_worker.py,method,C,11,4,808,865,_get_or_register_task_definition
src/integrations/prefect-aws/prefect_aws/workers/ecs_worker.py,method,B,10,4,1080,1160,_wait_for_task_finish
src/integrations/prefect-aws/prefect_aws/workers/ecs_worker.py,class,B,9,0,644,1725,ECSWorker
src/integrations/prefect-aws/prefect_aws/workers/ecs_worker.py,method,B,9,4,1162,1227,_stream_available_logs
src/integrations/prefect-aws/prefect_aws/workers/ecs_worker.py,function,B,8,0,164,178,_drop_empty_keys_from_dict
src/integrations/prefect-aws/prefect_aws/workers/ecs_worker.py,method,B,8,4,967,1001,_validate_task_definition
src/integrations/prefect-aws/prefect_aws/workers/ecs_worker.py,method,B,8,4,1229,1280,_watch_task_run
src/integrations/prefect-aws/prefect_aws/workers/ecs_worker.py,method,B,8,4,1690,1725,_task_definitions_equal
src/integrations/prefect-aws/prefect_aws/workers/ecs_worker.py,function,B,7,0,223,239,mask_sensitive_env_values
src/integrations/prefect-aws/prefect_aws/workers/ecs_worker.py,method,B,7,4,342,362,configure_cloudwatch_logs_requires_execution_role_arn
src/integrations/prefect-aws/prefect_aws/workers/ecs_worker.py,method,B,7,4,930,965,_report_task_run_creation_failure
src/integrations/prefect-aws/prefect_aws/workers/ecs_worker.py,method,B,7,4,1411,1453,_load_network_configuration
src/integrations/prefect-aws/prefect_aws/workers/ecs_worker.py,method,B,6,4,1457,1499,_custom_network_configuration
src/integrations/prefect-aws/prefect_aws/workers/ecs_worker.py,method,A,5,4,660,716,run
src/integrations/prefect-aws/prefect_aws/workers/ecs_worker.py,method,A,5,4,867,911,_watch_task_and_get_exit_code
src/integrations/prefect-aws/prefect_aws/workers/ecs_worker.py,function,A,4,0,192,211,_container_name_from_task_definition
src/integrations/prefect-aws/prefect_aws/workers/ecs_worker.py,class,A,4,0,258,422,ECSJobConfiguration
src/integrations/prefect-aws/prefect_aws/workers/ecs_worker.py,method,A,4,4,297,310,task_run_request_requires_arn_if_no_task_definition_given
src/integrations/prefect-aws/prefect_aws/workers/ecs_worker.py,method,A,4,4,727,806,_create_task_and_wait_for_start
src/integrations/prefect-aws/prefect_aws/workers/ecs_worker.py,function,A,3,0,181,189,_get_container
src/integrations/prefect-aws/prefect_aws/workers/ecs_worker.py,method,A,3,4,365,377,cloudwatch_logs_options_requires_configure_cloudwatch_logs
src/integrations/prefect-aws/prefect_aws/workers/ecs_worker.py,method,A,3,4,380,389,network_configuration_requires_vpc_id
src/integrations/prefect-aws/prefect_aws/workers/ecs_worker.py,method,A,3,4,913,927,_report_container_status_code
src/integrations/prefect-aws/prefect_aws/workers/ecs_worker.py,method,A,3,4,1045,1078,_wait_for_task_start
src/integrations/prefect-aws/prefect_aws/workers/ecs_worker.py,method,A,3,4,1282,1297,_get_or_generate_family
src/integrations/prefect-aws/prefect_aws/workers/ecs_worker.py,method,A,3,4,1673,1688,_create_task_run
src/integrations/prefect-aws/prefect_aws/workers/ecs_worker.py,method,A,2,4,313,326,container_name_default_from_task_definition
src/integrations/prefect-aws/prefect_aws/workers/ecs_worker.py,method,A,2,4,329,339,set_default_configure_cloudwatch_logs
src/integrations/prefect-aws/prefect_aws/workers/ecs_worker.py,method,A,2,4,1026,1043,_retrieve_task_definition
src/integrations/prefect-aws/prefect_aws/workers/ecs_worker.py,function,A,1,0,150,154,_default_task_definition_template
src/integrations/prefect-aws/prefect_aws/workers/ecs_worker.py,function,A,1,0,157,161,_default_task_run_request_template
src/integrations/prefect-aws/prefect_aws/workers/ecs_worker.py,function,A,1,0,214,220,parse_identifier
src/integrations/prefect-aws/prefect_aws/workers/ecs_worker.py,function,A,1,0,242,244,mask_api_key
src/integrations/prefect-aws/prefect_aws/workers/ecs_worker.py,class,A,1,0,141,147,ECSIdentifier
src/integrations/prefect-aws/prefect_aws/workers/ecs_worker.py,class,A,1,0,248,255,CapacityProvider
src/integrations/prefect-aws/prefect_aws/workers/ecs_worker.py,method,A,1,4,393,422,from_template_and_values
src/integrations/prefect-aws/prefect_aws/workers/ecs_worker.py,class,A,1,0,425,633,ECSVariables
src/integrations/prefect-aws/prefect_aws/workers/ecs_worker.py,class,A,1,0,638,639,ECSWorkerResult
src/integrations/prefect-aws/prefect_aws/workers/ecs_worker.py,method,A,1,4,719,725,_get_client
src/integrations/prefect-aws/prefect_aws/workers/ecs_worker.py,method,A,1,4,1006,1024,_register_task_definition
src/integrations/prefect-aws/prefect_aws/deployments/steps.py,function,B,7,0,53,123,push_to_s3
src/integrations/prefect-aws/prefect_aws/deployments/steps.py,function,A,4,0,133,198,pull_from_s3
src/integrations/prefect-aws/prefect_aws/deployments/steps.py,function,A,1,0,48,50,push_project_to_s3
src/integrations/prefect-aws/prefect_aws/deployments/steps.py,function,A,1,0,128,130,pull_project_from_s3
src/integrations/prefect-aws/prefect_aws/deployments/steps.py,class,A,1,0,18,24,PushToS3Output
src/integrations/prefect-aws/prefect_aws/deployments/steps.py,class,A,1,0,28,29,PushProjectToS3Output
src/integrations/prefect-aws/prefect_aws/deployments/steps.py,class,A,1,0,32,39,PullFromS3Output
src/integrations/prefect-aws/prefect_aws/deployments/steps.py,class,A,1,0,43,44,PullProjectFromS3Output
src/integrations/prefect-sqlalchemy/prefect_sqlalchemy/credentials.py,class,B,6,0,88,153,ConnectionComponents
src/integrations/prefect-sqlalchemy/prefect_sqlalchemy/credentials.py,method,A,5,4,130,153,create_url
src/integrations/prefect-sqlalchemy/prefect_sqlalchemy/credentials.py,class,A,1,0,10,32,AsyncDriver
src/integrations/prefect-sqlalchemy/prefect_sqlalchemy/credentials.py,class,A,1,0,35,85,SyncDriver
src/integrations/prefect-sqlalchemy/prefect_sqlalchemy/database.py,method,A,5,4,123,146,block_initialization
src/integrations/prefect-sqlalchemy/prefect_sqlalchemy/database.py,method,A,5,4,154,226,get_engine
src/integrations/prefect-sqlalchemy/prefect_sqlalchemy/database.py,method,A,4,4,345,381,_get_result_set
src/integrations/prefect-sqlalchemy/prefect_sqlalchemy/database.py,class,A,3,0,35,790,SqlAlchemyConnector
src/integrations/prefect-sqlalchemy/prefect_sqlalchemy/database.py,method,A,3,4,271,313,get_client
src/integrations/prefect-sqlalchemy/prefect_sqlalchemy/database.py,method,A,3,4,315,334,_async_sync_execute
src/integrations/prefect-sqlalchemy/prefect_sqlalchemy/database.py,method,A,3,4,383,394,_reset_cursor_results
src/integrations/prefect-sqlalchemy/prefect_sqlalchemy/database.py,method,A,3,4,398,425,reset_connections
src/integrations/prefect-sqlalchemy/prefect_sqlalchemy/database.py,method,A,3,4,427,458,reset_async_connections
src/integrations/prefect-sqlalchemy/prefect_sqlalchemy/database.py,method,A,3,4,724,739,aclose
src/integrations/prefect-sqlalchemy/prefect_sqlalchemy/database.py,method,A,3,4,758,774,close
src/integrations/prefect-sqlalchemy/prefect_sqlalchemy/database.py,method,A,3,4,782,790,__setstate__
src/integrations/prefect-sqlalchemy/prefect_sqlalchemy/database.py,function,A,2,0,24,29,check_make_url
src/integrations/prefect-sqlalchemy/prefect_sqlalchemy/database.py,method,A,2,4,148,152,_start_exit_stack
src/integrations/prefect-sqlalchemy/prefect_sqlalchemy/database.py,method,A,2,4,228,269,get_connection
src/integrations/prefect-sqlalchemy/prefect_sqlalchemy/database.py,method,A,2,4,337,343,_manage_connection
src/integrations/prefect-sqlalchemy/prefect_sqlalchemy/database.py,method,A,2,4,513,566,fetch_many
src/integrations/prefect-sqlalchemy/prefect_sqlalchemy/database.py,method,A,2,4,707,716,__aenter__
src/integrations/prefect-sqlalchemy/prefect_sqlalchemy/database.py,method,A,2,4,741,750,__enter__
src/integrations/prefect-sqlalchemy/prefect_sqlalchemy/database.py,method,A,2,4,776,780,__getstate__
src/integrations/prefect-sqlalchemy/prefect_sqlalchemy/database.py,method,A,1,4,461,510,fetch_one
src/integrations/prefect-sqlalchemy/prefect_sqlalchemy/database.py,method,A,1,4,569,615,fetch_all
src/integrations/prefect-sqlalchemy/prefect_sqlalchemy/database.py,method,A,1,4,618,657,execute
src/integrations/prefect-sqlalchemy/prefect_sqlalchemy/database.py,method,A,1,4,660,705,execute_many
src/integrations/prefect-sqlalchemy/prefect_sqlalchemy/database.py,method,A,1,4,718,722,__aexit__
src/integrations/prefect-sqlalchemy/prefect_sqlalchemy/database.py,method,A,1,4,752,756,__exit__
src/integrations/prefect-shell/prefect_shell/commands.py,function,C,15,0,25,119,shell_run_command
src/integrations/prefect-shell/prefect_shell/commands.py,method,B,9,4,267,304,_prep_trigger_command
src/integrations/prefect-shell/prefect_shell/commands.py,method,A,3,4,152,160,_capture_output
src/integrations/prefect-shell/prefect_shell/commands.py,class,A,3,0,196,436,ShellOperation
src/integrations/prefect-shell/prefect_shell/commands.py,class,A,2,0,122,193,ShellProcess
src/integrations/prefect-shell/prefect_shell/commands.py,method,A,2,4,163,180,wait_for_completion
src/integrations/prefect-shell/prefect_shell/commands.py,method,A,2,4,184,193,fetch_result
src/integrations/prefect-shell/prefect_shell/commands.py,method,A,2,4,325,360,trigger
src/integrations/prefect-shell/prefect_shell/commands.py,method,A,2,4,363,398,run
src/integrations/prefect-shell/prefect_shell/commands.py,method,A,1,4,127,130,__init__
src/integrations/prefect-shell/prefect_shell/commands.py,method,A,1,4,133,140,pid
src/integrations/prefect-shell/prefect_shell/commands.py,method,A,1,4,143,150,return_code
src/integrations/prefect-shell/prefect_shell/commands.py,method,A,1,4,306,322,_compile_kwargs
src/integrations/prefect-shell/prefect_shell/commands.py,method,A,1,4,401,406,close
src/integrations/prefect-shell/prefect_shell/commands.py,method,A,1,4,408,412,aclose
src/integrations/prefect-shell/prefect_shell/commands.py,method,A,1,4,414,418,__aenter__
src/integrations/prefect-shell/prefect_shell/commands.py,method,A,1,4,420,424,__aexit__
src/integrations/prefect-shell/prefect_shell/commands.py,method,A,1,4,426,430,__enter__
src/integrations/prefect-shell/prefect_shell/commands.py,method,A,1,4,432,436,__exit__
src/integrations/prefect-bitbucket/prefect_bitbucket/credentials.py,class,A,4,0,24,109,BitBucketCredentials
src/integrations/prefect-bitbucket/prefect_bitbucket/credentials.py,method,A,3,4,71,81,_validate_username
src/integrations/prefect-bitbucket/prefect_bitbucket/credentials.py,method,A,3,4,83,109,get_client
src/integrations/prefect-bitbucket/prefect_bitbucket/credentials.py,class,A,1,0,17,21,ClientType
src/integrations/prefect-bitbucket/prefect_bitbucket/repository.py,method,A,5,4,105,133,_create_repo_url
src/integrations/prefect-bitbucket/prefect_bitbucket/repository.py,class,A,4,0,55,195,BitBucketRepository
src/integrations/prefect-bitbucket/prefect_bitbucket/repository.py,method,A,3,4,83,103,_ensure_credentials_go_with_https
src/integrations/prefect-bitbucket/prefect_bitbucket/repository.py,method,A,3,4,136,155,_get_paths
src/integrations/prefect-bitbucket/prefect_bitbucket/repository.py,method,A,3,4,158,195,get_directory
src/integrations/prefect-ray/prefect_ray/context.py,class,A,2,0,13,32,RemoteOptionsContext
src/integrations/prefect-ray/prefect_ray/context.py,function,A,1,0,36,69,remote_options
src/integrations/prefect-ray/prefect_ray/context.py,method,A,1,4,25,30,get
src/integrations/prefect-ray/prefect_ray/task_runners.py,method,B,7,4,394,425,__enter__
src/integrations/prefect-ray/prefect_ray/task_runners.py,class,A,5,0,117,182,PrefectRayFuture
src/integrations/prefect-ray/prefect_ray/task_runners.py,method,A,5,4,128,153,result
src/integrations/prefect-ray/prefect_ray/task_runners.py,method,A,4,4,118,126,wait
src/integrations/prefect-ray/prefect_ray/task_runners.py,method,A,4,4,166,182,__del__
src/integrations/prefect-ray/prefect_ray/task_runners.py,class,A,3,0,187,437,RayTaskRunner
src/integrations/prefect-ray/prefect_ray/task_runners.py,method,A,3,4,235,244,__eq__
src/integrations/prefect-ray/prefect_ray/task_runners.py,method,A,3,4,264,301,submit
src/integrations/prefect-ray/prefect_ray/task_runners.py,method,A,2,4,155,164,add_done_callback
src/integrations/prefect-ray/prefect_ray/task_runners.py,method,A,2,4,213,227,__init__
src/integrations/prefect-ray/prefect_ray/task_runners.py,method,A,2,4,349,392,_run_prefect_task
src/integrations/prefect-ray/prefect_ray/task_runners.py,method,A,2,4,427,437,__exit__
src/integrations/prefect-ray/prefect_ray/task_runners.py,method,A,1,4,229,233,duplicate
src/integrations/prefect-ray/prefect_ray/task_runners.py,method,A,1,4,247,253,submit
src/integrations/prefect-ray/prefect_ray/task_runners.py,method,A,1,4,256,262,submit
src/integrations/prefect-ray/prefect_ray/task_runners.py,method,A,1,4,304,309,map
src/integrations/prefect-ray/prefect_ray/task_runners.py,method,A,1,4,312,317,map
src/integrations/prefect-ray/prefect_ray/task_runners.py,method,A,1,4,319,325,map
src/integrations/prefect-ray/prefect_ray/task_runners.py,method,A,1,4,327,346,_exchange_prefect_for_ray_futures
src/integrations/prefect-databricks/prefect_databricks/credentials.py,class,A,3,0,11,73,DatabricksCredentials
src/integrations/prefect-databricks/prefect_databricks/credentials.py,method,A,2,4,43,73,get_client
src/integrations/prefect-databricks/prefect_databricks/rest.py,function,B,7,0,33,53,serialize_model
src/integrations/prefect-databricks/prefect_databricks/rest.py,function,B,6,0,142,167,_unpack_contents
src/integrations/prefect-databricks/prefect_databricks/rest.py,function,A,5,0,56,74,strip_kwargs
src/integrations/prefect-databricks/prefect_databricks/rest.py,function,A,4,0,78,139,execute_endpoint
src/integrations/prefect-databricks/prefect_databricks/rest.py,class,A,1,0,21,30,HTTPMethod
src/integrations/prefect-databricks/prefect_databricks/jobs.py,function,A,1,0,22,74,jobs_runs_export
src/integrations/prefect-databricks/prefect_databricks/jobs.py,function,A,1,0,78,389,jobs_create
src/integrations/prefect-databricks/prefect_databricks/jobs.py,function,A,1,0,393,442,jobs_delete
src/integrations/prefect-databricks/prefect_databricks/jobs.py,function,A,1,0,446,495,jobs_get
src/integrations/prefect-databricks/prefect_databricks/jobs.py,function,A,1,0,499,561,jobs_list
src/integrations/prefect-databricks/prefect_databricks/jobs.py,function,A,1,0,565,786,jobs_reset
src/integrations/prefect-databricks/prefect_databricks/jobs.py,function,A,1,0,790,970,jobs_run_now
src/integrations/prefect-databricks/prefect_databricks/jobs.py,function,A,1,0,974,1023,jobs_runs_cancel
src/integrations/prefect-databricks/prefect_databricks/jobs.py,function,A,1,0,1027,1077,jobs_runs_cancel_all
src/integrations/prefect-databricks/prefect_databricks/jobs.py,function,A,1,0,1081,1130,jobs_runs_delete
src/integrations/prefect-databricks/prefect_databricks/jobs.py,function,A,1,0,1134,1187,jobs_runs_get
src/integrations/prefect-databricks/prefect_databricks/jobs.py,function,A,1,0,1191,1248,jobs_runs_get_output
src/integrations/prefect-databricks/prefect_databricks/jobs.py,function,A,1,0,1252,1347,jobs_runs_list
src/integrations/prefect-databricks/prefect_databricks/jobs.py,function,A,1,0,1351,1538,jobs_runs_repair
src/integrations/prefect-databricks/prefect_databricks/jobs.py,function,A,1,0,1542,1741,jobs_runs_submit
src/integrations/prefect-databricks/prefect_databricks/jobs.py,function,A,1,0,1745,1975,jobs_update
src/integrations/prefect-databricks/prefect_databricks/flows.py,function,B,9,0,63,330,jobs_runs_submit_and_wait_for_completion
src/integrations/prefect-databricks/prefect_databricks/flows.py,function,B,8,0,498,701,jobs_runs_submit_by_id_and_wait_for_completion
src/integrations/prefect-databricks/prefect_databricks/flows.py,function,B,6,0,334,402,_update_and_log_state_changes
src/integrations/prefect-databricks/prefect_databricks/flows.py,function,A,4,0,409,488,jobs_runs_wait_for_completion
src/integrations/prefect-databricks/prefect_databricks/flows.py,class,A,1,0,31,32,DatabricksJobTerminated
src/integrations/prefect-databricks/prefect_databricks/flows.py,class,A,1,0,35,36,DatabricksJobSkipped
src/integrations/prefect-databricks/prefect_databricks/flows.py,class,A,1,0,39,40,DatabricksJobInternalError
src/integrations/prefect-databricks/prefect_databricks/flows.py,class,A,1,0,43,44,DatabricksJobRunTimedOut
src/integrations/prefect-databricks/prefect_databricks/models/jobs.py,class,A,1,0,14,31,AutoScale
src/integrations/prefect-databricks/prefect_databricks/models/jobs.py,class,A,1,0,38,151,AwsAttributes
src/integrations/prefect-databricks/prefect_databricks/models/jobs.py,class,A,1,0,169,174,CanManage
src/integrations/prefect-databricks/prefect_databricks/models/jobs.py,class,A,1,0,177,182,CanManageRun
src/integrations/prefect-databricks/prefect_databricks/models/jobs.py,class,A,1,0,185,190,CanView
src/integrations/prefect-databricks/prefect_databricks/models/jobs.py,class,A,1,0,193,201,ClusterCloudProviderNodeStatus
src/integrations/prefect-databricks/prefect_databricks/models/jobs.py,class,A,1,0,204,253,ClusterEventType
src/integrations/prefect-databricks/prefect_databricks/models/jobs.py,class,A,1,0,256,278,ClusterInstance
src/integrations/prefect-databricks/prefect_databricks/models/jobs.py,class,A,1,0,288,305,ClusterSize
src/integrations/prefect-databricks/prefect_databricks/models/jobs.py,class,A,1,0,317,327,ClusterSource
src/integrations/prefect-databricks/prefect_databricks/models/jobs.py,class,A,1,0,330,350,ClusterState
src/integrations/prefect-databricks/prefect_databricks/models/jobs.py,class,A,1,0,353,360,ClusterTag
src/integrations/prefect-databricks/prefect_databricks/models/jobs.py,class,A,1,0,363,393,CronSchedule
src/integrations/prefect-databricks/prefect_databricks/models/jobs.py,class,A,1,0,397,405,DbfsStorageInfo
src/integrations/prefect-databricks/prefect_databricks/models/jobs.py,class,A,1,0,409,426,DbtOutput
src/integrations/prefect-databricks/prefect_databricks/models/jobs.py,class,A,1,0,433,491,DbtTask
src/integrations/prefect-databricks/prefect_databricks/models/jobs.py,class,A,1,0,495,506,DockerBasicAuth
src/integrations/prefect-databricks/prefect_databricks/models/jobs.py,class,A,1,0,510,520,DockerImage
src/integrations/prefect-databricks/prefect_databricks/models/jobs.py,class,A,1,0,523,538,Error
src/integrations/prefect-databricks/prefect_databricks/models/jobs.py,class,A,1,0,542,550,FileStorageInfo
src/integrations/prefect-databricks/prefect_databricks/models/jobs.py,class,A,1,0,554,570,GitSnapshot
src/integrations/prefect-databricks/prefect_databricks/models/jobs.py,class,A,1,0,574,638,GitSource
src/integrations/prefect-databricks/prefect_databricks/models/jobs.py,class,A,1,0,642,647,GitSource1
src/integrations/prefect-databricks/prefect_databricks/models/jobs.py,class,A,1,0,650,655,GroupName
src/integrations/prefect-databricks/prefect_databricks/models/jobs.py,class,A,1,0,658,663,IsOwner
src/integrations/prefect-databricks/prefect_databricks/models/jobs.py,class,A,1,0,666,715,JobEmailNotifications
src/integrations/prefect-databricks/prefect_databricks/models/jobs.py,class,A,1,0,719,736,LibraryInstallStatus
src/integrations/prefect-databricks/prefect_databricks/models/jobs.py,class,A,1,0,739,746,ListOrder
src/integrations/prefect-databricks/prefect_databricks/models/jobs.py,class,A,1,0,749,755,RuntimeEngine
src/integrations/prefect-databricks/prefect_databricks/models/jobs.py,class,A,1,0,758,775,LogSyncStatus
src/integrations/prefect-databricks/prefect_databricks/models/jobs.py,class,A,1,0,781,811,MavenLibrary
src/integrations/prefect-databricks/prefect_databricks/models/jobs.py,class,A,1,0,815,835,NotebookOutput
src/integrations/prefect-databricks/prefect_databricks/models/jobs.py,class,A,1,0,839,883,NotebookTask
src/integrations/prefect-databricks/prefect_databricks/models/jobs.py,class,A,1,0,887,894,ParameterPair
src/integrations/prefect-databricks/prefect_databricks/models/jobs.py,class,A,1,0,897,902,PermissionLevel
src/integrations/prefect-databricks/prefect_databricks/models/jobs.py,class,A,1,0,905,910,PermissionLevelForGroup
src/integrations/prefect-databricks/prefect_databricks/models/jobs.py,class,A,1,0,913,929,PipelineTask
src/integrations/prefect-databricks/prefect_databricks/models/jobs.py,class,A,1,0,933,940,PoolClusterTerminationCode
src/integrations/prefect-databricks/prefect_databricks/models/jobs.py,class,A,1,0,943,965,PythonPyPiLibrary
src/integrations/prefect-databricks/prefect_databricks/models/jobs.py,class,A,1,0,969,1002,PythonWheelTask
src/integrations/prefect-databricks/prefect_databricks/models/jobs.py,class,A,1,0,1006,1024,RCranLibrary
src/integrations/prefect-databricks/prefect_databricks/models/jobs.py,class,A,1,0,1028,1061,RepairRunInput
src/integrations/prefect-databricks/prefect_databricks/models/jobs.py,class,A,1,0,1065,1074,ResizeCause
src/integrations/prefect-databricks/prefect_databricks/models/jobs.py,class,A,1,0,1077,1096,RunLifeCycleState
src/integrations/prefect-databricks/prefect_databricks/models/jobs.py,class,A,1,0,1099,1122,RunNowInput
src/integrations/prefect-databricks/prefect_databricks/models/jobs.py,class,A,1,0,1126,1134,PipelineParams
src/integrations/prefect-databricks/prefect_databricks/models/jobs.py,class,A,1,0,1138,1241,RunParameters
src/integrations/prefect-databricks/prefect_databricks/models/jobs.py,class,A,1,0,1245,1256,RunResultState
src/integrations/prefect-databricks/prefect_databricks/models/jobs.py,class,A,1,0,1259,1290,RunState
src/integrations/prefect-databricks/prefect_databricks/models/jobs.py,class,A,1,0,1294,1304,RunType
src/integrations/prefect-databricks/prefect_databricks/models/jobs.py,class,A,1,0,1307,1362,S3StorageInfo
src/integrations/prefect-databricks/prefect_databricks/models/jobs.py,class,A,1,0,1368,1373,ServicePrincipalName
src/integrations/prefect-databricks/prefect_databricks/models/jobs.py,class,A,1,0,1376,1383,SparkConfPair
src/integrations/prefect-databricks/prefect_databricks/models/jobs.py,class,A,1,0,1386,1393,SparkEnvPair
src/integrations/prefect-databricks/prefect_databricks/models/jobs.py,class,A,1,0,1396,1429,SparkJarTask
src/integrations/prefect-databricks/prefect_databricks/models/jobs.py,class,A,1,0,1433,1441,SparkNodeAwsAttributes
src/integrations/prefect-databricks/prefect_databricks/models/jobs.py,class,A,1,0,1445,1469,SparkPythonTask
src/integrations/prefect-databricks/prefect_databricks/models/jobs.py,class,A,1,0,1473,1491,SparkSubmitTask
src/integrations/prefect-databricks/prefect_databricks/models/jobs.py,class,A,1,0,1496,1517,SparkVersion
src/integrations/prefect-databricks/prefect_databricks/models/jobs.py,class,A,1,0,1523,1531,SqlOutputError
src/integrations/prefect-databricks/prefect_databricks/models/jobs.py,class,A,1,0,1535,1543,SqlStatementOutput
src/integrations/prefect-databricks/prefect_databricks/models/jobs.py,class,A,1,0,1547,1554,SqlTaskAlert
src/integrations/prefect-databricks/prefect_databricks/models/jobs.py,class,A,1,0,1557,1565,SqlTaskDashboard
src/integrations/prefect-databricks/prefect_databricks/models/jobs.py,class,A,1,0,1569,1576,SqlTaskQuery
src/integrations/prefect-databricks/prefect_databricks/models/jobs.py,class,A,1,0,1579,1586,TaskDependency
src/integrations/prefect-databricks/prefect_databricks/models/jobs.py,class,A,1,0,1589,1598,TaskDependencies
src/integrations/prefect-databricks/prefect_databricks/models/jobs.py,class,A,1,0,1601,1606,TaskDescription
src/integrations/prefect-databricks/prefect_databricks/models/jobs.py,class,A,1,0,1627,1632,TaskKey
src/integrations/prefect-databricks/prefect_databricks/models/jobs.py,class,A,1,0,1635,1680,TerminationCode
src/integrations/prefect-databricks/prefect_databricks/models/jobs.py,class,A,1,0,1683,1780,TerminationParameter
src/integrations/prefect-databricks/prefect_databricks/models/jobs.py,class,A,1,0,1784,1796,TerminationType
src/integrations/prefect-databricks/prefect_databricks/models/jobs.py,class,A,1,0,1799,1808,TriggerType
src/integrations/prefect-databricks/prefect_databricks/models/jobs.py,class,A,1,0,1811,1816,UserName
src/integrations/prefect-databricks/prefect_databricks/models/jobs.py,class,A,1,0,1819,1826,ViewType
src/integrations/prefect-databricks/prefect_databricks/models/jobs.py,class,A,1,0,1829,1838,ViewsToExport
src/integrations/prefect-databricks/prefect_databricks/models/jobs.py,class,A,1,0,1841,1848,OnFailureItem
src/integrations/prefect-databricks/prefect_databricks/models/jobs.py,class,A,1,0,1851,1858,OnStartItem
src/integrations/prefect-databricks/prefect_databricks/models/jobs.py,class,A,1,0,1861,1868,OnSucces
src/integrations/prefect-databricks/prefect_databricks/models/jobs.py,class,A,1,0,1871,1904,WebhookNotifications
src/integrations/prefect-databricks/prefect_databricks/models/jobs.py,class,A,1,0,1908,1916,AccessControlRequestForGroup
src/integrations/prefect-databricks/prefect_databricks/models/jobs.py,class,A,1,0,1919,1927,AccessControlRequestForServicePrincipal
src/integrations/prefect-databricks/prefect_databricks/models/jobs.py,class,A,1,0,1930,1938,AccessControlRequestForUser
src/integrations/prefect-databricks/prefect_databricks/models/jobs.py,class,A,1,0,1941,1954,ClusterCloudProviderNodeInfo
src/integrations/prefect-databricks/prefect_databricks/models/jobs.py,class,A,1,0,1957,1974,ClusterLogConf
src/integrations/prefect-databricks/prefect_databricks/models/jobs.py,class,A,1,0,1981,2007,InitScriptInfo
src/integrations/prefect-databricks/prefect_databricks/models/jobs.py,class,A,1,0,2013,2074,Library
src/integrations/prefect-databricks/prefect_databricks/models/jobs.py,class,A,1,0,2078,2103,LibraryFullStatus
src/integrations/prefect-databricks/prefect_databricks/models/jobs.py,class,A,1,0,2107,2275,NewCluster
src/integrations/prefect-databricks/prefect_databricks/models/jobs.py,class,A,1,0,2282,2325,NodeType
src/integrations/prefect-databricks/prefect_databricks/models/jobs.py,class,A,1,0,2332,2364,RepairHistoryItem
src/integrations/prefect-databricks/prefect_databricks/models/jobs.py,class,A,1,0,2370,2410,SparkNode
src/integrations/prefect-databricks/prefect_databricks/models/jobs.py,class,A,1,0,2414,2435,SqlAlertOutput
src/integrations/prefect-databricks/prefect_databricks/models/jobs.py,class,A,1,0,2439,2471,SqlDashboardWidgetOutput
src/integrations/prefect-databricks/prefect_databricks/models/jobs.py,class,A,1,0,2475,2496,SqlQueryOutput
src/integrations/prefect-databricks/prefect_databricks/models/jobs.py,class,A,1,0,2500,2530,SqlTask
src/integrations/prefect-databricks/prefect_databricks/models/jobs.py,class,A,1,0,2536,2554,TerminationReason
src/integrations/prefect-databricks/prefect_databricks/models/jobs.py,class,A,1,0,2558,2574,ViewItem
src/integrations/prefect-databricks/prefect_databricks/models/jobs.py,class,A,1,0,2577,2582,AccessControlRequest
src/integrations/prefect-databricks/prefect_databricks/models/jobs.py,class,A,1,0,2585,2750,ClusterAttributes
src/integrations/prefect-databricks/prefect_databricks/models/jobs.py,class,A,1,0,2757,3043,ClusterInfo
src/integrations/prefect-databricks/prefect_databricks/models/jobs.py,class,A,1,0,3049,3060,ClusterLibraryStatuses
src/integrations/prefect-databricks/prefect_databricks/models/jobs.py,class,A,1,0,3064,3091,ClusterSpec
src/integrations/prefect-databricks/prefect_databricks/models/jobs.py,class,A,1,0,3096,3140,EventDetails
src/integrations/prefect-databricks/prefect_databricks/models/jobs.py,class,A,1,0,3146,3165,JobCluster
src/integrations/prefect-databricks/prefect_databricks/models/jobs.py,class,A,1,0,3168,3223,JobTask
src/integrations/prefect-databricks/prefect_databricks/models/jobs.py,class,A,1,0,3229,3369,JobTaskSettings
src/integrations/prefect-databricks/prefect_databricks/models/jobs.py,class,A,1,0,3375,3383,RepairHistory
src/integrations/prefect-databricks/prefect_databricks/models/jobs.py,class,A,1,0,3387,3475,RunSubmitTaskSettings
src/integrations/prefect-databricks/prefect_databricks/models/jobs.py,class,A,1,0,3479,3645,RunTask
src/integrations/prefect-databricks/prefect_databricks/models/jobs.py,class,A,1,0,3648,3658,SqlDashboardOutput
src/integrations/prefect-databricks/prefect_databricks/models/jobs.py,class,A,1,0,3663,3677,SqlOutput
src/integrations/prefect-databricks/prefect_databricks/models/jobs.py,class,A,1,0,3681,3689,AccessControlList
src/integrations/prefect-databricks/prefect_databricks/models/jobs.py,class,A,1,0,3693,3714,ClusterEvent
src/integrations/prefect-databricks/prefect_databricks/models/jobs.py,class,A,1,0,3718,3733,JobParameter
src/integrations/prefect-databricks/prefect_databricks/models/jobs.py,class,A,1,0,3737,3915,JobSettings
src/integrations/prefect-databricks/prefect_databricks/models/jobs.py,class,A,1,0,3919,4209,Run
src/integrations/prefect-databricks/prefect_databricks/models/jobs.py,class,A,1,0,4213,4315,RunSubmitSettings
src/integrations/prefect-databricks/prefect_databricks/models/jobs.py,class,A,1,0,4322,4342,RunJobParameter
src/integrations/prefect-databricks/prefect_databricks/models/jobs.py,class,A,1,0,4346,4375,Job
src/integrations/prefect-redis/prefect_redis/tasks.py,function,A,1,0,14,41,redis_set
src/integrations/prefect-redis/prefect_redis/tasks.py,function,A,1,0,46,70,redis_set_binary
src/integrations/prefect-redis/prefect_redis/tasks.py,function,A,1,0,74,90,redis_get
src/integrations/prefect-redis/prefect_redis/tasks.py,function,A,1,0,94,109,redis_get_binary
src/integrations/prefect-redis/prefect_redis/tasks.py,function,A,1,0,113,129,redis_execute
src/integrations/prefect-redis/prefect_redis/client.py,function,B,8,0,81,116,get_async_redis_client
src/integrations/prefect-redis/prefect_redis/client.py,function,A,5,0,69,77,close_all_cached_connections
src/integrations/prefect-redis/prefect_redis/client.py,function,A,3,0,49,55,_running_loop
src/integrations/prefect-redis/prefect_redis/client.py,function,A,1,0,58,66,cached
src/integrations/prefect-redis/prefect_redis/client.py,function,A,1,0,121,137,async_redis_from_settings
src/integrations/prefect-redis/prefect_redis/client.py,class,A,1,0,15,35,RedisMessagingSettings
src/integrations/prefect-redis/prefect_redis/locking.py,method,A,4,4,88,106,acquire_lock
src/integrations/prefect-redis/prefect_redis/locking.py,method,A,4,4,108,128,aacquire_lock
src/integrations/prefect-redis/prefect_redis/locking.py,class,A,3,0,11,166,RedisLockManager
src/integrations/prefect-redis/prefect_redis/locking.py,method,A,3,4,130,136,release_lock
src/integrations/prefect-redis/prefect_redis/locking.py,method,A,3,4,159,166,is_lock_holder
src/integrations/prefect-redis/prefect_redis/locking.py,method,A,2,4,138,144,wait_for_lock
src/integrations/prefect-redis/prefect_redis/locking.py,method,A,2,4,146,152,await_for_lock
src/integrations/prefect-redis/prefect_redis/locking.py,method,A,1,4,53,82,__init__
src/integrations/prefect-redis/prefect_redis/locking.py,method,A,1,4,85,86,_lock_name_for_key
src/integrations/prefect-redis/prefect_redis/locking.py,method,A,1,4,154,157,is_locked
src/integrations/prefect-redis/prefect_redis/ordering.py,method,B,8,4,166,203,wait_for_leader
src/integrations/prefect-redis/prefect_redis/ordering.py,method,B,6,4,206,263,preceding_event_confirmed
src/integrations/prefect-redis/prefect_redis/ordering.py,method,A,4,4,131,140,followers_by_id
src/integrations/prefect-redis/prefect_redis/ordering.py,class,A,3,0,46,275,CausalOrdering
src/integrations/prefect-redis/prefect_redis/ordering.py,method,A,3,4,143,150,get_followers
src/integrations/prefect-redis/prefect_redis/ordering.py,class,A,2,0,38,43,EventBeingProcessed
src/integrations/prefect-redis/prefect_redis/ordering.py,method,A,2,4,51,54,_key
src/integrations/prefect-redis/prefect_redis/ordering.py,method,A,2,4,69,71,event_has_started_processing
src/integrations/prefect-redis/prefect_redis/ordering.py,method,A,2,4,76,78,event_has_been_seen
src/integrations/prefect-redis/prefect_redis/ordering.py,method,A,2,4,83,93,record_follower
src/integrations/prefect-redis/prefect_redis/ordering.py,method,A,2,4,95,103,forget_follower
src/integrations/prefect-redis/prefect_redis/ordering.py,method,A,2,4,105,129,get_lost_followers
src/integrations/prefect-redis/prefect_redis/ordering.py,method,A,2,4,153,164,event_is_processing
src/integrations/prefect-redis/prefect_redis/ordering.py,method,A,1,4,42,43,__init__
src/integrations/prefect-redis/prefect_redis/ordering.py,method,A,1,4,47,49,__init__
src/integrations/prefect-redis/prefect_redis/ordering.py,method,A,1,4,56,67,record_event_as_processing
src/integrations/prefect-redis/prefect_redis/ordering.py,method,A,1,4,73,74,forget_event_is_processing
src/integrations/prefect-redis/prefect_redis/ordering.py,method,A,1,4,80,81,record_event_as_seen
src/integrations/prefect-redis/prefect_redis/ordering.py,method,A,1,4,265,275,_log
src/integrations/prefect-redis/prefect_redis/blocks.py,method,A,4,4,63,69,block_initialization
src/integrations/prefect-redis/prefect_redis/blocks.py,class,A,3,0,16,177,RedisDatabase
src/integrations/prefect-redis/prefect_redis/blocks.py,method,A,3,4,99,111,get_client
src/integrations/prefect-redis/prefect_redis/blocks.py,method,A,3,4,114,126,get_async_client
src/integrations/prefect-redis/prefect_redis/blocks.py,method,A,3,4,160,177,as_connection_params
src/integrations/prefect-redis/prefect_redis/blocks.py,method,A,2,4,130,157,from_connection_string
src/integrations/prefect-redis/prefect_redis/blocks.py,method,A,1,4,71,84,read_path
src/integrations/prefect-redis/prefect_redis/blocks.py,method,A,1,4,86,97,write_path
src/integrations/prefect-redis/prefect_redis/messaging.py,method,B,9,4,282,324,run
src/integrations/prefect-redis/prefect_redis/messaging.py,method,B,7,4,326,356,_handle_message
src/integrations/prefect-redis/prefect_redis/messaging.py,method,B,6,4,49,73,without_duplicates
src/integrations/prefect-redis/prefect_redis/messaging.py,method,B,6,4,181,206,_publish_current_batch
src/integrations/prefect-redis/prefect_redis/messaging.py,function,A,5,0,431,466,_trim_stream_to_lowest_delivered_id
src/integrations/prefect-redis/prefect_redis/messaging.py,method,A,5,4,155,171,__aexit__
src/integrations/prefect-redis/prefect_redis/messaging.py,class,A,5,0,209,398,Consumer
src/integrations/prefect-redis/prefect_redis/messaging.py,class,A,4,0,41,86,Cache
src/integrations/prefect-redis/prefect_redis/messaging.py,method,A,4,4,75,86,forget_duplicates
src/integrations/prefect-redis/prefect_redis/messaging.py,class,A,4,0,123,206,Publisher
src/integrations/prefect-redis/prefect_redis/messaging.py,method,A,4,4,254,280,process_pending_messages
src/integrations/prefect-redis/prefect_redis/messaging.py,function,A,3,0,402,415,ephemeral_subscription
src/integrations/prefect-redis/prefect_redis/messaging.py,class,A,3,0,89,109,RedisStreamsMessage
src/integrations/prefect-redis/prefect_redis/messaging.py,method,A,3,4,173,179,publish_data
src/integrations/prefect-redis/prefect_redis/messaging.py,method,A,3,4,214,240,__init__
src/integrations/prefect-redis/prefect_redis/messaging.py,method,A,3,4,242,252,_ensure_stream_and_group
src/integrations/prefect-redis/prefect_redis/messaging.py,method,A,3,4,391,398,_trim_stream_if_necessary
src/integrations/prefect-redis/prefect_redis/messaging.py,method,A,2,4,94,102,__init__
src/integrations/prefect-redis/prefect_redis/messaging.py,method,A,2,4,104,105,__eq__
src/integrations/prefect-redis/prefect_redis/messaging.py,method,A,2,4,107,109,acknowledge
src/integrations/prefect-redis/prefect_redis/messaging.py,class,A,2,0,112,120,Subscription
src/integrations/prefect-redis/prefect_redis/messaging.py,method,A,2,4,139,153,__aenter__
src/integrations/prefect-redis/prefect_redis/messaging.py,method,A,2,4,358,369,_on_message_failure
src/integrations/prefect-redis/prefect_redis/messaging.py,method,A,2,4,371,389,_send_to_dlq
src/integrations/prefect-redis/prefect_redis/messaging.py,function,A,1,0,419,428,break_topic
src/integrations/prefect-redis/prefect_redis/messaging.py,method,A,1,4,42,44,__init__
src/integrations/prefect-redis/prefect_redis/messaging.py,method,A,1,4,46,47,clear_recently_seen_messages
src/integrations/prefect-redis/prefect_redis/messaging.py,method,A,1,4,118,120,__init__
src/integrations/prefect-redis/prefect_redis/messaging.py,method,A,1,4,124,137,__init__
src/integrations/prefect-azure/prefect_azure/credentials.py,method,A,5,4,120,136,check_connection_string_or_account_url
src/integrations/prefect-azure/prefect_azure/credentials.py,method,A,5,4,534,547,validate_credential_kwargs
src/integrations/prefect-azure/prefect_azure/credentials.py,class,A,3,0,74,277,AzureBlobStorageCredentials
src/integrations/prefect-azure/prefect_azure/credentials.py,method,A,3,4,139,173,get_client
src/integrations/prefect-azure/prefect_azure/credentials.py,method,A,3,4,177,221,get_blob_client
src/integrations/prefect-azure/prefect_azure/credentials.py,method,A,3,4,224,266,get_container_client
src/integrations/prefect-azure/prefect_azure/credentials.py,class,A,3,0,484,599,AzureContainerInstanceCredentials
src/integrations/prefect-azure/prefect_azure/credentials.py,method,A,2,4,268,271,aclose
src/integrations/prefect-azure/prefect_azure/credentials.py,class,A,2,0,280,393,AzureCosmosDbCredentials
src/integrations/prefect-azure/prefect_azure/credentials.py,class,A,2,0,396,481,AzureMlCredentials
src/integrations/prefect-azure/prefect_azure/credentials.py,method,A,2,4,583,599,_create_credential
src/integrations/prefect-azure/prefect_azure/credentials.py,function,A,1,0,41,71,_raise_help_msg
src/integrations/prefect-azure/prefect_azure/credentials.py,method,A,1,4,273,274,__aenter__
src/integrations/prefect-azure/prefect_azure/credentials.py,method,A,1,4,276,277,__aexit__
src/integrations/prefect-azure/prefect_azure/credentials.py,method,A,1,4,306,331,get_client
src/integrations/prefect-azure/prefect_azure/credentials.py,method,A,1,4,334,362,get_database_client
src/integrations/prefect-azure/prefect_azure/credentials.py,method,A,1,4,364,393,get_container_client
src/integrations/prefect-azure/prefect_azure/credentials.py,method,A,1,4,441,481,get_workspace
src/integrations/prefect-azure/prefect_azure/credentials.py,method,A,1,4,549,563,get_container_client
src/integrations/prefect-azure/prefect_azure/credentials.py,method,A,1,4,566,580,get_resource_client
src/integrations/prefect-azure/prefect_azure/blob_storage.py,method,B,8,4,639,684,put_directory
src/integrations/prefect-azure/prefect_azure/blob_storage.py,method,A,5,4,228,235,_get_path_relative_to_base_folder
src/integrations/prefect-azure/prefect_azure/blob_storage.py,method,A,5,4,552,621,upload_from_folder
src/integrations/prefect-azure/prefect_azure/blob_storage.py,class,A,3,0,193,756,AzureBlobStorageContainer
src/integrations/prefect-azure/prefect_azure/blob_storage.py,method,A,3,4,238,310,download_folder_to_path
src/integrations/prefect-azure/prefect_azure/blob_storage.py,function,A,2,0,75,131,blob_storage_upload
src/integrations/prefect-azure/prefect_azure/blob_storage.py,function,A,2,0,135,190,blob_storage_list
src/integrations/prefect-azure/prefect_azure/blob_storage.py,method,A,2,4,313,369,download_object_to_file_object
src/integrations/prefect-azure/prefect_azure/blob_storage.py,method,A,2,4,372,435,download_object_to_path
src/integrations/prefect-azure/prefect_azure/blob_storage.py,method,A,2,4,438,492,upload_from_file_object
src/integrations/prefect-azure/prefect_azure/blob_storage.py,method,A,2,4,495,549,upload_from_path
src/integrations/prefect-azure/prefect_azure/blob_storage.py,method,A,2,4,718,756,list_blobs
src/integrations/prefect-azure/prefect_azure/blob_storage.py,function,A,1,0,26,71,blob_storage_download
src/integrations/prefect-azure/prefect_azure/blob_storage.py,method,A,1,4,624,636,get_directory
src/integrations/prefect-azure/prefect_azure/blob_storage.py,method,A,1,4,688,702,read_path
src/integrations/prefect-azure/prefect_azure/blob_storage.py,method,A,1,4,705,715,write_path
src/integrations/prefect-azure/prefect_azure/cosmos_db.py,function,A,1,0,17,92,cosmos_db_query_items
src/integrations/prefect-azure/prefect_azure/cosmos_db.py,function,A,1,0,96,162,cosmos_db_read_item
src/integrations/prefect-azure/prefect_azure/cosmos_db.py,function,A,1,0,166,236,cosmos_db_create_item
src/integrations/prefect-azure/prefect_azure/container_instance.py,class,A,1,0,84,91,ContainerGroupProvisioningState
src/integrations/prefect-azure/prefect_azure/container_instance.py,class,A,1,0,94,100,ContainerRunState
src/integrations/prefect-azure/prefect_azure/container_instance.py,class,A,1,0,103,120,ACRManagedIdentity
src/integrations/prefect-azure/prefect_azure/container_instance.py,class,A,1,0,125,126,AzureContainerInstanceJobResult
src/integrations/prefect-azure/prefect_azure/ml_datastore.py,function,B,10,0,119,204,ml_upload_datastore
src/integrations/prefect-azure/prefect_azure/ml_datastore.py,function,A,3,0,208,292,ml_register_datastore_blob_container
src/integrations/prefect-azure/prefect_azure/ml_datastore.py,function,A,2,0,61,75,_get_datastore
src/integrations/prefect-azure/prefect_azure/ml_datastore.py,function,A,1,0,25,58,ml_list_datastores
src/integrations/prefect-azure/prefect_azure/ml_datastore.py,function,A,1,0,79,115,ml_get_datastore
src/integrations/prefect-azure/prefect_azure/workers/container_instance.py,method,B,7,4,234,280,prepare_for_flow_run
src/integrations/prefect-azure/prefect_azure/workers/container_instance.py,method,B,7,4,719,790,_watch_task_and_get_exit_code
src/integrations/prefect-azure/prefect_azure/workers/container_instance.py,method,B,6,4,293,324,_add_image_registry_credentials
src/integrations/prefect-azure/prefect_azure/workers/container_instance.py,method,B,6,4,918,964,_stream_output
src/integrations/prefect-azure/prefect_azure/workers/container_instance.py,method,A,5,4,627,675,_wait_for_task_container_start
src/integrations/prefect-azure/prefect_azure/workers/container_instance.py,class,A,4,0,203,383,AzureContainerJobConfiguration
src/integrations/prefect-azure/prefect_azure/workers/container_instance.py,class,A,4,0,518,1001,AzureContainerWorker
src/integrations/prefect-azure/prefect_azure/workers/container_instance.py,method,A,4,4,534,624,run
src/integrations/prefect-azure/prefect_azure/workers/container_instance.py,method,A,4,4,792,830,_wait_for_container_group_deletion
src/integrations/prefect-azure/prefect_azure/workers/container_instance.py,method,A,3,4,369,383,_get_arm_environment
src/integrations/prefect-azure/prefect_azure/workers/container_instance.py,method,A,3,4,876,916,_get_logs
src/integrations/prefect-azure/prefect_azure/workers/container_instance.py,method,A,3,4,977,993,_provisioning_succeeded
src/integrations/prefect-azure/prefect_azure/workers/container_instance.py,method,A,2,4,282,291,_add_image
src/integrations/prefect-azure/prefect_azure/workers/container_instance.py,method,A,2,4,328,343,_add_identities
src/integrations/prefect-azure/prefect_azure/workers/container_instance.py,method,A,2,4,347,355,_add_subnets
src/integrations/prefect-azure/prefect_azure/workers/container_instance.py,method,A,2,4,967,974,_log_prefix
src/integrations/prefect-azure/prefect_azure/workers/container_instance.py,function,A,1,0,129,177,_get_default_arm_template
src/integrations/prefect-azure/prefect_azure/workers/container_instance.py,class,A,1,0,184,191,ContainerGroupProvisioningState
src/integrations/prefect-azure/prefect_azure/workers/container_instance.py,class,A,1,0,194,200,ContainerRunState
src/integrations/prefect-azure/prefect_azure/workers/container_instance.py,method,A,1,4,358,366,_add_dns_servers
src/integrations/prefect-azure/prefect_azure/workers/container_instance.py,class,A,1,0,386,510,AzureContainerVariables
src/integrations/prefect-azure/prefect_azure/workers/container_instance.py,class,A,1,0,514,515,AzureContainerWorkerResult
src/integrations/prefect-azure/prefect_azure/workers/container_instance.py,method,A,1,4,677,717,_provision_container_group
src/integrations/prefect-azure/prefect_azure/workers/container_instance.py,method,A,1,4,832,836,_get_container
src/integrations/prefect-azure/prefect_azure/workers/container_instance.py,method,A,1,4,839,849,_get_container_group
src/integrations/prefect-azure/prefect_azure/workers/container_instance.py,method,A,1,4,852,874,_get_and_stream_output
src/integrations/prefect-azure/prefect_azure/workers/container_instance.py,method,A,1,4,997,1001,_write_output_line
src/integrations/prefect-azure/prefect_azure/deployments/steps.py,function,B,9,0,46,128,push_to_azure_blob_storage
src/integrations/prefect-azure/prefect_azure/deployments/steps.py,function,A,4,0,132,203,pull_from_azure_blob_storage
src/prefect/plugins.py,function,A,5,0,43,74,load_prefect_collections
src/prefect/plugins.py,function,A,4,0,20,40,safe_load_entrypoints
src/prefect/task_runs.py,method,B,6,4,114,149,_consume_events
src/prefect/task_runs.py,method,A,5,4,88,112,start
src/prefect/task_runs.py,class,A,4,0,24,249,TaskRunWaiter
src/prefect/task_runs.py,method,A,3,4,163,206,wait_for_task_run
src/prefect/task_runs.py,method,A,2,4,151,160,stop
src/prefect/task_runs.py,method,A,2,4,209,228,add_done_callback
src/prefect/task_runs.py,method,A,2,4,231,238,instance
src/prefect/task_runs.py,method,A,2,4,241,249,_new_instance
src/prefect/task_runs.py,method,A,1,4,75,86,__init__
src/prefect/filesystems.py,method,B,10,4,333,384,put_directory
src/prefect/filesystems.py,method,B,7,4,102,127,_resolve_path
src/prefect/filesystems.py,method,B,6,4,130,162,get_directory
src/prefect/filesystems.py,method,B,6,4,287,307,_resolve_path
src/prefect/filesystems.py,method,A,5,4,471,485,filesystem
src/prefect/filesystems.py,class,A,4,0,73,245,LocalFileSystem
src/prefect/filesystems.py,method,A,4,4,180,211,put_directory
src/prefect/filesystems.py,class,A,4,0,248,422,RemoteFileSystem
src/prefect/filesystems.py,method,A,4,4,310,330,get_directory
src/prefect/filesystems.py,method,A,3,4,215,229,read_path
src/prefect/filesystems.py,method,A,3,4,232,245,write_path
src/prefect/filesystems.py,method,A,3,4,407,422,filesystem
src/prefect/filesystems.py,class,A,2,0,24,29,ReadableFileSystem
src/prefect/filesystems.py,class,A,2,0,32,41,WritableFileSystem
src/prefect/filesystems.py,class,A,2,0,44,51,ReadableDeploymentStorage
src/prefect/filesystems.py,class,A,2,0,54,70,WritableDeploymentStorage
src/prefect/filesystems.py,method,A,2,4,97,100,cast_pathlib
src/prefect/filesystems.py,class,A,2,0,425,523,SMB
src/prefect/filesystems.py,class,A,2,0,526,548,NullFileSystem
src/prefect/filesystems.py,method,A,1,4,28,29,read_path
src/prefect/filesystems.py,method,A,1,4,36,37,read_path
src/prefect/filesystems.py,method,A,1,4,40,41,write_path
src/prefect/filesystems.py,method,A,1,4,48,51,get_directory
src/prefect/filesystems.py,method,A,1,4,58,61,get_directory
src/prefect/filesystems.py,method,A,1,4,64,70,put_directory
src/prefect/filesystems.py,method,A,1,4,164,177,_get_ignore_func
src/prefect/filesystems.py,method,A,1,4,284,285,check_basepath
src/prefect/filesystems.py,method,A,1,4,387,393,read_path
src/prefect/filesystems.py,method,A,1,4,396,404,write_path
src/prefect/filesystems.py,method,A,1,4,467,468,basepath
src/prefect/filesystems.py,method,A,1,4,488,496,get_directory
src/prefect/filesystems.py,method,A,1,4,500,514,put_directory
src/prefect/filesystems.py,method,A,1,4,518,519,read_path
src/prefect/filesystems.py,method,A,1,4,522,523,write_path
src/prefect/filesystems.py,method,A,1,4,531,532,read_path
src/prefect/filesystems.py,method,A,1,4,534,535,write_path
src/prefect/filesystems.py,method,A,1,4,537,540,get_directory
src/prefect/filesystems.py,method,A,1,4,542,548,put_directory
src/prefect/tasks.py,method,F,49,4,315,529,__init__
src/prefect/tasks.py,method,D,23,4,553,722,with_options
src/prefect/tasks.py,method,D,22,4,846,961,create_local_run
src/prefect/tasks.py,method,C,20,4,745,844,create_run
src/prefect/tasks.py,function,C,11,0,138,186,_infer_parent_task_runs
src/prefect/tasks.py,method,B,8,4,1265,1427,map
src/prefect/tasks.py,class,B,6,0,240,1596,Task
src/prefect/tasks.py,function,A,5,0,189,220,_generate_task_key
src/prefect/tasks.py,method,A,5,4,1431,1534,apply_async
src/prefect/tasks.py,method,A,4,4,1083,1205,submit
src/prefect/tasks.py,function,A,3,0,1709,1906,task
src/prefect/tasks.py,method,A,3,4,1004,1037,__call__
src/prefect/tasks.py,class,A,2,0,223,229,TaskRunNameCallbackWithParameters
src/prefect/tasks.py,method,A,2,4,535,551,__get__
src/prefect/tasks.py,function,A,1,0,90,112,task_input_hash
src/prefect/tasks.py,function,A,1,0,116,135,exponential_backoff
src/prefect/tasks.py,function,A,1,0,1600,1600,task
src/prefect/tasks.py,function,A,1,0,1605,1635,task
src/prefect/tasks.py,function,A,1,0,1640,1670,task
src/prefect/tasks.py,function,A,1,0,1674,1706,task
src/prefect/tasks.py,method,A,1,4,225,227,is_callback_with_parameters
src/prefect/tasks.py,method,A,1,4,229,229,__call__
src/prefect/tasks.py,method,A,1,4,532,533,ismethod
src/prefect/tasks.py,method,A,1,4,725,727,on_completion
src/prefect/tasks.py,method,A,1,4,729,731,on_failure
src/prefect/tasks.py,method,A,1,4,733,737,on_commit
src/prefect/tasks.py,method,A,1,4,739,743,on_rollback
src/prefect/tasks.py,method,A,1,4,964,973,__call__
src/prefect/tasks.py,method,A,1,4,976,980,__call__
src/prefect/tasks.py,method,A,1,4,987,993,__call__
src/prefect/tasks.py,method,A,1,4,996,1002,__call__
src/prefect/tasks.py,method,A,1,4,1041,1045,submit
src/prefect/tasks.py,method,A,1,4,1048,1054,submit
src/prefect/tasks.py,method,A,1,4,1057,1063,submit
src/prefect/tasks.py,method,A,1,4,1066,1072,submit
src/prefect/tasks.py,method,A,1,4,1075,1081,submit
src/prefect/tasks.py,method,A,1,4,1208,1215,map
src/prefect/tasks.py,method,A,1,4,1218,1224,map
src/prefect/tasks.py,method,A,1,4,1227,1234,map
src/prefect/tasks.py,method,A,1,4,1237,1243,map
src/prefect/tasks.py,method,A,1,4,1246,1253,map
src/prefect/tasks.py,method,A,1,4,1256,1263,map
src/prefect/tasks.py,method,A,1,4,1536,1574,delay
src/prefect/tasks.py,method,A,1,4,1577,1596,serve
src/prefect/results.py,method,C,15,4,417,467,update_for_task
src/prefect/results.py,method,B,10,4,751,816,_persist_result_record
src/prefect/results.py,function,B,9,0,125,158,aresolve_result_storage
src/prefect/results.py,function,B,9,0,162,194,resolve_result_storage
src/prefect/results.py,method,B,8,4,559,626,_read
src/prefect/results.py,method,B,7,4,484,525,_exists
src/prefect/results.py,method,B,7,4,664,695,create_result_record
src/prefect/results.py,function,A,5,0,100,122,get_default_result_storage
src/prefect/results.py,function,A,5,0,315,325,result_storage_discriminator
src/prefect/results.py,method,A,5,4,393,414,update_for_flow
src/prefect/results.py,function,A,4,0,213,228,get_or_create_default_task_scheduling_storage
src/prefect/results.py,function,A,4,0,285,305,_call_explicitly_async_block_method
src/prefect/results.py,class,A,4,0,328,1015,ResultStore
src/prefect/results.py,function,A,3,0,76,96,aget_default_result_storage
src/prefect/results.py,function,A,3,0,197,209,resolve_serializer
src/prefect/results.py,function,A,3,0,259,275,should_persist_result
src/prefect/results.py,function,A,3,0,1018,1030,get_result_store
src/prefect/results.py,method,A,3,4,368,390,_from_metadata
src/prefect/results.py,method,A,3,4,551,556,_resolved_key_path
src/prefect/results.py,method,A,3,4,846,863,supports_isolation_level
src/prefect/results.py,method,A,3,4,865,886,acquire_lock
src/prefect/results.py,method,A,3,4,888,910,aacquire_lock
src/prefect/results.py,method,A,3,4,912,928,release_lock
src/prefect/results.py,method,A,3,4,941,959,is_lock_holder
src/prefect/results.py,function,A,2,0,247,255,get_default_persist_setting_for_tasks
src/prefect/results.py,function,A,2,0,278,282,_format_user_supplied_storage_key
src/prefect/results.py,method,A,2,4,362,365,result_storage_block_id
src/prefect/results.py,method,A,2,4,628,644,read
src/prefect/results.py,method,A,2,4,646,662,aread
src/prefect/results.py,method,A,2,4,699,723,write
src/prefect/results.py,method,A,2,4,726,747,awrite
src/prefect/results.py,method,A,2,4,818,829,persist_result_record
src/prefect/results.py,method,A,2,4,832,843,apersist_result_record
src/prefect/results.py,method,A,2,4,930,939,is_locked
src/prefect/results.py,method,A,2,4,961,970,wait_for_lock
src/prefect/results.py,method,A,2,4,972,981,await_for_lock
src/prefect/results.py,method,A,2,4,1002,1015,read_parameters
src/prefect/results.py,function,A,1,0,66,67,DEFAULT_STORAGE_KEY_FN
src/prefect/results.py,function,A,1,0,231,236,get_default_result_serializer
src/prefect/results.py,function,A,1,0,239,244,get_default_persist_setting
src/prefect/results.py,function,A,1,0,311,312,default_cache
src/prefect/results.py,method,A,1,4,470,481,generate_default_holder
src/prefect/results.py,method,A,1,4,527,537,exists
src/prefect/results.py,method,A,1,4,539,549,aexists
src/prefect/results.py,method,A,1,4,986,998,store_parameters
src/prefect/flow_runs.py,function,C,17,0,239,328,_in_process_pause
src/prefect/flow_runs.py,function,C,16,0,353,457,suspend_flow_run
src/prefect/flow_runs.py,function,B,9,0,57,154,wait_for_flow_run
src/prefect/flow_runs.py,function,A,4,0,461,484,resume_flow_run
src/prefect/flow_runs.py,function,A,2,0,487,492,_observed_flow_pauses
src/prefect/flow_runs.py,function,A,1,0,163,168,pause_flow_run
src/prefect/flow_runs.py,function,A,1,0,172,177,pause_flow_run
src/prefect/flow_runs.py,function,A,1,0,181,234,pause_flow_run
src/prefect/flow_runs.py,function,A,1,0,332,338,suspend_flow_run
src/prefect/flow_runs.py,function,A,1,0,342,348,suspend_flow_run
src/prefect/variables.py,method,A,5,4,38,87,aset
src/prefect/variables.py,method,A,5,4,91,136,set
src/prefect/variables.py,class,A,4,0,14,256,Variable
src/prefect/variables.py,method,A,2,4,139,167,aget
src/prefect/variables.py,method,A,2,4,171,199,get
src/prefect/variables.py,method,A,2,4,202,227,aunset
src/prefect/variables.py,method,A,2,4,231,256,unset
src/prefect/cache_policies.py,method,C,14,4,90,124,__add__
src/prefect/cache_policies.py,method,B,10,4,162,177,__post_init__
src/prefect/cache_policies.py,class,B,7,0,152,227,CompoundCachePolicy
src/prefect/cache_policies.py,method,B,7,4,328,357,compute_key
src/prefect/cache_policies.py,class,B,6,0,252,277,TaskSource
src/prefect/cache_policies.py,class,B,6,0,321,362,Inputs
src/prefect/cache_policies.py,class,A,5,0,20,124,CachePolicy
src/prefect/cache_policies.py,method,A,5,4,200,213,__add__
src/prefect/cache_policies.py,method,A,5,4,216,227,__sub__
src/prefect/cache_policies.py,method,A,5,4,259,277,compute_key
src/prefect/cache_policies.py,method,A,4,4,42,71,configure
src/prefect/cache_policies.py,method,A,4,4,179,198,compute_key
src/prefect/cache_policies.py,class,A,4,0,299,317,RunId
src/prefect/cache_policies.py,class,A,3,0,129,148,CacheKeyFnPolicy
src/prefect/cache_policies.py,class,A,3,0,281,295,FlowParameters
src/prefect/cache_policies.py,method,A,3,4,305,317,compute_key
src/prefect/cache_policies.py,method,A,2,4,82,88,__sub__
src/prefect/cache_policies.py,method,A,2,4,140,148,compute_key
src/prefect/cache_policies.py,class,A,2,0,231,248,_None
src/prefect/cache_policies.py,method,A,2,4,286,295,compute_key
src/prefect/cache_policies.py,method,A,2,4,359,362,__sub__
src/prefect/cache_policies.py,method,A,1,4,34,40,from_cache_key_fn
src/prefect/cache_policies.py,method,A,1,4,73,80,compute_key
src/prefect/cache_policies.py,method,A,1,4,237,244,compute_key
src/prefect/cache_policies.py,method,A,1,4,246,248,__add__
src/prefect/transactions.py,method,C,19,4,290,344,commit
src/prefect/transactions.py,method,B,10,4,176,207,__enter__
src/prefect/transactions.py,method,B,9,4,386,414,rollback
src/prefect/transactions.py,method,B,8,4,238,252,begin
src/prefect/transactions.py,method,B,7,4,209,236,__exit__
src/prefect/transactions.py,method,B,6,4,346,365,run_hook
src/prefect/transactions.py,function,A,5,0,426,470,transaction
src/prefect/transactions.py,class,A,5,0,56,418,Transaction
src/prefect/transactions.py,method,A,5,4,261,274,reset
src/prefect/transactions.py,method,A,4,4,99,159,get
src/prefect/transactions.py,method,A,4,4,254,259,read
src/prefect/transactions.py,method,A,4,4,368,384,stage
src/prefect/transactions.py,method,A,3,4,279,288,get_parent
src/prefect/transactions.py,function,A,1,0,421,422,get_transaction
src/prefect/transactions.py,class,A,1,0,37,39,IsolationLevel
src/prefect/transactions.py,class,A,1,0,42,45,CommitMode
src/prefect/transactions.py,class,A,1,0,48,53,TransactionState
src/prefect/transactions.py,method,A,1,4,80,97,set
src/prefect/transactions.py,method,A,1,4,161,162,is_committed
src/prefect/transactions.py,method,A,1,4,164,165,is_rolled_back
src/prefect/transactions.py,method,A,1,4,167,168,is_staged
src/prefect/transactions.py,method,A,1,4,170,171,is_pending
src/prefect/transactions.py,method,A,1,4,173,174,is_active
src/prefect/transactions.py,method,A,1,4,276,277,add_child
src/prefect/transactions.py,method,A,1,4,417,418,get_active
src/prefect/serializers.py,function,A,3,0,56,68,prefect_json_object_decoder
src/prefect/serializers.py,method,A,3,4,90,103,__new__
src/prefect/serializers.py,class,A,3,0,152,212,JSONSerializer
src/prefect/serializers.py,method,A,3,4,196,205,dumps
src/prefect/serializers.py,function,A,2,0,41,52,prefect_json_object_encoder
src/prefect/serializers.py,class,A,2,0,72,120,Serializer
src/prefect/serializers.py,method,A,2,4,77,82,__init__
src/prefect/serializers.py,method,A,2,4,118,120,__dispatch_key__
src/prefect/serializers.py,class,A,2,0,123,149,PickleSerializer
src/prefect/serializers.py,method,A,2,4,207,212,loads
src/prefect/serializers.py,class,A,2,0,215,248,CompressedSerializer
src/prefect/serializers.py,method,A,1,4,85,85,__new__
src/prefect/serializers.py,method,A,1,4,88,88,__new__
src/prefect/serializers.py,method,A,1,4,107,109,dumps
src/prefect/serializers.py,method,A,1,4,111,113,loads
src/prefect/serializers.py,method,A,1,4,139,140,check_picklelib
src/prefect/serializers.py,method,A,1,4,142,145,dumps
src/prefect/serializers.py,method,A,1,4,147,149,loads
src/prefect/serializers.py,method,A,1,4,185,188,dumps_kwargs_cannot_contain_default
src/prefect/serializers.py,method,A,1,4,191,194,loads_kwargs_cannot_contain_object_hook
src/prefect/serializers.py,method,A,1,4,233,234,validate_serializer
src/prefect/serializers.py,method,A,1,4,237,238,check_compressionlib
src/prefect/serializers.py,method,A,1,4,240,243,dumps
src/prefect/serializers.py,method,A,1,4,245,248,loads
src/prefect/serializers.py,class,A,1,0,251,258,CompressedPickleSerializer
src/prefect/serializers.py,class,A,1,0,261,268,CompressedJSONSerializer
src/prefect/__init__.py,function,B,6,0,111,125,__getattr__
src/prefect/__init__.py,class,A,1,4,35,39,VersionInfo
src/prefect/task_worker.py,method,C,12,4,90,131,__init__
src/prefect/task_worker.py,method,C,12,4,272,361,_submit_scheduled_task_run
src/prefect/task_worker.py,function,B,9,0,417,491,serve
src/prefect/task_worker.py,method,B,6,4,229,255,_subscribe_to_task_scheduling
src/prefect/task_worker.py,function,A,4,0,62,71,should_try_to_read_parameters
src/prefect/task_worker.py,class,A,4,0,74,388,TaskWorker
src/prefect/task_worker.py,method,A,4,4,172,193,start
src/prefect/task_worker.py,method,A,3,4,151,155,current_tasks
src/prefect/task_worker.py,method,A,3,4,209,217,_acquire_token
src/prefect/task_worker.py,method,A,3,4,219,227,_release_token
src/prefect/task_worker.py,method,A,3,4,363,368,execute_task_run
src/prefect/task_worker.py,method,A,2,4,147,148,limit
src/prefect/task_worker.py,method,A,2,4,159,160,available_tasks
src/prefect/task_worker.py,method,A,2,4,196,207,stop
src/prefect/task_worker.py,method,A,2,4,258,270,_safe_submit_scheduled_task_run
src/prefect/task_worker.py,method,A,2,4,370,383,__aenter__
src/prefect/task_worker.py,function,A,1,0,391,413,create_status_server
src/prefect/task_worker.py,class,A,1,0,56,59,StopTaskWorker
src/prefect/task_worker.py,method,A,1,4,135,136,client_id
src/prefect/task_worker.py,method,A,1,4,139,140,started_at
src/prefect/task_worker.py,method,A,1,4,143,144,started
src/prefect/task_worker.py,method,A,1,4,162,169,handle_sigterm
src/prefect/task_worker.py,method,A,1,4,385,388,__aexit__
src/prefect/futures.py,function,B,7,0,513,550,as_completed
src/prefect/futures.py,method,B,7,4,378,413,wait_async
src/prefect/futures.py,function,B,6,0,564,611,wait
src/prefect/futures.py,class,A,5,0,190,240,PrefectConcurrentFuture
src/prefect/futures.py,method,A,5,4,204,230,result
src/prefect/futures.py,method,A,5,4,261,296,wait_async
src/prefect/futures.py,method,A,4,4,65,83,state
src/prefect/futures.py,method,A,4,4,145,156,state
src/prefect/futures.py,method,A,4,4,232,240,__del__
src/prefect/futures.py,method,A,4,4,360,373,state
src/prefect/futures.py,method,A,4,4,440,451,add_done_callback
src/prefect/futures.py,class,A,4,0,462,510,PrefectFutureList
src/prefect/futures.py,method,A,4,4,480,510,result
src/prefect/futures.py,function,A,3,0,614,671,resolve_futures_to_states
src/prefect/futures.py,class,A,3,0,130,156,PrefectTaskRunFuture
src/prefect/futures.py,method,A,3,4,196,202,wait
src/prefect/futures.py,class,A,3,0,246,342,PrefectDistributedFuture
src/prefect/futures.py,method,A,3,4,307,320,result_async
src/prefect/futures.py,method,A,3,4,323,334,add_done_callback
src/prefect/futures.py,class,A,3,0,345,459,PrefectFlowRunFuture
src/prefect/futures.py,method,A,3,4,424,437,aresult
src/prefect/futures.py,class,A,2,0,35,127,PrefectFuture
src/prefect/futures.py,class,A,2,0,159,187,PrefectWrappedFuture
src/prefect/futures.py,method,A,2,4,177,187,add_done_callback
src/prefect/futures.py,method,A,2,4,336,339,__eq__
src/prefect/futures.py,method,A,2,4,453,456,__eq__
src/prefect/futures.py,method,A,1,4,42,50,__init__
src/prefect/futures.py,method,A,1,4,53,62,task_run_id
src/prefect/futures.py,method,A,1,4,86,88,wait
src/prefect/futures.py,method,A,1,4,99,105,result
src/prefect/futures.py,method,A,1,4,120,127,add_done_callback
src/prefect/futures.py,method,A,1,4,135,137,__init__
src/prefect/futures.py,method,A,1,4,140,142,task_run_id
src/prefect/futures.py,method,A,1,4,168,170,__init__
src/prefect/futures.py,method,A,1,4,173,175,wrapped_future
src/prefect/futures.py,method,A,1,4,258,259,wait
src/prefect/futures.py,method,A,1,4,298,304,result
src/prefect/futures.py,method,A,1,4,341,342,__hash__
src/prefect/futures.py,method,A,1,4,350,352,__init__
src/prefect/futures.py,method,A,1,4,355,357,flow_run_id
src/prefect/futures.py,method,A,1,4,375,376,wait
src/prefect/futures.py,method,A,1,4,415,421,result
src/prefect/futures.py,method,A,1,4,458,459,__hash__
src/prefect/futures.py,method,A,1,4,470,478,wait
src/prefect/futures.py,class,A,1,0,554,561,DoneAndNotDoneFutures
src/prefect/engine.py,function,B,9,0,32,86,handle_engine_signals
src/prefect/_result_records.py,method,B,8,4,148,162,coerce_old_format
src/prefect/_result_records.py,method,B,7,4,102,144,serialize_result
src/prefect/_result_records.py,method,B,6,4,74,82,__eq__
src/prefect/_result_records.py,method,A,5,4,184,213,deserialize
src/prefect/_result_records.py,class,A,4,0,39,82,ResultRecordMetadata
src/prefect/_result_records.py,class,A,4,0,86,239,ResultRecord
src/prefect/_result_records.py,method,A,2,4,235,239,__eq__
src/prefect/_result_records.py,method,A,1,4,52,59,dump_bytes
src/prefect/_result_records.py,method,A,1,4,62,72,load_bytes
src/prefect/_result_records.py,method,A,1,4,95,96,expiration
src/prefect/_result_records.py,method,A,1,4,99,100,serializer
src/prefect/_result_records.py,method,A,1,4,164,165,serialize_metadata
src/prefect/_result_records.py,method,A,1,4,167,179,serialize
src/prefect/_result_records.py,method,A,1,4,216,232,deserialize_from_result_and_metadata
src/prefect/context.py,function,B,9,0,590,639,use_profile
src/prefect/context.py,function,B,8,0,642,686,root_settings_context
src/prefect/context.py,function,B,7,0,69,115,hydrated_context
src/prefect/context.py,function,A,5,0,51,64,serialize_context
src/prefect/context.py,function,A,3,0,493,512,get_run_context
src/prefect/context.py,class,A,3,0,187,242,SyncClientContext
src/prefect/context.py,class,A,3,0,245,300,AsyncClientContext
src/prefect/context.py,class,A,3,0,330,399,EngineContext
src/prefect/context.py,class,A,3,0,462,490,SettingsContext
src/prefect/context.py,method,A,3,4,482,490,get
src/prefect/context.py,function,A,2,0,516,529,get_settings_context
src/prefect/context.py,class,A,2,0,118,183,ContextModel
src/prefect/context.py,method,A,2,4,136,142,__enter__
src/prefect/context.py,method,A,2,4,144,150,__exit__
src/prefect/context.py,method,A,2,4,219,226,__enter__
src/prefect/context.py,method,A,2,4,228,232,__exit__
src/prefect/context.py,method,A,2,4,236,242,get_or_create
src/prefect/context.py,method,A,2,4,277,284,__aenter__
src/prefect/context.py,method,A,2,4,286,290,__aexit__
src/prefect/context.py,method,A,2,4,294,300,get_or_create
src/prefect/context.py,class,A,2,0,303,326,RunContext
src/prefect/context.py,method,A,2,4,379,399,serialize
src/prefect/context.py,class,A,2,0,405,440,TaskRunContext
src/prefect/context.py,class,A,2,0,444,459,TagsContext
src/prefect/context.py,function,A,1,0,533,586,tags
src/prefect/context.py,method,A,1,8,126,126,__init__
src/prefect/context.py,method,A,1,4,153,155,get
src/prefect/context.py,method,A,1,4,157,176,model_copy
src/prefect/context.py,method,A,1,4,178,183,serialize
src/prefect/context.py,method,A,1,4,212,217,__init__
src/prefect/context.py,method,A,1,4,270,275,__init__
src/prefect/context.py,method,A,1,4,313,316,__init__
src/prefect/context.py,method,A,1,4,322,326,serialize
src/prefect/context.py,method,A,1,4,426,440,serialize
src/prefect/context.py,method,A,1,4,455,457,get
src/prefect/context.py,method,A,1,4,478,479,__hash__
src/prefect/automations.py,method,C,12,4,189,224,aread
src/prefect/automations.py,method,C,12,4,236,271,read
src/prefect/automations.py,class,A,4,0,78,425,Automation
src/prefect/automations.py,method,A,4,4,273,294,adelete
src/prefect/automations.py,method,A,4,4,297,318,delete
src/prefect/automations.py,method,A,4,4,320,344,adisable
src/prefect/automations.py,method,A,4,4,347,372,disable
src/prefect/automations.py,method,A,4,4,374,398,aenable
src/prefect/automations.py,method,A,4,4,401,425,enable
src/prefect/automations.py,method,A,2,4,140,157,aupdate
src/prefect/automations.py,method,A,2,4,160,178,update
src/prefect/automations.py,method,A,1,4,81,108,acreate
src/prefect/automations.py,method,A,1,4,111,138,create
src/prefect/automations.py,method,A,1,4,182,182,aread
src/prefect/automations.py,method,A,1,4,186,186,aread
src/prefect/automations.py,method,A,1,4,228,228,read
src/prefect/automations.py,method,A,1,4,232,232,read
src/prefect/exceptions.py,function,B,6,0,19,45,_trim_traceback
src/prefect/exceptions.py,class,A,4,0,317,344,PrefectHTTPStatusError
src/prefect/exceptions.py,class,A,3,0,153,168,ParameterTypeError
src/prefect/exceptions.py,method,A,3,4,162,168,from_validation_error
src/prefect/exceptions.py,class,A,3,0,213,230,ObjectNotFound
src/prefect/exceptions.py,method,A,3,4,325,344,from_httpx_error
src/prefect/exceptions.py,class,A,2,0,91,100,PausedRun
src/prefect/exceptions.py,class,A,2,0,130,149,ScriptError
src/prefect/exceptions.py,class,A,2,0,171,193,ParameterBindError
src/prefect/exceptions.py,class,A,2,0,196,210,SignatureMismatchError
src/prefect/exceptions.py,method,A,2,4,229,230,__str__
src/prefect/exceptions.py,class,A,2,0,233,240,ObjectAlreadyExists
src/prefect/exceptions.py,class,A,2,0,290,299,Pause
src/prefect/exceptions.py,class,A,2,0,308,314,TerminationSignal
src/prefect/exceptions.py,class,A,2,0,408,414,PrefectImportError
src/prefect/exceptions.py,class,A,2,0,429,435,ProfileSettingsValidationError
src/prefect/exceptions.py,function,A,1,0,48,53,exception_traceback
src/prefect/exceptions.py,class,A,1,0,56,57,PrefectException
src/prefect/exceptions.py,class,A,1,0,62,63,CrashedRun
src/prefect/exceptions.py,class,A,1,0,71,72,FailedRun
src/prefect/exceptions.py,class,A,1,0,81,82,CancelledRun
src/prefect/exceptions.py,method,A,1,4,96,100,__init__
src/prefect/exceptions.py,class,A,1,0,103,104,UnfinishedRun
src/prefect/exceptions.py,class,A,1,0,111,112,MissingFlowError
src/prefect/exceptions.py,class,A,1,0,117,118,UnspecifiedFlowError
src/prefect/exceptions.py,class,A,1,0,123,124,MissingResult
src/prefect/exceptions.py,method,A,1,4,135,149,__init__
src/prefect/exceptions.py,method,A,1,4,158,159,__init__
src/prefect/exceptions.py,method,A,1,4,176,177,__init__
src/prefect/exceptions.py,method,A,1,4,180,193,from_bind_failure
src/prefect/exceptions.py,method,A,1,4,199,200,__init__
src/prefect/exceptions.py,method,A,1,4,203,210,from_bad_params
src/prefect/exceptions.py,method,A,1,4,218,227,__init__
src/prefect/exceptions.py,method,A,1,4,238,240,__init__
src/prefect/exceptions.py,class,A,1,0,243,244,UpstreamTaskError
src/prefect/exceptions.py,class,A,1,0,250,251,MissingContextError
src/prefect/exceptions.py,class,A,1,0,257,258,MissingProfileError
src/prefect/exceptions.py,class,A,1,0,263,264,ReservedArgumentError
src/prefect/exceptions.py,class,A,1,0,270,271,InvalidNameError
src/prefect/exceptions.py,class,A,1,0,276,277,PrefectSignal
src/prefect/exceptions.py,class,A,1,0,282,283,Abort
src/prefect/exceptions.py,method,A,1,4,295,299,__init__
src/prefect/exceptions.py,class,A,1,0,302,303,ExternalSignal
src/prefect/exceptions.py,method,A,1,4,313,314,__init__
src/prefect/exceptions.py,class,A,1,0,348,349,MappingLengthMismatch
src/prefect/exceptions.py,class,A,1,0,354,355,MappingMissingIterable
src/prefect/exceptions.py,class,A,1,0,360,361,BlockMissingCapabilities
src/prefect/exceptions.py,class,A,1,0,366,367,ProtectedBlockError
src/prefect/exceptions.py,class,A,1,0,372,373,InvalidRepositoryURLError
src/prefect/exceptions.py,class,A,1,0,376,377,InfrastructureError
src/prefect/exceptions.py,class,A,1,0,382,383,InfrastructureNotFound
src/prefect/exceptions.py,class,A,1,0,389,390,InfrastructureNotAvailable
src/prefect/exceptions.py,class,A,1,0,396,397,NotPausedError
src/prefect/exceptions.py,class,A,1,0,400,401,FlowPauseTimeout
src/prefect/exceptions.py,class,A,1,0,404,405,FlowRunWaitTimeout
src/prefect/exceptions.py,method,A,1,4,413,414,__init__
src/prefect/exceptions.py,class,A,1,0,417,418,SerializationError
src/prefect/exceptions.py,class,A,1,0,423,424,ConfigurationError
src/prefect/exceptions.py,method,A,1,4,434,435,__init__
src/prefect/exceptions.py,class,A,1,0,438,439,HashError
src/prefect/flows.py,method,F,42,4,197,393,__init__
src/prefect/flows.py,method,D,21,4,417,547,with_options
src/prefect/flows.py,function,C,16,0,2291,2390,load_flow_from_flow_run
src/prefect/flows.py,function,C,15,0,2452,2566,_sanitize_and_load_flow
src/prefect/flows.py,method,C,15,4,549,622,validate_parameters
src/prefect/flows.py,function,C,13,0,2569,2646,load_flow_arguments_from_entrypoint
src/prefect/flows.py,method,C,12,4,1329,1543,deploy
src/prefect/flows.py,method,B,10,4,952,1104,serve
src/prefect/flows.py,function,B,9,0,1985,2028,select_flow
src/prefect/flows.py,function,B,8,0,2664,2698,_entrypoint_definition_and_source
src/prefect/flows.py,method,B,8,4,1655,1711,visualize
src/prefect/flows.py,function,B,7,0,2031,2079,load_flow_from_entrypoint
src/prefect/flows.py,class,B,7,0,138,1711,Flow
src/prefect/flows.py,function,B,6,0,2105,2180,serve
src/prefect/flows.py,method,B,6,4,624,655,serialize_parameters
src/prefect/flows.py,method,B,6,4,657,789,ato_deployment
src/prefect/flows.py,method,B,6,4,793,929,to_deployment
src/prefect/flows.py,method,B,6,4,1107,1217,afrom_source
src/prefect/flows.py,method,B,6,4,1221,1326,from_source
src/prefect/flows.py,function,A,5,0,2183,2257,aserve
src/prefect/flows.py,function,A,4,0,2082,2102,load_function_and_convert_to_flow
src/prefect/flows.py,function,A,3,0,1968,1982,_raise_on_name_with_banned_characters
src/prefect/flows.py,function,A,3,0,2260,2287,_display_serve_start_message
src/prefect/flows.py,function,A,3,0,2428,2449,safe_load_flow_from_entrypoint
src/prefect/flows.py,method,A,3,4,1579,1651,__call__
src/prefect/flows.py,method,A,3,4,1770,1948,__call__
src/prefect/flows.py,function,A,2,0,2393,2425,load_placeholder_flow
src/prefect/flows.py,class,A,2,0,114,123,FlowStateHook
src/prefect/flows.py,method,A,2,4,399,415,__get__
src/prefect/flows.py,class,A,2,0,1714,1962,FlowDecorator
src/prefect/flows.py,function,A,1,0,2649,2661,is_entrypoint_async
src/prefect/flows.py,method,A,1,4,121,123,__call__
src/prefect/flows.py,method,A,1,4,396,397,ismethod
src/prefect/flows.py,method,A,1,4,932,934,on_completion
src/prefect/flows.py,method,A,1,4,936,938,on_cancellation
src/prefect/flows.py,method,A,1,4,940,942,on_crashed
src/prefect/flows.py,method,A,1,4,944,946,on_running
src/prefect/flows.py,method,A,1,4,948,950,on_failure
src/prefect/flows.py,method,A,1,4,1546,1549,__call__
src/prefect/flows.py,method,A,1,4,1552,1554,__call__
src/prefect/flows.py,method,A,1,4,1557,1561,__call__
src/prefect/flows.py,method,A,1,4,1564,1569,__call__
src/prefect/flows.py,method,A,1,4,1572,1577,__call__
src/prefect/flows.py,method,A,1,4,1716,1716,__call__
src/prefect/flows.py,method,A,1,4,1719,1742,__call__
src/prefect/flows.py,method,A,1,4,1745,1768,__call__
src/prefect/flows.py,method,A,1,8,1959,1962,from_source
src/prefect/artifacts.py,method,B,7,4,290,304,_sanitize
src/prefect/artifacts.py,method,A,5,4,47,80,acreate
src/prefect/artifacts.py,method,A,4,4,85,118,create
src/prefect/artifacts.py,method,A,4,4,123,149,aget
src/prefect/artifacts.py,class,A,4,0,285,311,TableArtifact
src/prefect/artifacts.py,function,A,3,0,607,645,aupdate_progress_artifact
src/prefect/artifacts.py,class,A,3,0,34,250,Artifact
src/prefect/artifacts.py,method,A,3,4,153,178,get
src/prefect/artifacts.py,class,A,3,0,314,336,ProgressArtifact
src/prefect/artifacts.py,method,A,3,4,318,329,_format
src/prefect/artifacts.py,function,A,2,0,649,687,update_progress_artifact
src/prefect/artifacts.py,method,A,2,4,181,208,aget_or_create
src/prefect/artifacts.py,method,A,2,4,212,242,get_or_create
src/prefect/artifacts.py,class,A,2,0,253,270,LinkArtifact
src/prefect/artifacts.py,method,A,2,4,258,262,_format
src/prefect/artifacts.py,class,A,2,0,273,282,MarkdownArtifact
src/prefect/artifacts.py,class,A,2,0,339,362,ImageArtifact
src/prefect/artifacts.py,function,A,1,0,365,395,acreate_link_artifact
src/prefect/artifacts.py,function,A,1,0,399,429,create_link_artifact
src/prefect/artifacts.py,function,A,1,0,432,457,acreate_markdown_artifact
src/prefect/artifacts.py,function,A,1,0,461,486,create_markdown_artifact
src/prefect/artifacts.py,function,A,1,0,489,515,acreate_table_artifact
src/prefect/artifacts.py,function,A,1,0,519,545,create_table_artifact
src/prefect/artifacts.py,function,A,1,0,548,574,acreate_progress_artifact
src/prefect/artifacts.py,function,A,1,0,578,604,create_progress_artifact
src/prefect/artifacts.py,function,A,1,0,690,716,acreate_image_artifact
src/prefect/artifacts.py,function,A,1,0,720,746,create_image_artifact
src/prefect/artifacts.py,method,A,1,4,245,246,aformat
src/prefect/artifacts.py,method,A,1,4,249,250,format
src/prefect/artifacts.py,method,A,1,4,265,266,aformat
src/prefect/artifacts.py,method,A,1,4,269,270,format
src/prefect/artifacts.py,method,A,1,4,277,278,aformat
src/prefect/artifacts.py,method,A,1,4,281,282,format
src/prefect/artifacts.py,method,A,1,4,306,307,aformat
src/prefect/artifacts.py,method,A,1,4,310,311,format
src/prefect/artifacts.py,method,A,1,4,331,332,aformat
src/prefect/artifacts.py,method,A,1,4,335,336,format
src/prefect/artifacts.py,method,A,1,4,350,351,aformat
src/prefect/artifacts.py,method,A,1,4,354,362,format
src/prefect/_waiters.py,method,B,6,4,119,154,_consume_events
src/prefect/_waiters.py,method,A,5,4,93,117,start
src/prefect/_waiters.py,class,A,4,0,29,254,FlowRunWaiter
src/prefect/_waiters.py,method,A,3,4,168,211,wait_for_flow_run
src/prefect/_waiters.py,method,A,2,4,156,165,stop
src/prefect/_waiters.py,method,A,2,4,214,233,add_done_callback
src/prefect/_waiters.py,method,A,2,4,236,243,instance
src/prefect/_waiters.py,method,A,2,4,246,254,_new_instance
src/prefect/_waiters.py,method,A,1,4,80,91,__init__
src/prefect/states.py,function,D,24,0,329,467,return_value_to_state
src/prefect/states.py,function,C,18,0,471,550,get_state_exception
src/prefect/states.py,function,C,13,0,159,205,_get_state_result
src/prefect/states.py,function,B,9,0,224,273,exception_to_crashed_state
src/prefect/states.py,function,B,9,0,276,326,exception_to_failed_state
src/prefect/states.py,function,B,8,0,735,770,Paused
src/prefect/states.py,function,B,6,0,120,155,_get_state_result_data_with_retries
src/prefect/states.py,function,A,5,0,565,585,is_state_iterable
src/prefect/states.py,function,A,4,0,555,562,raise_state_exception
src/prefect/states.py,method,A,4,4,620,631,counts_message
src/prefect/states.py,function,A,3,0,48,72,to_state_create
src/prefect/states.py,function,A,3,0,83,112,get_state_result
src/prefect/states.py,function,A,3,0,208,221,format_exception
src/prefect/states.py,function,A,3,0,651,668,Scheduled
src/prefect/states.py,class,A,2,0,588,638,StateGroup
src/prefect/states.py,method,A,2,4,589,596,__init__
src/prefect/states.py,method,A,2,4,608,611,any_failed
src/prefect/states.py,method,A,2,4,634,635,_get_type_counts
src/prefect/states.py,function,A,1,0,641,648,_traced
src/prefect/states.py,function,A,1,0,671,678,Completed
src/prefect/states.py,function,A,1,0,681,687,Running
src/prefect/states.py,function,A,1,0,690,696,Failed
src/prefect/states.py,function,A,1,0,699,705,Crashed
src/prefect/states.py,function,A,1,0,708,714,Cancelling
src/prefect/states.py,function,A,1,0,717,723,Cancelled
src/prefect/states.py,function,A,1,0,726,732,Pending
src/prefect/states.py,function,A,1,0,773,792,Suspended
src/prefect/states.py,function,A,1,0,796,807,AwaitingRetry
src/prefect/states.py,function,A,1,0,811,822,AwaitingConcurrencySlot
src/prefect/states.py,function,A,1,0,826,832,Retrying
src/prefect/states.py,function,A,1,0,835,845,Late
src/prefect/states.py,method,A,1,4,599,600,fail_count
src/prefect/states.py,method,A,1,4,602,603,all_completed
src/prefect/states.py,method,A,1,4,605,606,any_cancelled
src/prefect/states.py,method,A,1,4,614,615,any_paused
src/prefect/states.py,method,A,1,4,617,618,all_final
src/prefect/states.py,method,A,1,4,637,638,__repr__
src/prefect/flow_engine.py,method,C,20,4,528,582,call_hooks
src/prefect/flow_engine.py,method,C,20,4,1096,1150,call_hooks
src/prefect/flow_engine.py,method,C,13,4,1233,1308,initialize_run
src/prefect/flow_engine.py,method,C,11,4,667,734,initialize_run
src/prefect/flow_engine.py,method,B,9,4,585,664,setup_run_context
src/prefect/flow_engine.py,method,B,9,4,1153,1230,setup_run_context
src/prefect/flow_engine.py,function,B,8,0,1449,1489,run_generator_flow_async
src/prefect/flow_engine.py,function,B,8,0,1492,1545,run_flow
src/prefect/flow_engine.py,method,B,8,4,444,491,load_subflow_run
src/prefect/flow_engine.py,method,B,8,4,1014,1061,load_subflow_run
src/prefect/flow_engine.py,function,B,7,0,1408,1446,run_generator_flow_sync
src/prefect/flow_engine.py,method,B,7,4,336,363,result
src/prefect/flow_engine.py,method,B,7,4,905,932,result
src/prefect/flow_engine.py,method,B,6,4,195,225,_update_otel_labels
src/prefect/flow_engine.py,class,B,6,0,230,788,FlowRunEngine
src/prefect/flow_engine.py,method,B,6,4,280,317,begin_run
src/prefect/flow_engine.py,class,B,6,0,792,1357,AsyncFlowRunEngine
src/prefect/flow_engine.py,method,B,6,4,849,886,begin_run
src/prefect/flow_engine.py,method,A,5,4,241,265,_resolve_parameters
src/prefect/flow_engine.py,method,A,5,4,810,834,_resolve_parameters
src/prefect/flow_engine.py,class,A,4,0,153,225,BaseFlowRunEngine
src/prefect/flow_engine.py,method,A,4,4,170,175,__post_init__
src/prefect/flow_engine.py,method,A,4,4,384,415,handle_exception
src/prefect/flow_engine.py,method,A,4,4,493,525,create_flow_run
src/prefect/flow_engine.py,method,A,4,4,755,772,run_context
src/prefect/flow_engine.py,method,A,4,4,951,980,handle_exception
src/prefect/flow_engine.py,method,A,4,4,1063,1093,create_flow_run
src/prefect/flow_engine.py,method,A,4,4,1329,1346,run_context
src/prefect/flow_engine.py,function,A,3,0,130,143,load_flow
src/prefect/flow_engine.py,function,A,3,0,1360,1381,run_flow_sync
src/prefect/flow_engine.py,function,A,3,0,1384,1405,run_flow_async
src/prefect/flow_engine.py,function,A,3,0,1548,1562,_flow_parameters
src/prefect/flow_engine.py,method,A,3,4,236,239,client
src/prefect/flow_engine.py,method,A,3,4,805,808,client
src/prefect/flow_engine.py,function,A,2,0,1565,1639,run_flow_in_subprocess
src/prefect/flow_engine.py,method,A,2,4,181,184,is_running
src/prefect/flow_engine.py,method,A,2,4,186,189,is_pending
src/prefect/flow_engine.py,method,A,2,4,191,193,cancel_all_tasks
src/prefect/flow_engine.py,method,A,2,4,267,277,_wait_for_dependencies
src/prefect/flow_engine.py,method,A,2,4,319,334,set_state
src/prefect/flow_engine.py,method,A,2,4,365,382,handle_success
src/prefect/flow_engine.py,method,A,2,4,417,433,handle_timeout
src/prefect/flow_engine.py,method,A,2,4,435,442,handle_crash
src/prefect/flow_engine.py,method,A,2,4,743,752,start
src/prefect/flow_engine.py,method,A,2,4,774,788,call_flow_fn
src/prefect/flow_engine.py,method,A,2,4,836,846,_wait_for_dependencies
src/prefect/flow_engine.py,method,A,2,4,888,903,set_state
src/prefect/flow_engine.py,method,A,2,4,934,949,handle_success
src/prefect/flow_engine.py,method,A,2,4,982,999,handle_timeout
src/prefect/flow_engine.py,method,A,2,4,1317,1326,start
src/prefect/flow_engine.py,method,A,2,4,1348,1357,call_flow_fn
src/prefect/flow_engine.py,function,A,1,0,124,127,load_flow_run
src/prefect/flow_engine.py,function,A,1,0,146,149,load_flow_and_flow_run
src/prefect/flow_engine.py,class,A,1,0,120,121,FlowRunTimeoutError
src/prefect/flow_engine.py,method,A,1,4,178,179,state
src/prefect/flow_engine.py,method,A,1,4,1001,1012,handle_crash
src/prefect/task_engine.py,method,C,12,4,344,377,call_hooks
src/prefect/task_engine.py,method,C,12,4,878,911,call_hooks
src/prefect/task_engine.py,function,B,10,0,1475,1528,run_generator_task_async
src/prefect/task_engine.py,method,B,10,4,379,429,begin_run
src/prefect/task_engine.py,function,B,9,0,1420,1472,run_generator_task_sync
src/prefect/task_engine.py,method,B,9,4,148,174,compute_transaction_key
src/prefect/task_engine.py,method,B,8,4,655,727,initialize_run
src/prefect/task_engine.py,method,B,8,4,913,962,begin_run
src/prefect/task_engine.py,method,B,8,4,1188,1258,initialize_run
src/prefect/task_engine.py,method,B,7,4,522,564,handle_retry
src/prefect/task_engine.py,method,B,7,4,1055,1097,handle_retry
src/prefect/task_engine.py,method,B,6,4,245,280,log_finished_message
src/prefect/task_engine.py,class,B,6,0,300,831,SyncTaskRunEngine
src/prefect/task_engine.py,method,B,6,4,431,471,set_state
src/prefect/task_engine.py,method,B,6,4,611,652,setup_run_context
src/prefect/task_engine.py,class,B,6,0,835,1363,AsyncTaskRunEngine
src/prefect/task_engine.py,method,B,6,4,964,1005,set_state
src/prefect/task_engine.py,method,B,6,4,1145,1185,setup_run_context
src/prefect/task_engine.py,function,A,5,0,1557,1603,run_task
src/prefect/task_engine.py,class,A,5,0,111,295,BaseTaskRunEngine
src/prefect/task_engine.py,method,A,5,4,176,200,_resolve_parameters
src/prefect/task_engine.py,method,A,5,4,232,237,record_terminal_state_timing
src/prefect/task_engine.py,method,A,5,4,310,342,can_retry
src/prefect/task_engine.py,method,A,5,4,473,486,result
src/prefect/task_engine.py,method,A,5,4,765,789,transaction_context
src/prefect/task_engine.py,method,A,5,4,845,876,can_retry
src/prefect/task_engine.py,method,A,5,4,1007,1020,result
src/prefect/task_engine.py,method,A,5,4,1298,1321,transaction_context
src/prefect/task_engine.py,method,A,5,4,1344,1363,call_task_fn
src/prefect/task_engine.py,method,A,4,4,139,146,is_cancelled
src/prefect/task_engine.py,method,A,4,4,202,217,_set_custom_task_run_name
src/prefect/task_engine.py,method,A,4,4,729,737,wait_until_ready
src/prefect/task_engine.py,method,A,4,4,792,810,run_context
src/prefect/task_engine.py,method,A,4,4,812,831,call_task_fn
src/prefect/task_engine.py,method,A,4,4,1260,1268,wait_until_ready
src/prefect/task_engine.py,method,A,4,4,1324,1342,run_context
src/prefect/task_engine.py,function,A,3,0,1366,1390,run_task_sync
src/prefect/task_engine.py,function,A,3,0,1393,1417,run_task_async
src/prefect/task_engine.py,method,A,3,4,134,137,state
src/prefect/task_engine.py,method,A,3,4,239,243,is_running
src/prefect/task_engine.py,method,A,3,4,305,308,client
src/prefect/task_engine.py,method,A,3,4,488,520,handle_success
src/prefect/task_engine.py,method,A,3,4,566,582,handle_exception
src/prefect/task_engine.py,method,A,3,4,584,598,handle_timeout
src/prefect/task_engine.py,method,A,3,4,840,843,client
src/prefect/task_engine.py,method,A,3,4,1022,1053,handle_success
src/prefect/task_engine.py,method,A,3,4,1115,1131,handle_timeout
src/prefect/task_engine.py,method,A,2,4,129,131,__post_init__
src/prefect/task_engine.py,method,A,2,4,219,229,_wait_for_dependencies
src/prefect/task_engine.py,method,A,2,4,283,295,handle_rollback
src/prefect/task_engine.py,method,A,2,4,600,608,handle_crash
src/prefect/task_engine.py,method,A,2,4,747,762,start
src/prefect/task_engine.py,method,A,2,4,1099,1113,handle_exception
src/prefect/task_engine.py,method,A,2,4,1278,1295,start
src/prefect/task_engine.py,function,A,1,0,1532,1541,run_task
src/prefect/task_engine.py,function,A,1,0,1545,1554,run_task
src/prefect/task_engine.py,class,A,1,0,106,107,TaskRunTimeoutError
src/prefect/task_engine.py,method,A,1,4,1133,1142,handle_crash
src/prefect/task_runners.py,method,C,15,4,108,215,map
src/prefect/task_runners.py,method,A,5,4,262,327,submit
src/prefect/task_runners.py,class,A,3,0,53,227,TaskRunner
src/prefect/task_runners.py,method,A,3,4,231,239,__init__
src/prefect/task_runners.py,method,A,3,4,353,360,cancel_all
src/prefect/task_runners.py,method,A,3,4,409,443,submit
src/prefect/task_runners.py,method,A,2,4,217,223,__enter__
src/prefect/task_runners.py,class,A,2,0,230,377,ThreadPoolTaskRunner
src/prefect/task_runners.py,method,A,2,4,367,372,__exit__
src/prefect/task_runners.py,method,A,2,4,374,377,__eq__
src/prefect/task_runners.py,class,A,2,0,384,468,PrefectTaskRunner
src/prefect/task_runners.py,method,A,1,4,65,67,__init__
src/prefect/task_runners.py,method,A,1,4,70,72,name
src/prefect/task_runners.py,method,A,1,4,75,77,duplicate
src/prefect/task_runners.py,method,A,1,4,81,87,submit
src/prefect/task_runners.py,method,A,1,4,91,97,submit
src/prefect/task_runners.py,method,A,1,4,100,106,submit
src/prefect/task_runners.py,method,A,1,4,225,227,__exit__
src/prefect/task_runners.py,method,A,1,4,241,242,duplicate
src/prefect/task_runners.py,method,A,1,4,245,251,submit
src/prefect/task_runners.py,method,A,1,4,254,260,submit
src/prefect/task_runners.py,method,A,1,4,330,335,map
src/prefect/task_runners.py,method,A,1,4,338,343,map
src/prefect/task_runners.py,method,A,1,4,345,351,map
src/prefect/task_runners.py,method,A,1,4,362,365,__enter__
src/prefect/task_runners.py,method,A,1,4,385,386,__init__
src/prefect/task_runners.py,method,A,1,4,388,389,duplicate
src/prefect/task_runners.py,method,A,1,4,392,398,submit
src/prefect/task_runners.py,method,A,1,4,401,407,submit
src/prefect/task_runners.py,method,A,1,4,447,452,map
src/prefect/task_runners.py,method,A,1,4,455,460,map
src/prefect/task_runners.py,method,A,1,4,462,468,map
src/prefect/schedules.py,class,B,7,0,19,69,Schedule
src/prefect/schedules.py,method,B,6,4,55,69,__post_init__
src/prefect/schedules.py,function,A,4,0,128,183,Interval
src/prefect/schedules.py,function,A,2,0,72,124,Cron
src/prefect/schedules.py,function,A,2,0,187,230,RRule
src/prefect/blocks/abstract.py,class,A,3,0,37,64,CredentialsBlock
src/prefect/blocks/abstract.py,class,A,3,0,164,188,JobBlock
src/prefect/blocks/abstract.py,method,A,2,4,47,60,logger
src/prefect/blocks/abstract.py,class,A,2,0,73,77,NotificationError
src/prefect/blocks/abstract.py,class,A,2,0,80,126,NotificationBlock
src/prefect/blocks/abstract.py,method,A,2,4,89,102,logger
src/prefect/blocks/abstract.py,class,A,2,0,129,159,JobRun
src/prefect/blocks/abstract.py,method,A,2,4,136,149,logger
src/prefect/blocks/abstract.py,method,A,2,4,171,184,logger
src/prefect/blocks/abstract.py,class,A,2,0,199,357,DatabaseBlock
src/prefect/blocks/abstract.py,method,A,2,4,215,228,logger
src/prefect/blocks/abstract.py,class,A,2,0,361,481,ObjectStorageBlock
src/prefect/blocks/abstract.py,method,A,2,4,368,381,logger
src/prefect/blocks/abstract.py,class,A,2,0,494,526,SecretBlock
src/prefect/blocks/abstract.py,method,A,2,4,500,513,logger
src/prefect/blocks/abstract.py,method,A,1,4,63,64,get_client
src/prefect/blocks/abstract.py,method,A,1,4,76,77,__init__
src/prefect/blocks/abstract.py,method,A,1,4,105,106,notify
src/prefect/blocks/abstract.py,method,A,1,4,117,126,raise_on_failure
src/prefect/blocks/abstract.py,method,A,1,4,152,153,wait_for_completion
src/prefect/blocks/abstract.py,method,A,1,4,158,159,fetch_result
src/prefect/blocks/abstract.py,method,A,1,4,187,188,trigger
src/prefect/blocks/abstract.py,method,A,1,4,231,237,fetch_one
src/prefect/blocks/abstract.py,method,A,1,4,251,258,fetch_many
src/prefect/blocks/abstract.py,method,A,1,4,273,279,fetch_all
src/prefect/blocks/abstract.py,method,A,1,4,293,299,execute
src/prefect/blocks/abstract.py,method,A,1,4,310,316,execute_many
src/prefect/blocks/abstract.py,method,A,1,4,328,333,__aenter__
src/prefect/blocks/abstract.py,method,A,1,4,336,341,__aexit__
src/prefect/blocks/abstract.py,method,A,1,4,344,349,__enter__
src/prefect/blocks/abstract.py,method,A,1,4,352,357,__exit__
src/prefect/blocks/abstract.py,method,A,1,4,384,390,download_object_to_path
src/prefect/blocks/abstract.py,method,A,1,4,403,409,download_object_to_file_object
src/prefect/blocks/abstract.py,method,A,1,4,423,429,download_folder_to_path
src/prefect/blocks/abstract.py,method,A,1,4,442,445,upload_from_path
src/prefect/blocks/abstract.py,method,A,1,4,458,461,upload_from_file_object
src/prefect/blocks/abstract.py,method,A,1,4,475,481,upload_from_folder
src/prefect/blocks/abstract.py,method,A,1,4,516,517,read_secret
src/prefect/blocks/abstract.py,method,A,1,4,525,526,write_secret
src/prefect/blocks/system.py,class,A,4,0,119,172,Secret
src/prefect/blocks/system.py,method,A,3,4,165,172,get
src/prefect/blocks/system.py,method,A,2,4,157,163,validate_value
src/prefect/blocks/system.py,class,A,1,0,33,54,JSON
src/prefect/blocks/system.py,class,A,1,0,62,83,String
src/prefect/blocks/system.py,class,A,1,0,91,115,DateTime
src/prefect/blocks/webhook.py,class,A,3,0,19,76,Webhook
src/prefect/blocks/webhook.py,method,A,2,4,55,59,block_initialization
src/prefect/blocks/webhook.py,method,A,2,4,61,76,call
src/prefect/blocks/core.py,method,D,21,4,474,562,_to_block_document
src/prefect/blocks/core.py,method,C,14,4,1322,1416,_save
src/prefect/blocks/core.py,function,C,13,0,149,183,_collect_secret_fields
src/prefect/blocks/core.py,method,B,10,4,628,663,get_code_example
src/prefect/blocks/core.py,method,B,10,4,1226,1319,register_type_and_schema
src/prefect/blocks/core.py,method,B,7,4,362,386,ser_model
src/prefect/blocks/core.py,method,B,7,4,1085,1148,load_from_ref
src/prefect/blocks/core.py,function,B,6,0,97,112,_collect_nested_reference_strings
src/prefect/blocks/core.py,function,B,6,0,232,279,schema_extra
src/prefect/blocks/core.py,method,B,6,4,605,625,get_description
src/prefect/blocks/core.py,method,B,6,4,869,893,_get_block_document_by_id
src/prefect/blocks/core.py,method,B,6,4,1151,1205,_load_from_block_document
src/prefect/blocks/core.py,method,B,6,4,1536,1576,model_dump
src/prefect/blocks/core.py,function,A,5,0,115,136,_get_non_block_reference_definitions
src/prefect/blocks/core.py,function,A,5,0,187,220,_should_update_block_type
src/prefect/blocks/core.py,class,A,5,0,283,1576,Block
src/prefect/blocks/core.py,method,A,5,4,438,472,_calculate_schema_checksum
src/prefect/blocks/core.py,method,A,5,4,1212,1221,annotation_refers_to_block_class
src/prefect/blocks/core.py,method,A,5,4,1488,1512,model_json_schema
src/prefect/blocks/core.py,method,A,4,4,312,316,__repr_args__
src/prefect/blocks/core.py,method,A,4,4,397,406,get_block_capabilities
src/prefect/blocks/core.py,method,A,4,4,411,424,_get_current_package_version
src/prefect/blocks/core.py,method,A,4,4,702,746,_from_block_document
src/prefect/blocks/core.py,method,A,4,4,791,816,_define_metadata_on_nested_blocks
src/prefect/blocks/core.py,function,A,3,0,139,146,_is_subclass
src/prefect/blocks/core.py,method,A,3,4,566,586,_to_block_schema
src/prefect/blocks/core.py,method,A,3,4,751,767,_event_method_called_resources
src/prefect/blocks/core.py,method,A,3,4,820,841,_aget_block_document
src/prefect/blocks/core.py,method,A,3,4,844,865,_get_block_document
src/prefect/blocks/core.py,method,A,3,4,897,982,aload
src/prefect/blocks/core.py,method,A,3,4,1442,1451,delete
src/prefect/blocks/core.py,method,A,3,4,1515,1533,model_validate
src/prefect/blocks/core.py,function,A,2,0,81,87,block_schema_to_key
src/prefect/blocks/core.py,method,A,2,4,356,359,__dispatch_key__
src/prefect/blocks/core.py,method,A,2,4,389,390,get_block_type_name
src/prefect/blocks/core.py,method,A,2,4,393,394,get_block_type_slug
src/prefect/blocks/core.py,method,A,2,4,427,428,get_block_schema_version
src/prefect/blocks/core.py,method,A,2,4,590,602,_parse_docstring
src/prefect/blocks/core.py,method,A,2,4,666,679,_generate_code_example
src/prefect/blocks/core.py,method,A,2,4,684,698,_to_block_type
src/prefect/blocks/core.py,method,A,2,4,986,1080,load
src/prefect/blocks/core.py,method,A,2,4,1453,1463,__new__
src/prefect/blocks/core.py,method,A,2,4,1465,1485,get_block_placeholder
src/prefect/blocks/core.py,class,A,1,0,90,91,InvalidBlockRegistration
src/prefect/blocks/core.py,class,A,1,0,223,229,BlockNotSavedError
src/prefect/blocks/core.py,method,A,1,4,305,307,__init__
src/prefect/blocks/core.py,method,A,1,4,309,310,__str__
src/prefect/blocks/core.py,method,A,1,4,319,320,block_initialization
src/prefect/blocks/core.py,method,A,1,4,431,434,_to_block_schema_reference_dict
src/prefect/blocks/core.py,method,A,1,4,748,749,_event_kind
src/prefect/blocks/core.py,method,A,1,4,773,777,get_block_class_from_schema
src/prefect/blocks/core.py,method,A,1,4,780,789,get_block_class_from_key
src/prefect/blocks/core.py,method,A,1,4,1208,1209,is_block_class
src/prefect/blocks/core.py,method,A,1,4,1419,1437,save
src/prefect/blocks/redis.py,method,A,5,4,66,73,block_initialization
src/prefect/blocks/redis.py,method,A,5,4,102,118,_client
src/prefect/blocks/redis.py,class,A,4,0,23,172,RedisStorageContainer
src/prefect/blocks/redis.py,method,A,3,4,121,144,from_host
src/prefect/blocks/redis.py,method,A,2,4,147,172,from_connection_string
src/prefect/blocks/redis.py,method,A,1,4,77,87,read_path
src/prefect/blocks/redis.py,method,A,1,4,90,99,write_path
src/prefect/blocks/notifications.py,class,C,11,0,417,538,OpsgenieWebhook
src/prefect/blocks/notifications.py,method,B,10,4,505,538,block_initialization
src/prefect/blocks/notifications.py,method,B,7,4,842,858,block_initialization
src/prefect/blocks/notifications.py,class,A,5,0,78,111,AppriseNotificationBlock
src/prefect/blocks/notifications.py,method,A,4,4,63,75,notify
src/prefect/blocks/notifications.py,method,A,4,4,98,111,notify
src/prefect/blocks/notifications.py,class,A,4,0,204,341,PagerDutyWebHook
src/prefect/blocks/notifications.py,class,A,4,0,738,872,CustomWebhookNotificationBlock
src/prefect/blocks/notifications.py,class,A,3,0,20,75,AbstractAppriseNotificationBlock
src/prefect/blocks/notifications.py,class,A,3,0,146,201,MicrosoftTeamsWebhook
src/prefect/blocks/notifications.py,method,A,3,4,323,341,notify
src/prefect/blocks/notifications.py,class,A,3,0,344,414,TwilioSMS
src/prefect/blocks/notifications.py,class,A,3,0,541,631,MattermostWebhook
src/prefect/blocks/notifications.py,class,A,3,0,634,735,DiscordWebhook
src/prefect/blocks/notifications.py,class,A,3,0,875,938,SendgridEmail
src/prefect/blocks/notifications.py,method,A,2,4,35,43,__init__
src/prefect/blocks/notifications.py,method,A,2,4,187,201,block_initialization
src/prefect/blocks/notifications.py,method,A,2,4,296,320,block_initialization
src/prefect/blocks/notifications.py,method,A,2,4,396,414,block_initialization
src/prefect/blocks/notifications.py,method,A,2,4,609,631,block_initialization
src/prefect/blocks/notifications.py,method,A,2,4,714,735,block_initialization
src/prefect/blocks/notifications.py,method,A,2,4,815,839,_build_request_args
src/prefect/blocks/notifications.py,method,A,2,4,920,938,block_initialization
src/prefect/blocks/notifications.py,method,A,1,4,45,57,_start_apprise_client
src/prefect/blocks/notifications.py,method,A,1,4,59,60,block_initialization
src/prefect/blocks/notifications.py,class,A,1,0,116,142,SlackWebhook
src/prefect/blocks/notifications.py,method,A,1,4,861,872,notify
src/prefect/_internal/retries.py,function,A,1,0,15,19,exponential_backoff_with_jitter
src/prefect/_internal/retries.py,function,A,1,0,22,76,retry_async_fn
src/prefect/_internal/_logging.py,class,A,2,0,14,31,SafeLogger
src/prefect/_internal/_logging.py,function,A,1,4,8,9,getLevelNamesMapping
src/prefect/_internal/_logging.py,method,A,1,4,19,26,isEnabledFor
src/prefect/_internal/_logging.py,method,A,1,4,28,31,getChild
src/prefect/_internal/compatibility/async_dispatch.py,function,B,6,0,45,61,_is_acceptable_callable
src/prefect/_internal/compatibility/async_dispatch.py,function,A,4,0,17,42,is_in_async_context
src/prefect/_internal/compatibility/async_dispatch.py,function,A,3,0,64,98,async_dispatch
src/prefect/_internal/compatibility/deprecated.py,function,B,7,0,53,82,generate_deprecation_message
src/prefect/_internal/compatibility/deprecated.py,function,A,2,0,138,187,deprecated_parameter
src/prefect/_internal/compatibility/deprecated.py,function,A,2,0,194,267,deprecated_field
src/prefect/_internal/compatibility/deprecated.py,function,A,1,0,85,107,deprecated_callable
src/prefect/_internal/compatibility/deprecated.py,function,A,1,0,110,135,deprecated_class
src/prefect/_internal/compatibility/deprecated.py,function,A,1,0,270,276,inject_renamed_module_alias_finder
src/prefect/_internal/compatibility/deprecated.py,function,A,1,0,279,297,register_renamed_module
src/prefect/_internal/compatibility/deprecated.py,class,A,1,0,47,48,PrefectDeprecationWarning
src/prefect/_internal/compatibility/migration.py,function,A,3,0,89,117,import_string_class_method
src/prefect/_internal/compatibility/migration.py,function,A,1,0,120,166,getattr_migration
src/prefect/_internal/schemas/fields.py,class,A,1,0,7,15,CreatedBy
src/prefect/_internal/schemas/fields.py,class,A,1,0,19,27,UpdatedBy
src/prefect/_internal/schemas/validators.py,function,B,8,0,269,293,default_timezone
src/prefect/_internal/schemas/validators.py,function,B,7,0,90,133,validate_values_conform_to_schema
src/prefect/_internal/schemas/validators.py,function,A,5,0,213,243,remove_old_deployment_fields
src/prefect/_internal/schemas/validators.py,function,A,5,0,296,307,validate_cron_string
src/prefect/_internal/schemas/validators.py,function,A,5,0,552,566,set_run_policy_deprecated_fields
src/prefect/_internal/schemas/validators.py,function,A,4,0,160,175,validate_parameter_openapi_schema
src/prefect/_internal/schemas/validators.py,function,A,4,0,347,364,validate_basepath
src/prefect/_internal/schemas/validators.py,function,A,4,0,370,387,validate_picklelib
src/prefect/_internal/schemas/validators.py,function,A,4,0,426,448,validate_compressionlib
src/prefect/_internal/schemas/validators.py,function,A,4,0,489,497,validate_message_template_variables
src/prefect/_internal/schemas/validators.py,function,A,4,0,518,525,validate_max_metadata_length
src/prefect/_internal/schemas/validators.py,function,A,4,0,590,598,validate_parent_and_ref_diff
src/prefect/_internal/schemas/validators.py,function,A,3,0,53,62,raise_on_name_alphanumeric_dashes_only
src/prefect/_internal/schemas/validators.py,function,A,3,0,77,87,raise_on_name_alphanumeric_underscores_only
src/prefect/_internal/schemas/validators.py,function,A,3,0,178,181,convert_to_strings
src/prefect/_internal/schemas/validators.py,function,A,3,0,187,196,reconcile_schedules_runner
src/prefect/_internal/schemas/validators.py,function,A,3,0,207,210,validate_schedule_max_scheduled_runs
src/prefect/_internal/schemas/validators.py,function,A,3,0,314,330,validate_rrule_string
src/prefect/_internal/schemas/validators.py,function,A,3,0,460,463,list_length_50_or_less
src/prefect/_internal/schemas/validators.py,function,A,3,0,475,478,validate_not_negative
src/prefect/_internal/schemas/validators.py,function,A,3,0,539,549,validate_cache_key_length
src/prefect/_internal/schemas/validators.py,function,A,3,0,601,606,validate_name_present_on_nonanonymous_blocks
src/prefect/_internal/schemas/validators.py,function,A,2,0,139,147,validate_parameters_conform_to_schema
src/prefect/_internal/schemas/validators.py,function,A,2,0,246,252,reconcile_paused_deployment
src/prefect/_internal/schemas/validators.py,function,A,2,0,336,337,get_or_create_run_name
src/prefect/_internal/schemas/validators.py,function,A,2,0,390,395,validate_dump_kwargs
src/prefect/_internal/schemas/validators.py,function,A,2,0,398,405,validate_load_kwargs
src/prefect/_internal/schemas/validators.py,function,A,2,0,416,423,cast_type_names_to_serializers
src/prefect/_internal/schemas/validators.py,function,A,2,0,500,507,validate_default_queue_id_not_none
src/prefect/_internal/schemas/validators.py,function,A,2,0,580,584,return_v_or_none
src/prefect/_internal/schemas/validators.py,function,A,2,0,620,624,validate_working_dir
src/prefect/_internal/schemas/validators.py,function,A,2,0,641,644,validate_block_document_name
src/prefect/_internal/schemas/validators.py,function,A,2,0,660,663,validate_variable_name
src/prefect/_internal/schemas/validators.py,function,A,1,0,42,44,raise_on_name_alphanumeric_dashes_only
src/prefect/_internal/schemas/validators.py,function,A,1,0,48,50,raise_on_name_alphanumeric_dashes_only
src/prefect/_internal/schemas/validators.py,function,A,1,0,66,68,raise_on_name_alphanumeric_underscores_only
src/prefect/_internal/schemas/validators.py,function,A,1,0,72,74,raise_on_name_alphanumeric_underscores_only
src/prefect/_internal/schemas/validators.py,function,A,1,0,151,151,validate_parameter_openapi_schema
src/prefect/_internal/schemas/validators.py,function,A,1,0,155,157,validate_parameter_openapi_schema
src/prefect/_internal/schemas/validators.py,function,A,1,0,200,200,validate_schedule_max_scheduled_runs
src/prefect/_internal/schemas/validators.py,function,A,1,0,204,204,validate_schedule_max_scheduled_runs
src/prefect/_internal/schemas/validators.py,function,A,1,0,255,256,default_anchor_date
src/prefect/_internal/schemas/validators.py,function,A,1,0,260,260,default_timezone
src/prefect/_internal/schemas/validators.py,function,A,1,0,264,266,default_timezone
src/prefect/_internal/schemas/validators.py,function,A,1,0,343,344,stringify_path
src/prefect/_internal/schemas/validators.py,function,A,1,0,409,409,cast_type_names_to_serializers
src/prefect/_internal/schemas/validators.py,function,A,1,0,413,413,cast_type_names_to_serializers
src/prefect/_internal/schemas/validators.py,function,A,1,0,453,453,list_length_50_or_less
src/prefect/_internal/schemas/validators.py,function,A,1,0,457,457,list_length_50_or_less
src/prefect/_internal/schemas/validators.py,function,A,1,0,468,468,validate_not_negative
src/prefect/_internal/schemas/validators.py,function,A,1,0,472,472,validate_not_negative
src/prefect/_internal/schemas/validators.py,function,A,1,0,482,482,validate_message_template_variables
src/prefect/_internal/schemas/validators.py,function,A,1,0,486,486,validate_message_template_variables
src/prefect/_internal/schemas/validators.py,function,A,1,0,511,511,validate_max_metadata_length
src/prefect/_internal/schemas/validators.py,function,A,1,0,515,515,validate_max_metadata_length
src/prefect/_internal/schemas/validators.py,function,A,1,0,532,532,validate_cache_key_length
src/prefect/_internal/schemas/validators.py,function,A,1,0,536,536,validate_cache_key_length
src/prefect/_internal/schemas/validators.py,function,A,1,0,573,573,return_v_or_none
src/prefect/_internal/schemas/validators.py,function,A,1,0,577,577,return_v_or_none
src/prefect/_internal/schemas/validators.py,function,A,1,0,613,613,validate_working_dir
src/prefect/_internal/schemas/validators.py,function,A,1,0,617,617,validate_working_dir
src/prefect/_internal/schemas/validators.py,function,A,1,0,634,634,validate_block_document_name
src/prefect/_internal/schemas/validators.py,function,A,1,0,638,638,validate_block_document_name
src/prefect/_internal/schemas/validators.py,function,A,1,0,647,649,validate_artifact_key
src/prefect/_internal/schemas/validators.py,function,A,1,0,653,653,validate_variable_name
src/prefect/_internal/schemas/validators.py,function,A,1,0,657,657,validate_variable_name
src/prefect/_internal/schemas/validators.py,function,A,1,0,666,668,validate_block_type_slug
src/prefect/_internal/schemas/serializers.py,function,A,1,0,6,12,orjson_dumps
src/prefect/_internal/schemas/serializers.py,function,A,1,0,15,25,orjson_dumps_extra_compatible
src/prefect/_internal/schemas/bases.py,method,B,9,4,62,79,__rich_repr__
src/prefect/_internal/schemas/bases.py,class,A,5,0,19,91,PrefectBaseModel
src/prefect/_internal/schemas/bases.py,method,A,3,4,37,49,__eq__
src/prefect/_internal/schemas/bases.py,method,A,2,4,81,91,reset_fields
src/prefect/_internal/schemas/bases.py,method,A,1,4,52,60,model_validate_list
src/prefect/_internal/schemas/bases.py,class,A,1,0,96,104,IDBaseModel
src/prefect/_internal/schemas/bases.py,class,A,1,0,107,120,ObjectBaseModel
src/prefect/_internal/schemas/bases.py,class,A,1,0,123,124,ActionBaseModel
src/prefect/_internal/concurrency/services.py,method,B,7,4,128,164,_main_loop
src/prefect/_internal/concurrency/services.py,method,B,7,4,378,427,_main_loop
src/prefect/_internal/concurrency/services.py,method,A,5,4,177,194,_drain
src/prefect/_internal/concurrency/services.py,method,A,5,4,209,243,drain_all
src/prefect/_internal/concurrency/services.py,function,A,3,0,456,461,drain_on_exit_async
src/prefect/_internal/concurrency/services.py,class,A,3,0,24,283,_QueueServiceBase
src/prefect/_internal/concurrency/services.py,method,A,3,4,73,97,_stop
src/prefect/_internal/concurrency/services.py,method,A,3,4,103,126,_run
src/prefect/_internal/concurrency/services.py,class,A,3,0,314,364,FutureQueueService
src/prefect/_internal/concurrency/services.py,method,A,3,4,327,340,_handle
src/prefect/_internal/concurrency/services.py,class,A,3,0,367,446,BatchedQueueService
src/prefect/_internal/concurrency/services.py,method,A,2,4,45,68,start
src/prefect/_internal/concurrency/services.py,method,A,2,4,196,206,drain
src/prefect/_internal/concurrency/services.py,method,A,2,4,252,263,instance
src/prefect/_internal/concurrency/services.py,method,A,2,4,269,283,_new_instance
src/prefect/_internal/concurrency/services.py,class,A,2,0,286,309,QueueService
src/prefect/_internal/concurrency/services.py,method,A,2,4,287,296,send
src/prefect/_internal/concurrency/services.py,method,A,2,4,346,355,send
src/prefect/_internal/concurrency/services.py,function,A,1,0,450,452,drain_on_exit
src/prefect/_internal/concurrency/services.py,method,A,1,4,28,43,__init__
src/prefect/_internal/concurrency/services.py,method,A,1,4,70,71,_at_exit
src/prefect/_internal/concurrency/services.py,method,A,1,4,100,101,send
src/prefect/_internal/concurrency/services.py,method,A,1,4,167,168,_handle
src/prefect/_internal/concurrency/services.py,method,A,1,4,171,175,_lifespan
src/prefect/_internal/concurrency/services.py,method,A,1,4,245,249,wait_until_empty
src/prefect/_internal/concurrency/services.py,method,A,1,4,265,266,_remove_instance
src/prefect/_internal/concurrency/services.py,method,A,1,4,298,305,_prepare_item
src/prefect/_internal/concurrency/services.py,method,A,1,4,308,309,_handle
src/prefect/_internal/concurrency/services.py,method,A,1,4,343,344,acquire
src/prefect/_internal/concurrency/services.py,method,A,1,4,357,364,_prepare_item
src/prefect/_internal/concurrency/services.py,method,A,1,4,431,432,_handle_batch
src/prefect/_internal/concurrency/services.py,method,A,1,4,436,438,_handle
src/prefect/_internal/concurrency/services.py,method,A,1,4,441,446,_get_size
src/prefect/_internal/concurrency/primitives.py,method,A,4,4,34,53,set
src/prefect/_internal/concurrency/primitives.py,class,A,3,0,17,79,Event
src/prefect/_internal/concurrency/primitives.py,method,A,2,4,58,79,wait
src/prefect/_internal/concurrency/primitives.py,method,A,1,4,29,32,__init__
src/prefect/_internal/concurrency/primitives.py,method,A,1,4,55,56,is_set
src/prefect/_internal/concurrency/cancellation.py,method,B,8,4,225,245,__repr__
src/prefect/_internal/concurrency/cancellation.py,function,A,5,0,555,586,cancel_sync_after
src/prefect/_internal/concurrency/cancellation.py,method,A,5,4,193,217,cancel
src/prefect/_internal/concurrency/cancellation.py,function,A,4,0,86,96,_get_thread_shield
src/prefect/_internal/concurrency/cancellation.py,method,A,4,4,53,67,__exit__
src/prefect/_internal/concurrency/cancellation.py,method,A,4,4,177,181,timedout
src/prefect/_internal/concurrency/cancellation.py,class,A,4,0,248,298,AsyncCancelScope
src/prefect/_internal/concurrency/cancellation.py,method,A,4,4,267,285,__exit__
src/prefect/_internal/concurrency/cancellation.py,method,A,4,4,287,298,cancel
src/prefect/_internal/concurrency/cancellation.py,class,A,4,0,322,394,AlarmCancelScope
src/prefect/_internal/concurrency/cancellation.py,method,A,4,4,331,360,__enter__
src/prefect/_internal/concurrency/cancellation.py,method,A,4,4,372,384,__exit__
src/prefect/_internal/concurrency/cancellation.py,class,A,4,0,397,472,WatcherThreadCancelScope
src/prefect/_internal/concurrency/cancellation.py,function,A,3,0,589,601,_send_exception_to_thread
src/prefect/_internal/concurrency/cancellation.py,class,A,3,0,119,245,CancelScope
src/prefect/_internal/concurrency/cancellation.py,class,A,3,0,301,319,NullCancelScope
src/prefect/_internal/concurrency/cancellation.py,method,A,3,4,362,370,_sigalarm_to_error
src/prefect/_internal/concurrency/cancellation.py,method,A,3,4,386,394,cancel
src/prefect/_internal/concurrency/cancellation.py,method,A,3,4,410,424,__enter__
src/prefect/_internal/concurrency/cancellation.py,method,A,3,4,434,449,_send_cancelled_error
src/prefect/_internal/concurrency/cancellation.py,method,A,3,4,451,463,_timeout_enforcer
src/prefect/_internal/concurrency/cancellation.py,method,A,3,4,465,472,cancel
src/prefect/_internal/concurrency/cancellation.py,function,A,2,0,100,116,shield
src/prefect/_internal/concurrency/cancellation.py,function,A,2,0,483,492,get_deadline
src/prefect/_internal/concurrency/cancellation.py,function,A,2,0,495,504,get_timeout
src/prefect/_internal/concurrency/cancellation.py,function,A,2,0,537,551,cancel_sync_at
src/prefect/_internal/concurrency/cancellation.py,class,A,2,0,27,76,ThreadShield
src/prefect/_internal/concurrency/cancellation.py,method,A,2,4,155,163,__exit__
src/prefect/_internal/concurrency/cancellation.py,method,A,2,4,183,187,set_timeout
src/prefect/_internal/concurrency/cancellation.py,method,A,2,4,254,265,__enter__
src/prefect/_internal/concurrency/cancellation.py,method,A,2,4,308,315,__init__
src/prefect/_internal/concurrency/cancellation.py,method,A,2,4,426,432,__exit__
src/prefect/_internal/concurrency/cancellation.py,function,A,1,0,476,476,get_deadline
src/prefect/_internal/concurrency/cancellation.py,function,A,1,0,480,480,get_deadline
src/prefect/_internal/concurrency/cancellation.py,function,A,1,0,508,519,cancel_async_at
src/prefect/_internal/concurrency/cancellation.py,function,A,1,0,523,533,cancel_async_after
src/prefect/_internal/concurrency/cancellation.py,method,A,1,4,42,48,__init__
src/prefect/_internal/concurrency/cancellation.py,method,A,1,4,50,51,__enter__
src/prefect/_internal/concurrency/cancellation.py,method,A,1,4,69,70,set_exception
src/prefect/_internal/concurrency/cancellation.py,method,A,1,4,72,76,active
src/prefect/_internal/concurrency/cancellation.py,class,A,1,0,79,83,CancelledError
src/prefect/_internal/concurrency/cancellation.py,method,A,1,4,131,144,__init__
src/prefect/_internal/concurrency/cancellation.py,method,A,1,4,146,153,__enter__
src/prefect/_internal/concurrency/cancellation.py,method,A,1,4,166,167,timeout
src/prefect/_internal/concurrency/cancellation.py,method,A,1,4,169,171,started
src/prefect/_internal/concurrency/cancellation.py,method,A,1,4,173,175,cancelled
src/prefect/_internal/concurrency/cancellation.py,method,A,1,4,189,191,completed
src/prefect/_internal/concurrency/cancellation.py,method,A,1,4,219,223,add_cancel_callback
src/prefect/_internal/concurrency/cancellation.py,method,A,1,4,249,252,__init__
src/prefect/_internal/concurrency/cancellation.py,method,A,1,4,317,319,cancel
src/prefect/_internal/concurrency/inspection.py,function,A,5,0,84,99,stack_for_threads
src/prefect/_internal/concurrency/inspection.py,function,A,4,0,45,62,_f_lineno
src/prefect/_internal/concurrency/inspection.py,function,A,2,0,74,81,call_stack
src/prefect/_internal/concurrency/inspection.py,function,A,1,0,65,71,repr_frame
src/prefect/_internal/concurrency/event_loop.py,function,A,2,0,17,26,get_running_loop
src/prefect/_internal/concurrency/event_loop.py,function,A,2,0,29,62,call_soon_in_loop
src/prefect/_internal/concurrency/event_loop.py,function,A,2,0,65,77,run_coroutine_in_loop_from_async
src/prefect/_internal/concurrency/api.py,method,A,5,4,131,146,wait_for_call_in_loop_thread
src/prefect/_internal/concurrency/api.py,method,A,5,4,180,198,wait_for_call_in_loop_thread
src/prefect/_internal/concurrency/api.py,class,A,4,0,178,234,from_sync
src/prefect/_internal/concurrency/api.py,class,A,3,0,129,175,from_async
src/prefect/_internal/concurrency/api.py,method,A,3,4,149,160,wait_for_call_in_new_thread
src/prefect/_internal/concurrency/api.py,method,A,3,4,201,212,wait_for_call_in_new_thread
src/prefect/_internal/concurrency/api.py,function,A,2,0,35,41,cast_to_call
src/prefect/_internal/concurrency/api.py,class,A,2,0,44,126,_base
src/prefect/_internal/concurrency/api.py,method,A,2,4,223,234,call_in_loop_thread
src/prefect/_internal/concurrency/api.py,function,A,1,0,29,32,create_call
src/prefect/_internal/concurrency/api.py,method,A,1,4,47,57,wait_for_call_in_loop_thread
src/prefect/_internal/concurrency/api.py,method,A,1,4,61,71,wait_for_call_in_new_thread
src/prefect/_internal/concurrency/api.py,method,A,1,4,74,87,call_soon_in_new_thread
src/prefect/_internal/concurrency/api.py,method,A,1,4,90,103,call_soon_in_loop_thread
src/prefect/_internal/concurrency/api.py,method,A,1,4,106,114,call_in_new_thread
src/prefect/_internal/concurrency/api.py,method,A,1,4,117,126,call_in_loop_thread
src/prefect/_internal/concurrency/api.py,method,A,1,4,163,167,call_in_new_thread
src/prefect/_internal/concurrency/api.py,method,A,1,4,170,175,call_in_loop_thread
src/prefect/_internal/concurrency/api.py,method,A,1,4,215,220,call_in_new_thread
src/prefect/_internal/concurrency/threads.py,method,B,7,4,160,185,submit
src/prefect/_internal/concurrency/threads.py,method,A,5,4,60,80,submit
src/prefect/_internal/concurrency/threads.py,function,A,4,0,257,274,get_global_loop
src/prefect/_internal/concurrency/threads.py,function,A,4,0,288,305,get_run_sync_loop
src/prefect/_internal/concurrency/threads.py,method,A,4,4,105,114,_run_until_shutdown
src/prefect/_internal/concurrency/threads.py,class,A,3,0,26,121,WorkerThread
src/prefect/_internal/concurrency/threads.py,method,A,3,4,34,49,__init__
src/prefect/_internal/concurrency/threads.py,method,A,3,4,92,103,_entrypoint
src/prefect/_internal/concurrency/threads.py,class,A,3,0,124,248,EventLoopThread
src/prefect/_internal/concurrency/threads.py,method,A,3,4,219,233,_run_until_shutdown
src/prefect/_internal/concurrency/threads.py,function,A,2,0,277,285,in_global_loop
src/prefect/_internal/concurrency/threads.py,function,A,2,0,308,316,in_run_sync_loop
src/prefect/_internal/concurrency/threads.py,function,A,2,0,319,329,wait_for_global_loop_exit
src/prefect/_internal/concurrency/threads.py,method,A,2,4,51,58,start
src/prefect/_internal/concurrency/threads.py,method,A,2,4,129,149,__init__
src/prefect/_internal/concurrency/threads.py,method,A,2,4,151,158,start
src/prefect/_internal/concurrency/threads.py,method,A,2,4,206,217,_entrypoint
src/prefect/_internal/concurrency/threads.py,method,A,2,4,235,238,_run_call
src/prefect/_internal/concurrency/threads.py,method,A,1,4,82,86,shutdown
src/prefect/_internal/concurrency/threads.py,method,A,1,4,89,90,name
src/prefect/_internal/concurrency/threads.py,method,A,1,4,116,118,__enter__
src/prefect/_internal/concurrency/threads.py,method,A,1,4,120,121,__exit__
src/prefect/_internal/concurrency/threads.py,method,A,1,4,187,192,shutdown
src/prefect/_internal/concurrency/threads.py,method,A,1,4,195,196,name
src/prefect/_internal/concurrency/threads.py,method,A,1,4,199,200,running
src/prefect/_internal/concurrency/threads.py,method,A,1,4,203,204,loop
src/prefect/_internal/concurrency/threads.py,method,A,1,4,240,241,add_shutdown_call
src/prefect/_internal/concurrency/threads.py,method,A,1,4,243,245,__enter__
src/prefect/_internal/concurrency/threads.py,method,A,1,4,247,248,__exit__
src/prefect/_internal/concurrency/waiters.py,method,B,6,4,199,225,_handle_waiting_callbacks
src/prefect/_internal/concurrency/waiters.py,method,A,5,4,170,188,submit
src/prefect/_internal/concurrency/waiters.py,method,A,5,4,190,197,_resubmit_early_submissions
src/prefect/_internal/concurrency/waiters.py,class,A,4,0,156,276,AsyncWaiter
src/prefect/_internal/concurrency/waiters.py,method,A,4,4,251,257,_signal_stop_waiting
src/prefect/_internal/concurrency/waiters.py,method,A,3,4,51,61,__init__
src/prefect/_internal/concurrency/waiters.py,class,A,3,0,91,153,SyncWaiter
src/prefect/_internal/concurrency/waiters.py,method,A,3,4,111,122,_handle_waiting_callbacks
src/prefect/_internal/concurrency/waiters.py,method,A,3,4,125,133,_handle_done_callbacks
src/prefect/_internal/concurrency/waiters.py,method,A,3,4,228,238,_handle_done_callbacks
src/prefect/_internal/concurrency/waiters.py,function,A,2,0,33,40,add_waiter_for_thread
src/prefect/_internal/concurrency/waiters.py,class,A,2,0,43,87,Waiter
src/prefect/_internal/concurrency/waiters.py,method,A,2,4,100,109,submit
src/prefect/_internal/concurrency/waiters.py,method,A,2,4,135,139,add_done_callback
src/prefect/_internal/concurrency/waiters.py,method,A,2,4,240,243,_run_done_callback
src/prefect/_internal/concurrency/waiters.py,method,A,2,4,245,249,add_done_callback
src/prefect/_internal/concurrency/waiters.py,method,A,1,4,63,64,call_is_done
src/prefect/_internal/concurrency/waiters.py,method,A,1,4,67,73,wait
src/prefect/_internal/concurrency/waiters.py,method,A,1,4,76,82,add_done_callback
src/prefect/_internal/concurrency/waiters.py,method,A,1,4,84,87,__repr__
src/prefect/_internal/concurrency/waiters.py,method,A,1,4,94,98,__init__
src/prefect/_internal/concurrency/waiters.py,method,A,1,4,141,153,wait
src/prefect/_internal/concurrency/waiters.py,method,A,1,4,159,168,__init__
src/prefect/_internal/concurrency/waiters.py,method,A,1,4,259,276,wait
src/prefect/_internal/concurrency/calls.py,method,B,9,4,122,154,cancel
src/prefect/_internal/concurrency/calls.py,method,B,9,4,357,394,_run_sync
src/prefect/_internal/concurrency/calls.py,method,B,8,4,396,429,_run_async
src/prefect/_internal/concurrency/calls.py,method,B,6,4,450,467,__repr__
src/prefect/_internal/concurrency/calls.py,method,A,5,4,160,197,result
src/prefect/_internal/concurrency/calls.py,method,A,5,4,201,222,_invoke_callbacks
src/prefect/_internal/concurrency/calls.py,method,A,5,4,275,321,run
src/prefect/_internal/concurrency/calls.py,class,A,4,0,67,222,Future
src/prefect/_internal/concurrency/calls.py,class,A,4,0,226,467,Call
src/prefect/_internal/concurrency/calls.py,method,A,3,4,255,264,set_timeout
src/prefect/_internal/concurrency/calls.py,method,A,2,4,88,92,enforce_async_deadline
src/prefect/_internal/concurrency/calls.py,method,A,2,4,95,99,enforce_sync_deadline
src/prefect/_internal/concurrency/calls.py,method,A,2,4,101,116,add_cancel_callback
src/prefect/_internal/concurrency/calls.py,method,A,2,4,266,273,set_runner
src/prefect/_internal/concurrency/calls.py,method,A,2,4,331,340,aresult
src/prefect/_internal/concurrency/calls.py,method,A,2,4,431,448,__call__
src/prefect/_internal/concurrency/calls.py,class,A,2,0,470,477,Portal
src/prefect/_internal/concurrency/calls.py,function,A,1,0,59,64,set_current_call
src/prefect/_internal/concurrency/calls.py,method,A,1,4,75,81,__init__
src/prefect/_internal/concurrency/calls.py,method,A,1,4,83,85,set_running_or_notify_cancel
src/prefect/_internal/concurrency/calls.py,method,A,1,4,118,120,timedout
src/prefect/_internal/concurrency/calls.py,method,A,1,8,158,158,__get_result
src/prefect/_internal/concurrency/calls.py,method,A,1,4,240,252,new
src/prefect/_internal/concurrency/calls.py,method,A,1,4,323,329,result
src/prefect/_internal/concurrency/calls.py,method,A,1,4,342,346,cancelled
src/prefect/_internal/concurrency/calls.py,method,A,1,4,348,352,timedout
src/prefect/_internal/concurrency/calls.py,method,A,1,4,354,355,cancel
src/prefect/_internal/concurrency/calls.py,method,A,1,4,476,477,submit
src/prefect/_internal/pydantic/v1_schema.py,function,A,5,0,9,23,is_v1_model
src/prefect/_internal/pydantic/v1_schema.py,function,A,5,0,36,47,has_v1_type_as_param
src/prefect/_internal/pydantic/v1_schema.py,function,A,3,0,26,33,is_v1_type
src/prefect/_internal/pydantic/v2_validated_func.py,class,B,7,0,25,101,V2ValidatedFunction
src/prefect/_internal/pydantic/v2_validated_func.py,method,B,6,4,26,101,create_model
src/prefect/_internal/pydantic/v2_schema.py,function,B,7,0,55,92,process_v2_params
src/prefect/_internal/pydantic/v2_schema.py,function,A,5,0,19,28,is_v2_model
src/prefect/_internal/pydantic/v2_schema.py,function,A,5,0,41,52,has_v2_type_as_param
src/prefect/_internal/pydantic/v2_schema.py,function,A,4,0,95,123,create_v2_schema
src/prefect/_internal/pydantic/v2_schema.py,function,A,3,0,31,38,is_v2_type
src/prefect/_internal/pydantic/schemas.py,class,A,2,0,5,14,GenerateEmptySchemaForUserClasses
src/prefect/_internal/pydantic/schemas.py,method,A,1,4,11,14,is_instance_schema
src/prefect/_internal/pydantic/annotations/pendulum.py,class,A,2,0,14,65,_PendulumDateTimeAnnotation
src/prefect/_internal/pydantic/annotations/pendulum.py,method,A,1,4,27,58,__get_pydantic_core_schema__
src/prefect/_internal/pydantic/annotations/pendulum.py,method,A,1,4,62,65,__get_pydantic_json_schema__
src/prefect/_internal/pydantic/annotations/pendulum.py,class,A,1,0,68,69,_PendulumDateAnnotation
src/prefect/_internal/pydantic/annotations/pendulum.py,class,A,1,0,72,73,_PendulumDurationAnnotation
src/prefect/settings/legacy.py,function,B,10,0,122,167,_get_settings_fields
src/prefect/settings/legacy.py,function,B,8,0,96,118,_get_valid_setting_names
src/prefect/settings/legacy.py,method,A,5,4,46,59,value
src/prefect/settings/legacy.py,method,A,4,4,35,41,is_secret
src/prefect/settings/legacy.py,class,A,3,0,16,83,Setting
src/prefect/settings/legacy.py,method,A,3,4,61,68,value_from
src/prefect/settings/legacy.py,function,A,2,0,86,92,_env_var_to_accessor
src/prefect/settings/legacy.py,method,A,2,4,19,28,__init__
src/prefect/settings/legacy.py,method,A,1,4,31,32,name
src/prefect/settings/legacy.py,method,A,1,4,43,44,default
src/prefect/settings/legacy.py,method,A,1,4,70,71,__bool__
src/prefect/settings/legacy.py,method,A,1,4,73,74,__str__
src/prefect/settings/legacy.py,method,A,1,4,76,77,__repr__
src/prefect/settings/legacy.py,method,A,1,4,79,80,__eq__
src/prefect/settings/legacy.py,method,A,1,4,82,83,__hash__
src/prefect/settings/__init__.py,function,A,2,0,36,39,__getattr__
src/prefect/settings/sources.py,method,B,10,4,173,206,get_field_value
src/prefect/settings/sources.py,method,B,9,4,135,164,_load_profile_settings
src/prefect/settings/sources.py,method,B,9,4,235,259,get_field_value
src/prefect/settings/sources.py,function,B,8,0,320,341,_get_profiles_path
src/prefect/settings/sources.py,class,B,7,0,41,80,EnvFilterSettingsSource
src/prefect/settings/sources.py,class,B,7,0,84,118,FilteredDotEnvSettingsSource
src/prefect/settings/sources.py,method,B,6,4,51,80,__init__
src/prefect/settings/sources.py,method,B,6,4,85,118,__init__
src/prefect/settings/sources.py,class,B,6,0,122,220,ProfileSettingsTomlLoader
src/prefect/settings/sources.py,function,A,4,0,310,316,_is_test_mode
src/prefect/settings/sources.py,method,A,4,4,208,220,__call__
src/prefect/settings/sources.py,class,A,4,0,226,271,TomlConfigSettingsSourceBase
src/prefect/settings/sources.py,method,A,3,4,261,271,__call__
src/prefect/settings/sources.py,class,A,3,0,274,290,PrefectTomlConfigSettingsSource
src/prefect/settings/sources.py,class,A,3,0,293,307,PyprojectTomlConfigSettingsSource
src/prefect/settings/sources.py,function,A,2,0,30,38,_read_toml_file
src/prefect/settings/sources.py,function,A,2,0,344,352,_get_profiles_path_from_toml
src/prefect/settings/sources.py,method,A,2,4,166,171,_get_default_profile
src/prefect/settings/sources.py,method,A,2,4,277,290,__init__
src/prefect/settings/sources.py,method,A,2,4,296,307,__init__
src/prefect/settings/sources.py,method,A,1,4,129,133,__init__
src/prefect/settings/sources.py,method,A,1,4,227,230,__init__
src/prefect/settings/sources.py,method,A,1,4,232,233,_read_file
src/prefect/settings/context.py,function,A,2,0,10,21,get_current_settings
src/prefect/settings/context.py,function,A,2,0,25,65,temporary_settings
src/prefect/settings/profiles.py,function,B,8,0,291,327,load_profiles
src/prefect/settings/profiles.py,method,B,7,4,80,97,validate_settings
src/prefect/settings/profiles.py,class,B,6,0,59,97,Profile
src/prefect/settings/profiles.py,function,A,5,0,35,52,_cast_settings
src/prefect/settings/profiles.py,method,A,5,4,144,183,update_profile
src/prefect/settings/profiles.py,method,A,4,4,133,142,set_active
src/prefect/settings/profiles.py,method,A,3,4,72,77,to_environment_variables
src/prefect/settings/profiles.py,class,A,3,0,100,252,ProfilesCollection
src/prefect/settings/profiles.py,method,A,3,4,204,216,without_profile_source
src/prefect/settings/profiles.py,method,A,3,4,240,246,__eq__
src/prefect/settings/profiles.py,function,A,2,0,256,276,_read_profiles_from
src/prefect/settings/profiles.py,function,A,2,0,279,288,_write_profiles_to
src/prefect/settings/profiles.py,function,A,2,0,330,345,load_current_profile
src/prefect/settings/profiles.py,function,A,2,0,348,355,save_profiles
src/prefect/settings/profiles.py,function,A,2,0,358,366,load_profile
src/prefect/settings/profiles.py,function,A,2,0,369,405,update_current_profile
src/prefect/settings/profiles.py,method,A,2,4,109,115,__init__
src/prefect/settings/profiles.py,method,A,2,4,125,131,active_profile
src/prefect/settings/profiles.py,method,A,2,4,185,196,add_profile
src/prefect/settings/profiles.py,method,A,2,4,219,227,to_dict
src/prefect/settings/profiles.py,method,A,1,4,118,122,names
src/prefect/settings/profiles.py,method,A,1,4,198,202,remove_profile
src/prefect/settings/profiles.py,method,A,1,4,231,232,__getitem__
src/prefect/settings/profiles.py,method,A,1,4,234,235,__iter__
src/prefect/settings/profiles.py,method,A,1,4,237,238,items
src/prefect/settings/profiles.py,method,A,1,4,249,252,__repr__
src/prefect/settings/base.py,method,C,14,4,134,176,ser_model
src/prefect/settings/base.py,class,C,12,0,31,176,PrefectBaseSettings
src/prefect/settings/base.py,method,B,10,4,91,129,to_environment_variables
src/prefect/settings/base.py,function,B,8,0,194,211,_add_environment_variables
src/prefect/settings/base.py,method,B,8,4,33,88,settings_customise_sources
src/prefect/settings/base.py,function,A,3,0,233,238,_to_environment_variable_value
src/prefect/settings/base.py,function,A,2,0,214,226,build_settings_config
src/prefect/settings/base.py,class,A,1,0,179,185,PrefectSettingsConfigDict
src/prefect/settings/models/worker.py,class,A,1,0,9,21,WorkerWebserverSettings
src/prefect/settings/models/worker.py,class,A,1,0,25,45,WorkerSettings
src/prefect/settings/models/logging.py,function,A,2,0,19,28,max_log_size_smaller_than_batch_size
src/prefect/settings/models/logging.py,class,A,2,0,31,83,LoggingToAPISettings
src/prefect/settings/models/logging.py,method,A,1,4,79,83,emit_warnings
src/prefect/settings/models/logging.py,class,A,1,0,86,141,LoggingSettings
src/prefect/settings/models/internal.py,class,A,1,0,10,19,InternalSettings
src/prefect/settings/models/runner.py,class,A,1,0,10,41,RunnerServerSettings
src/prefect/settings/models/runner.py,class,A,1,0,45,70,RunnerSettings
src/prefect/settings/models/tasks.py,class,A,1,0,9,21,TasksRunnerSettings
src/prefect/settings/models/tasks.py,class,A,1,0,26,47,TasksSchedulingSettings
src/prefect/settings/models/tasks.py,class,A,1,0,52,94,TasksSettings
src/prefect/settings/models/results.py,class,A,1,0,10,43,ResultsSettings
src/prefect/settings/models/cloud.py,function,A,4,0,14,28,default_cloud_ui_url
src/prefect/settings/models/cloud.py,class,A,3,0,31,64,CloudSettings
src/prefect/settings/models/cloud.py,method,A,2,4,54,64,post_hoc_settings
src/prefect/settings/models/client.py,class,A,1,0,13,36,ClientMetricsSettings
src/prefect/settings/models/client.py,class,A,1,0,40,92,ClientSettings
src/prefect/settings/models/api.py,class,A,1,0,13,45,APISettings
src/prefect/settings/models/experiments.py,class,A,1,0,9,26,ExperimentsSettings
src/prefect/settings/models/cli.py,class,A,1,0,12,31,CLISettings
src/prefect/settings/models/deployments.py,class,A,1,0,9,36,DeploymentsSettings
src/prefect/settings/models/flows.py,class,A,1,0,9,33,FlowsSettings
src/prefect/settings/models/root.py,method,C,17,4,177,241,post_hoc_settings
src/prefect/settings/models/root.py,method,C,13,4,253,317,copy_with_update
src/prefect/settings/models/root.py,function,B,10,0,402,447,_default_database_connection_url
src/prefect/settings/models/root.py,function,B,8,0,359,399,_warn_on_misconfigured_api_url
src/prefect/settings/models/root.py,class,B,8,0,41,325,Settings
src/prefect/settings/models/root.py,function,B,7,0,328,356,_default_ui_url
src/prefect/settings/models/root.py,method,A,3,4,157,172,__getattribute__
src/prefect/settings/models/root.py,function,A,2,0,450,451,canonical_environment_prefix
src/prefect/settings/models/root.py,method,A,2,4,244,248,emit_warnings
src/prefect/settings/models/root.py,method,A,2,4,319,325,hash_key
src/prefect/settings/models/testing.py,class,A,1,0,9,48,TestingSettings
src/prefect/settings/models/server/services.py,class,A,1,0,10,13,ServicesBaseSetting
src/prefect/settings/models/server/services.py,class,A,1,0,17,42,ServerServicesCancellationCleanupSettings
src/prefect/settings/models/server/services.py,class,A,1,0,47,94,ServerServicesEventPersisterSettings
src/prefect/settings/models/server/services.py,class,A,1,0,99,114,ServerServicesEventLoggerSettings
src/prefect/settings/models/server/services.py,class,A,1,0,119,134,ServerServicesFlowRunNotificationsSettings
src/prefect/settings/models/server/services.py,class,A,1,0,139,215,ServerServicesForemanSettings
src/prefect/settings/models/server/services.py,class,A,1,0,220,259,ServerServicesLateRunsSettings
src/prefect/settings/models/server/services.py,class,A,1,0,264,384,ServerServicesSchedulerSettings
src/prefect/settings/models/server/services.py,class,A,1,0,389,420,ServerServicesPauseExpirationsSettings
src/prefect/settings/models/server/services.py,class,A,1,0,425,440,ServerServicesTaskRunRecorderSettings
src/prefect/settings/models/server/services.py,class,A,1,0,445,460,ServerServicesTriggersSettings
src/prefect/settings/models/server/services.py,class,A,1,0,465,512,ServerServicesSettings
src/prefect/settings/models/server/tasks.py,class,A,1,0,10,45,ServerTasksSchedulingSettings
src/prefect/settings/models/server/tasks.py,class,A,1,0,50,82,ServerTasksSettings
src/prefect/settings/models/server/ephemeral.py,class,A,1,0,9,32,ServerEphemeralSettings
src/prefect/settings/models/server/ui.py,class,A,1,0,9,48,ServerUISettings
src/prefect/settings/models/server/events.py,class,A,1,0,10,149,ServerEventsSettings
src/prefect/settings/models/server/database.py,function,B,9,0,283,313,warn_on_database_password_value_without_usage
src/prefect/settings/models/server/database.py,method,B,6,4,248,274,set_deprecated_sqlalchemy_settings_on_child_model_and_warn
src/prefect/settings/models/server/database.py,class,A,4,0,94,280,ServerDatabaseSettings
src/prefect/settings/models/server/database.py,method,A,2,4,234,242,__getattribute__
src/prefect/settings/models/server/database.py,class,A,1,0,18,41,SQLAlchemyConnectArgsSettings
src/prefect/settings/models/server/database.py,class,A,1,0,48,89,SQLAlchemySettings
src/prefect/settings/models/server/database.py,method,A,1,4,277,280,emit_warnings
src/prefect/settings/models/server/api.py,class,A,1,0,10,143,ServerAPISettings
src/prefect/settings/models/server/flow_run_graph.py,class,A,1,0,9,34,ServerFlowRunGraphSettings
src/prefect/settings/models/server/deployments.py,class,A,1,0,9,24,ServerDeploymentsSettings
src/prefect/settings/models/server/root.py,class,A,1,0,21,140,ServerSettings
src/prefect/docker/docker_image.py,method,B,6,4,35,58,__init__
src/prefect/docker/docker_image.py,class,A,4,0,19,85,DockerImage
src/prefect/docker/docker_image.py,method,A,3,4,78,85,push
src/prefect/docker/docker_image.py,method,A,2,4,64,76,build
src/prefect/docker/docker_image.py,method,A,1,4,61,62,reference
src/prefect/docker/__init__.py,function,A,2,0,13,20,__getattr__
src/prefect/types/__init__.py,function,B,7,0,118,143,validate_set_T_from_delim_string
src/prefect/types/__init__.py,function,A,4,0,76,86,check_variable_value
src/prefect/types/__init__.py,function,A,2,0,51,55,non_emptyish
src/prefect/types/__init__.py,function,A,2,0,96,99,cast_none_to_empty_dict
src/prefect/types/__init__.py,function,A,2,0,157,158,convert_none_to_empty_dict
src/prefect/types/__init__.py,class,A,1,0,114,115,SecretDict
src/prefect/types/entrypoint.py,class,A,1,0,4,13,EntrypointType
src/prefect/types/_datetime.py,function,A,2,0,71,75,human_friendly_diff
src/prefect/types/_datetime.py,function,A,1,0,30,34,parse_datetime
src/prefect/types/_datetime.py,function,A,1,0,37,43,format_diff
src/prefect/types/_datetime.py,function,A,1,0,46,47,local_timezone
src/prefect/types/_datetime.py,function,A,1,0,50,51,get_timezones
src/prefect/types/_datetime.py,function,A,1,0,54,55,create_datetime_instance
src/prefect/types/_datetime.py,function,A,1,0,58,64,from_format
src/prefect/types/_datetime.py,function,A,1,0,67,68,from_timestamp
src/prefect/types/_datetime.py,function,A,1,0,78,79,now
src/prefect/types/_datetime.py,function,A,1,0,82,83,add_years
src/prefect/types/_datetime.py,function,A,1,0,86,102,end_of_period
src/prefect/types/_datetime.py,function,A,1,0,105,121,start_of_period
src/prefect/types/_datetime.py,function,A,1,0,124,125,earliest_possible_datetime
src/prefect/_vendor/croniter/croniter.py,method,F,63,4,866,1145,_expand
src/prefect/_vendor/croniter/croniter.py,method,D,26,4,377,463,_get_next
src/prefect/_vendor/croniter/croniter.py,method,C,16,4,1383,1447,expand
src/prefect/_vendor/croniter/croniter.py,function,C,14,0,1282,1361,croniter_range
src/prefect/_vendor/croniter/croniter.py,method,C,13,4,517,752,_calc
src/prefect/_vendor/croniter/croniter.py,method,B,9,4,792,824,_get_prev_nearest_diff
src/prefect/_vendor/croniter/croniter.py,method,B,9,4,842,863,value_alias
src/prefect/_vendor/croniter/croniter.py,class,B,8,0,178,1279,croniter
src/prefect/_vendor/croniter/croniter.py,function,B,7,0,26,59,is_32bit
src/prefect/_vendor/croniter/croniter.py,method,B,7,4,228,280,__init__
src/prefect/_vendor/croniter/croniter.py,method,B,6,4,337,361,timestamp_to_datetime
src/prefect/_vendor/croniter/croniter.py,method,B,6,4,771,789,_get_next_nearest_diff
src/prefect/_vendor/croniter/croniter.py,method,B,6,4,1209,1222,_get_low_from_current_date_number
src/prefect/_vendor/croniter/croniter.py,class,B,6,0,1364,1447,HashExpander
src/prefect/_vendor/croniter/croniter.py,method,A,5,4,317,326,set_current
src/prefect/_vendor/croniter/croniter.py,method,A,5,4,755,759,_get_next_nearest
src/prefect/_vendor/croniter/croniter.py,method,A,5,4,762,768,_get_prev_nearest
src/prefect/_vendor/croniter/croniter.py,method,A,5,4,1225,1243,is_valid
src/prefect/_vendor/croniter/croniter.py,method,A,4,4,469,489,all_next
src/prefect/_vendor/croniter/croniter.py,method,A,4,4,491,507,all_prev
src/prefect/_vendor/croniter/croniter.py,method,A,4,4,1148,1206,expand
src/prefect/_vendor/croniter/croniter.py,method,A,4,4,1252,1279,match_range
src/prefect/_vendor/croniter/croniter.py,method,A,4,4,1368,1378,do
src/prefect/_vendor/croniter/croniter.py,method,A,3,4,291,300,get_next
src/prefect/_vendor/croniter/croniter.py,method,A,3,4,311,315,get_current
src/prefect/_vendor/croniter/croniter.py,method,A,3,4,827,835,_get_nth_weekday_of_month
src/prefect/_vendor/croniter/croniter.py,method,A,3,4,838,839,is_leap
src/prefect/_vendor/croniter/croniter.py,function,A,2,0,143,147,datetime_to_timestamp
src/prefect/_vendor/croniter/croniter.py,method,A,2,4,283,288,_alphaconv
src/prefect/_vendor/croniter/croniter.py,method,A,2,4,509,510,iter
src/prefect/_vendor/croniter/croniter.py,function,A,1,0,139,140,timedelta_to_seconds
src/prefect/_vendor/croniter/croniter.py,class,A,1,0,150,151,CroniterError
src/prefect/_vendor/croniter/croniter.py,class,A,1,0,154,155,CroniterBadTypeRangeError
src/prefect/_vendor/croniter/croniter.py,class,A,1,0,158,159,CroniterBadCronError
src/prefect/_vendor/croniter/croniter.py,class,A,1,0,162,163,CroniterUnsupportedSyntaxError
src/prefect/_vendor/croniter/croniter.py,class,A,1,0,170,171,CroniterBadDateError
src/prefect/_vendor/croniter/croniter.py,class,A,1,0,174,175,CroniterNotAlphaError
src/prefect/_vendor/croniter/croniter.py,method,A,1,4,303,308,get_prev
src/prefect/_vendor/croniter/croniter.py,method,A,1,4,329,333,datetime_to_timestamp
src/prefect/_vendor/croniter/croniter.py,method,A,1,4,366,373,timedelta_to_seconds
src/prefect/_vendor/croniter/croniter.py,method,A,1,4,512,513,__iter__
src/prefect/_vendor/croniter/croniter.py,method,A,1,4,1246,1248,match
src/prefect/_vendor/croniter/croniter.py,method,A,1,4,1365,1366,__init__
src/prefect/_vendor/croniter/croniter.py,method,A,1,4,1380,1381,match
src/prefect/_experimental/bundles.py,function,B,6,0,176,222,convert_step_to_command
src/prefect/_experimental/bundles.py,function,A,3,0,101,136,_extract_and_run_flow
src/prefect/_experimental/bundles.py,function,A,2,0,58,86,create_bundle_for_flow_run
src/prefect/_experimental/bundles.py,function,A,2,0,139,173,execute_bundle_in_subprocess
src/prefect/_experimental/bundles.py,function,A,1,0,44,48,_serialize_bundle_object
src/prefect/_experimental/bundles.py,function,A,1,0,51,55,_deserialize_bundle_object
src/prefect/_experimental/bundles.py,function,A,1,0,94,98,extract_flow_from_bundle
src/prefect/_experimental/bundles.py,class,A,1,0,32,41,SerializedBundle
src/prefect/_experimental/lineage.py,function,C,15,0,191,261,emit_external_resource_lineage
src/prefect/_experimental/lineage.py,function,C,12,0,49,115,emit_lineage_event
src/prefect/_experimental/lineage.py,function,A,4,0,24,46,get_result_resource_uri
src/prefect/_experimental/lineage.py,function,A,4,0,118,154,emit_result_read_event
src/prefect/_experimental/lineage.py,function,A,3,0,158,187,emit_result_write_event
src/prefect/_experimental/sla/client.py,class,B,7,0,13,50,SlaClient
src/prefect/_experimental/sla/client.py,class,B,7,0,54,91,SlaAsyncClient
src/prefect/_experimental/sla/client.py,method,B,6,4,14,50,apply_slas_for_deployment
src/prefect/_experimental/sla/client.py,method,B,6,4,55,91,apply_slas_for_deployment
src/prefect/_experimental/sla/objects.py,class,A,3,0,14,41,ServiceLevelAgreement
src/prefect/_experimental/sla/objects.py,method,A,2,4,38,41,owner_resource
src/prefect/_experimental/sla/objects.py,method,A,1,4,32,34,set_deployment_id
src/prefect/_experimental/sla/objects.py,class,A,1,0,44,49,TimeToCompletionSla
src/prefect/_experimental/sla/objects.py,class,A,1,0,53,62,FrequencySla
src/prefect/_experimental/sla/objects.py,class,A,1,0,66,76,LatenessSla
src/prefect/_experimental/sla/objects.py,class,A,1,0,80,85,SlaMergeResponse
src/prefect/input/run_input.py,method,B,8,4,168,198,save
src/prefect/input/run_input.py,function,A,5,0,613,639,_send_input
src/prefect/input/run_input.py,method,A,5,4,476,485,__anext__
src/prefect/input/run_input.py,method,A,5,4,487,502,filter_for_inputs
src/prefect/input/run_input.py,method,A,5,4,548,557,__next__
src/prefect/input/run_input.py,method,A,5,4,562,571,__anext__
src/prefect/input/run_input.py,method,A,5,4,573,588,filter_for_inputs
src/prefect/input/run_input.py,function,A,4,0,419,436,run_input_subclass_from_type
src/prefect/input/run_input.py,method,A,4,4,261,281,respond
src/prefect/input/run_input.py,method,A,4,4,508,518,next
src/prefect/input/run_input.py,class,A,4,0,521,610,GetAutomaticInputHandler
src/prefect/input/run_input.py,method,A,4,4,591,601,next
src/prefect/input/run_input.py,function,A,3,0,113,126,keyset_from_paused_state
src/prefect/input/run_input.py,class,A,3,0,152,295,BaseRunInput
src/prefect/input/run_input.py,method,A,3,4,238,258,with_initial_data
src/prefect/input/run_input.py,class,A,3,0,299,335,RunInput
src/prefect/input/run_input.py,class,A,3,0,338,415,AutomaticRunInput
src/prefect/input/run_input.py,method,A,3,4,343,355,load
src/prefect/input/run_input.py,class,A,3,0,440,518,GetInputHandler
src/prefect/input/run_input.py,method,A,3,4,465,471,__next__
src/prefect/input/run_input.py,function,A,2,0,683,719,receive_input
src/prefect/input/run_input.py,method,A,2,4,202,219,load
src/prefect/input/run_input.py,method,A,2,4,301,320,receive
src/prefect/input/run_input.py,method,A,2,4,395,415,receive
src/prefect/input/run_input.py,method,A,2,4,441,460,__init__
src/prefect/input/run_input.py,method,A,2,4,522,543,__init__
src/prefect/input/run_input.py,method,A,2,4,603,610,to_instance
src/prefect/input/run_input.py,function,A,1,0,129,142,keyset_from_base_key
src/prefect/input/run_input.py,function,A,1,0,643,653,send_input
src/prefect/input/run_input.py,function,A,1,0,658,667,receive_input
src/prefect/input/run_input.py,function,A,1,0,671,680,receive_input
src/prefect/input/run_input.py,class,A,1,0,146,149,RunInputMetadata
src/prefect/input/run_input.py,method,A,1,4,159,160,metadata
src/prefect/input/run_input.py,method,A,1,4,163,164,keyset_from_type
src/prefect/input/run_input.py,method,A,1,4,222,235,load_from_flow_run_input
src/prefect/input/run_input.py,method,A,1,4,285,295,send_to
src/prefect/input/run_input.py,method,A,1,4,324,335,subclass_from_base_model_type
src/prefect/input/run_input.py,method,A,1,4,358,392,subclass_from_type
src/prefect/input/run_input.py,method,A,1,4,462,463,__iter__
src/prefect/input/run_input.py,method,A,1,4,473,474,__aiter__
src/prefect/input/run_input.py,method,A,1,4,504,505,to_instance
src/prefect/input/run_input.py,method,A,1,4,545,546,__iter__
src/prefect/input/run_input.py,method,A,1,4,559,560,__aiter__
src/prefect/input/actions.py,function,B,7,0,32,53,create_flow_run_input_from_model
src/prefect/input/actions.py,function,A,4,0,20,28,ensure_flow_run_id
src/prefect/input/actions.py,function,A,4,0,109,127,read_flow_run_input
src/prefect/input/actions.py,function,A,2,0,87,103,filter_flow_run_input
src/prefect/input/actions.py,function,A,1,0,58,81,create_flow_run_input
src/prefect/input/actions.py,function,A,1,0,132,144,delete_flow_run_input
src/prefect/runner/submit.py,function,C,12,0,123,186,submit_to_runner
src/prefect/runner/submit.py,function,B,7,0,190,244,wait_for_submitted_runs
src/prefect/runner/submit.py,function,B,6,0,39,103,_submit_flow_to_runner
src/prefect/runner/submit.py,function,A,1,0,107,111,submit_to_runner
src/prefect/runner/submit.py,function,A,1,0,115,119,submit_to_runner
src/prefect/runner/runner.py,method,C,19,4,753,886,_run_process
src/prefect/runner/runner.py,method,C,16,4,639,742,execute_bundle
src/prefect/runner/runner.py,method,C,11,4,152,256,__init__
src/prefect/runner/runner.py,method,B,10,4,1074,1122,_cancel_run
src/prefect/runner/runner.py,method,B,9,4,1647,1676,__aenter__
src/prefect/runner/runner.py,method,B,8,4,292,380,add_flow
src/prefect/runner/runner.py,method,B,7,4,416,510,start
src/prefect/runner/runner.py,method,B,7,4,888,939,_kill_process
src/prefect/runner/runner.py,method,B,7,4,1124,1145,_get_flow_and_deployment
src/prefect/runner/runner.py,method,B,7,4,1286,1318,_acquire_limit_slot
src/prefect/runner/runner.py,method,B,7,4,1404,1461,_submit_run_and_capture_errors
src/prefect/runner/runner.py,method,B,7,4,1678,1701,__aexit__
src/prefect/runner/runner.py,class,B,6,0,151,1704,Runner
src/prefect/runner/runner.py,method,B,6,4,265,289,add_deployment
src/prefect/runner/runner.py,method,B,6,4,560,637,execute_flow_run
src/prefect/runner/runner.py,method,B,6,4,998,1072,_check_for_cancelled_flow_runs
src/prefect/runner/runner.py,method,B,6,4,1328,1367,_submit_scheduled_flow_runs
src/prefect/runner/runner.py,function,A,5,0,1712,1737,_run_hooks
src/prefect/runner/runner.py,method,A,5,4,525,538,cancel_all
src/prefect/runner/runner.py,method,A,5,4,941,977,reschedule_current_flow_runs
src/prefect/runner/runner.py,method,A,5,4,1371,1402,_submit_run
src/prefect/runner/runner.py,method,A,5,4,1513,1534,_propose_crashed_state
src/prefect/runner/runner.py,method,A,5,4,1590,1616,_run_on_cancellation_hooks
src/prefect/runner/runner.py,method,A,5,4,1619,1644,_run_on_crashed_hooks
src/prefect/runner/runner.py,method,A,4,4,383,405,_add_storage
src/prefect/runner/runner.py,method,A,4,4,1153,1193,_emit_flow_run_heartbeat
src/prefect/runner/runner.py,method,A,4,4,1205,1253,_emit_flow_run_cancelled_event
src/prefect/runner/runner.py,method,A,4,4,1463,1493,_propose_pending_state
src/prefect/runner/runner.py,method,A,4,4,1536,1557,_mark_flow_run_as_cancelled
src/prefect/runner/runner.py,method,A,3,4,514,523,execute_in_background
src/prefect/runner/runner.py,method,A,3,4,542,557,stop
src/prefect/runner/runner.py,method,A,3,4,1495,1510,_propose_failed_state
src/prefect/runner/runner.py,method,A,2,4,259,262,_flow_run_process_map_lock
src/prefect/runner/runner.py,method,A,2,4,980,989,_pause_schedules
src/prefect/runner/runner.py,method,A,2,4,991,996,_get_and_submit_flow_runs
src/prefect/runner/runner.py,method,A,2,4,1147,1151,_emit_flow_run_heartbeats
src/prefect/runner/runner.py,method,A,2,4,1275,1284,has_slots_available
src/prefect/runner/runner.py,method,A,2,4,1320,1326,_release_limit_slot
src/prefect/runner/runner.py,class,A,1,0,146,148,ProcessMapEntry
src/prefect/runner/runner.py,method,A,1,4,407,414,handle_sigterm
src/prefect/runner/runner.py,method,A,1,4,745,749,_get_flow_run_logger
src/prefect/runner/runner.py,method,A,1,4,1196,1202,_event_resource
src/prefect/runner/runner.py,method,A,1,4,1255,1273,_get_scheduled_flow_runs
src/prefect/runner/runner.py,method,A,1,4,1560,1588,_schedule_task
src/prefect/runner/runner.py,method,A,1,4,1703,1704,__repr__
src/prefect/runner/server.py,function,B,6,0,154,174,get_subflow_schemas
src/prefect/runner/server.py,function,A,5,0,299,316,start_webserver
src/prefect/runner/server.py,function,A,4,0,186,198,_flow_schema_changed
src/prefect/runner/server.py,function,A,2,0,49,72,perform_health_check
src/prefect/runner/server.py,function,A,2,0,126,151,get_deployment_router
src/prefect/runner/server.py,function,A,2,0,177,183,_flow_in_schemas
src/prefect/runner/server.py,function,A,1,0,75,80,run_count
src/prefect/runner/server.py,function,A,1,0,83,88,shutdown
src/prefect/runner/server.py,function,A,1,0,91,123,_build_endpoint_for_deployment
src/prefect/runner/server.py,function,A,1,0,201,252,_build_generic_endpoint_for_flows
src/prefect/runner/server.py,function,A,1,0,255,296,build_server
src/prefect/runner/server.py,class,A,1,0,43,46,RunnerGenericFlowRunRequest
src/prefect/runner/utils.py,function,B,6,0,56,73,update_refs_in_schema
src/prefect/runner/utils.py,function,A,4,0,33,53,merge_definitions
src/prefect/runner/utils.py,function,A,4,0,76,96,update_refs_to_components
src/prefect/runner/utils.py,function,A,1,0,12,30,inject_schemas_into_openapi
src/prefect/runner/storage.py,function,C,20,0,721,782,_format_token_from_credentials
src/prefect/runner/storage.py,method,B,9,4,116,149,__init__
src/prefect/runner/storage.py,method,B,8,4,226,283,pull_code
src/prefect/runner/storage.py,method,B,7,4,285,325,_clone_repo
src/prefect/runner/storage.py,method,B,7,4,434,449,_get_required_package_for_scheme
src/prefect/runner/storage.py,method,B,6,4,163,179,_formatted_credentials
src/prefect/runner/storage.py,method,B,6,4,343,374,to_pull_step
src/prefect/runner/storage.py,function,A,5,0,692,718,create_storage_from_source
src/prefect/runner/storage.py,class,A,5,0,84,374,GitRepository
src/prefect/runner/storage.py,method,A,5,4,198,211,_git_config
src/prefect/runner/storage.py,method,A,4,4,328,335,__eq__
src/prefect/runner/storage.py,function,A,3,0,785,801,_strip_auth_from_url
src/prefect/runner/storage.py,method,A,3,4,181,190,_add_credentials_to_url
src/prefect/runner/storage.py,class,A,3,0,377,565,RemoteStorage
src/prefect/runner/storage.py,method,A,3,4,497,525,pull_code
src/prefect/runner/storage.py,method,A,3,4,556,562,__eq__
src/prefect/runner/storage.py,class,A,3,0,568,627,BlockStorageAdapter
src/prefect/runner/storage.py,method,A,3,4,574,589,__init__
src/prefect/runner/storage.py,method,A,3,4,607,620,to_pull_step
src/prefect/runner/storage.py,class,A,2,0,31,76,RunnerStorage
src/prefect/runner/storage.py,method,A,2,4,213,224,is_sparsely_checked_out
src/prefect/runner/storage.py,method,A,2,4,527,554,to_pull_step
src/prefect/runner/storage.py,method,A,2,4,602,605,pull_code
src/prefect/runner/storage.py,method,A,2,4,624,627,__eq__
src/prefect/runner/storage.py,class,A,2,0,630,689,LocalStorage
src/prefect/runner/storage.py,method,A,2,4,683,686,__eq__
src/prefect/runner/storage.py,method,A,1,4,37,42,set_base_path
src/prefect/runner/storage.py,method,A,1,4,45,50,pull_interval
src/prefect/runner/storage.py,method,A,1,4,53,57,destination
src/prefect/runner/storage.py,method,A,1,4,59,63,pull_code
src/prefect/runner/storage.py,method,A,1,4,65,70,to_pull_step
src/prefect/runner/storage.py,method,A,1,4,72,76,__eq__
src/prefect/runner/storage.py,class,A,1,0,79,81,GitCredentials
src/prefect/runner/storage.py,method,A,1,4,152,153,destination
src/prefect/runner/storage.py,method,A,1,4,155,156,set_base_path
src/prefect/runner/storage.py,method,A,1,4,159,160,pull_interval
src/prefect/runner/storage.py,method,A,1,4,194,195,_repository_url_with_credentials
src/prefect/runner/storage.py,method,A,1,4,337,340,__repr__
src/prefect/runner/storage.py,method,A,1,4,421,431,__init__
src/prefect/runner/storage.py,method,A,1,4,452,469,_filesystem
src/prefect/runner/storage.py,method,A,1,4,471,472,set_base_path
src/prefect/runner/storage.py,method,A,1,4,475,480,pull_interval
src/prefect/runner/storage.py,method,A,1,4,483,487,destination
src/prefect/runner/storage.py,method,A,1,4,490,495,_remote_path
src/prefect/runner/storage.py,method,A,1,4,564,565,__repr__
src/prefect/runner/storage.py,method,A,1,4,591,592,set_base_path
src/prefect/runner/storage.py,method,A,1,4,595,596,pull_interval
src/prefect/runner/storage.py,method,A,1,4,599,600,destination
src/prefect/runner/storage.py,method,A,1,4,645,653,__init__
src/prefect/runner/storage.py,method,A,1,4,656,657,destination
src/prefect/runner/storage.py,method,A,1,4,659,660,set_base_path
src/prefect/runner/storage.py,method,A,1,4,663,664,pull_interval
src/prefect/runner/storage.py,method,A,1,4,666,669,pull_code
src/prefect/runner/storage.py,method,A,1,4,671,681,to_pull_step
src/prefect/runner/storage.py,method,A,1,4,688,689,__repr__
src/prefect/locking/memory.py,method,B,8,4,62,113,acquire_lock
src/prefect/locking/memory.py,method,B,8,4,115,168,aacquire_lock
src/prefect/locking/memory.py,class,A,5,0,25,215,MemoryLockManager
src/prefect/locking/memory.py,method,A,4,4,44,60,_expire_lock
src/prefect/locking/memory.py,method,A,4,4,170,181,release_lock
src/prefect/locking/memory.py,method,A,4,4,195,204,wait_for_lock
src/prefect/locking/memory.py,method,A,4,4,206,215,await_for_lock
src/prefect/locking/memory.py,method,A,3,4,187,192,is_lock_holder
src/prefect/locking/memory.py,method,A,2,4,35,38,__new__
src/prefect/locking/memory.py,method,A,2,4,184,185,is_locked
src/prefect/locking/memory.py,class,A,1,0,10,22,_LockInfo
src/prefect/locking/memory.py,method,A,1,4,40,42,__init__
src/prefect/locking/protocol.py,class,A,2,0,5,122,LockManager
src/prefect/locking/protocol.py,method,A,1,4,6,31,acquire_lock
src/prefect/locking/protocol.py,method,A,1,4,33,58,aacquire_lock
src/prefect/locking/protocol.py,method,A,1,4,60,69,release_lock
src/prefect/locking/protocol.py,method,A,1,4,71,81,is_locked
src/prefect/locking/protocol.py,method,A,1,4,83,94,is_lock_holder
src/prefect/locking/protocol.py,method,A,1,4,96,108,wait_for_lock
src/prefect/locking/protocol.py,method,A,1,4,110,122,await_for_lock
src/prefect/locking/filesystem.py,method,B,8,4,96,143,acquire_lock
src/prefect/locking/filesystem.py,method,B,8,4,145,192,aacquire_lock
src/prefect/locking/filesystem.py,class,A,5,0,34,245,FileSystemLockManager
src/prefect/locking/filesystem.py,method,A,5,4,54,72,_get_lock_info
src/prefect/locking/filesystem.py,method,A,5,4,74,94,_aget_lock_info
src/prefect/locking/filesystem.py,method,A,4,4,204,217,is_locked
src/prefect/locking/filesystem.py,method,A,4,4,219,227,is_lock_holder
src/prefect/locking/filesystem.py,method,A,4,4,229,236,wait_for_lock
src/prefect/locking/filesystem.py,method,A,4,4,238,245,await_for_lock
src/prefect/locking/filesystem.py,method,A,3,4,194,202,release_lock
src/prefect/locking/filesystem.py,method,A,2,4,49,52,_lock_path_for_key
src/prefect/locking/filesystem.py,class,A,1,0,19,31,_LockInfo
src/prefect/locking/filesystem.py,method,A,1,4,42,44,__init__
src/prefect/locking/filesystem.py,method,A,1,4,46,47,_ensure_lock_files_directory_exists
src/prefect/runtime/flow_run.py,function,A,5,0,76,108,__getattr__
src/prefect/runtime/flow_run.py,function,A,5,0,248,267,get_parent_flow_run_id
src/prefect/runtime/flow_run.py,function,A,4,0,142,154,get_tags
src/prefect/runtime/flow_run.py,function,A,4,0,157,169,get_run_count
src/prefect/runtime/flow_run.py,function,A,4,0,172,184,get_name
src/prefect/runtime/flow_run.py,function,A,4,0,187,199,get_flow_name
src/prefect/runtime/flow_run.py,function,A,4,0,202,214,get_flow_version
src/prefect/runtime/flow_run.py,function,A,4,0,217,229,get_scheduled_start_time
src/prefect/runtime/flow_run.py,function,A,4,0,270,286,get_parent_deployment_id
src/prefect/runtime/flow_run.py,function,A,3,0,131,139,get_id
src/prefect/runtime/flow_run.py,function,A,3,0,232,245,get_parameters
src/prefect/runtime/flow_run.py,function,A,2,0,56,59,_parse_datetime_UTC
src/prefect/runtime/flow_run.py,function,A,2,0,289,310,get_root_flow_run_id
src/prefect/runtime/flow_run.py,function,A,2,0,313,317,get_flow_run_api_url
src/prefect/runtime/flow_run.py,function,A,2,0,320,324,get_flow_run_ui_url
src/prefect/runtime/flow_run.py,function,A,2,0,327,329,get_job_variables
src/prefect/runtime/flow_run.py,function,A,1,0,111,112,__dir__
src/prefect/runtime/flow_run.py,function,A,1,0,115,117,_get_flow_run
src/prefect/runtime/flow_run.py,function,A,1,0,120,122,_get_task_run
src/prefect/runtime/flow_run.py,function,A,1,0,125,128,_get_flow_from_run
src/prefect/runtime/deployment.py,function,A,5,0,59,91,__getattr__
src/prefect/runtime/deployment.py,function,A,4,0,107,122,get_id
src/prefect/runtime/deployment.py,function,A,3,0,125,133,get_parameters
src/prefect/runtime/deployment.py,function,A,2,0,98,104,_get_deployment
src/prefect/runtime/deployment.py,function,A,2,0,136,145,get_name
src/prefect/runtime/deployment.py,function,A,2,0,148,157,get_version
src/prefect/runtime/deployment.py,function,A,1,0,94,95,__dir__
src/prefect/runtime/deployment.py,function,A,1,0,160,161,get_flow_run_id
src/prefect/runtime/task_run.py,function,A,5,0,50,82,__getattr__
src/prefect/runtime/task_run.py,function,A,3,0,135,140,get_task_run_api_url
src/prefect/runtime/task_run.py,function,A,3,0,143,148,get_task_run_ui_url
src/prefect/runtime/task_run.py,function,A,2,0,89,92,get_id
src/prefect/runtime/task_run.py,function,A,2,0,95,100,get_tags
src/prefect/runtime/task_run.py,function,A,2,0,103,108,get_run_count
src/prefect/runtime/task_run.py,function,A,2,0,111,116,get_name
src/prefect/runtime/task_run.py,function,A,2,0,119,124,get_task_name
src/prefect/runtime/task_run.py,function,A,2,0,127,132,get_parameters
src/prefect/runtime/task_run.py,function,A,1,0,85,86,__dir__
src/prefect/server/task_queue.py,class,A,4,0,87,103,MultiQueue
src/prefect/server/task_queue.py,method,A,4,4,95,103,get
src/prefect/server/task_queue.py,method,A,3,4,36,44,configure_task_key
src/prefect/server/task_queue.py,class,A,2,0,17,84,TaskQueue
src/prefect/server/task_queue.py,method,A,2,4,47,53,for_key
src/prefect/server/task_queue.py,method,A,2,4,66,71,get
src/prefect/server/task_queue.py,method,A,2,4,73,78,get_nowait
src/prefect/server/task_queue.py,method,A,2,4,92,93,__init__
src/prefect/server/task_queue.py,method,A,1,4,32,33,enqueue
src/prefect/server/task_queue.py,method,A,1,4,56,59,reset
src/prefect/server/task_queue.py,method,A,1,4,61,64,__init__
src/prefect/server/task_queue.py,method,A,1,4,80,81,put
src/prefect/server/task_queue.py,method,A,1,4,83,84,retry
src/prefect/server/exceptions.py,class,A,1,0,4,5,ObjectNotFoundError
src/prefect/server/exceptions.py,class,A,1,0,13,14,OrchestrationError
src/prefect/server/exceptions.py,class,A,1,0,17,18,MissingVariableError
src/prefect/server/exceptions.py,class,A,1,0,23,24,FlowRunGraphTooLarge
src/prefect/server/database/configurations.py,method,C,11,4,195,273,engine
src/prefect/server/database/configurations.py,method,B,9,4,115,151,__init__
src/prefect/server/database/configurations.py,method,B,7,4,340,397,engine
src/prefect/server/database/configurations.py,class,A,3,0,107,191,BaseDatabaseConfiguration
src/prefect/server/database/configurations.py,class,A,3,0,194,334,AsyncPostgresConfiguration
src/prefect/server/database/configurations.py,class,A,3,0,337,533,AioSqliteConfiguration
src/prefect/server/database/configurations.py,method,A,3,4,423,472,setup_sqlite
src/prefect/server/database/configurations.py,class,A,2,0,42,101,ConnectionTracker
src/prefect/server/database/configurations.py,method,A,2,4,75,84,on_close
src/prefect/server/database/configurations.py,method,A,2,4,86,94,on_close_detached
src/prefect/server/database/configurations.py,method,A,2,4,483,489,begin_sqlite_stmt
src/prefect/server/database/configurations.py,method,A,2,4,496,505,begin_transaction
src/prefect/server/database/configurations.py,method,A,2,4,530,533,is_inmemory
src/prefect/server/database/configurations.py,method,A,1,4,53,59,__init__
src/prefect/server/database/configurations.py,method,A,1,4,61,64,track_pool
src/prefect/server/database/configurations.py,method,A,1,4,66,73,on_connect
src/prefect/server/database/configurations.py,method,A,1,4,96,101,clear
src/prefect/server/database/configurations.py,method,A,1,4,154,158,unique_key
src/prefect/server/database/configurations.py,method,A,1,4,161,162,engine
src/prefect/server/database/configurations.py,method,A,1,4,165,166,session
src/prefect/server/database/configurations.py,method,A,1,4,171,174,create_db
src/prefect/server/database/configurations.py,method,A,1,4,177,180,drop_db
src/prefect/server/database/configurations.py,method,A,1,4,183,184,is_inmemory
src/prefect/server/database/configurations.py,method,A,1,4,187,191,begin_transaction
src/prefect/server/database/configurations.py,method,A,1,4,275,297,schedule_engine_disposal
src/prefect/server/database/configurations.py,method,A,1,4,299,306,session
src/prefect/server/database/configurations.py,method,A,1,4,309,315,begin_transaction
src/prefect/server/database/configurations.py,method,A,1,4,317,322,create_db
src/prefect/server/database/configurations.py,method,A,1,4,324,329,drop_db
src/prefect/server/database/configurations.py,method,A,1,4,331,334,is_inmemory
src/prefect/server/database/configurations.py,method,A,1,4,399,421,schedule_engine_disposal
src/prefect/server/database/configurations.py,method,A,1,4,474,481,begin_sqlite_conn
src/prefect/server/database/configurations.py,method,A,1,4,507,514,session
src/prefect/server/database/configurations.py,method,A,1,4,516,521,create_db
src/prefect/server/database/configurations.py,method,A,1,4,523,528,drop_db
src/prefect/server/database/alembic_commands.py,function,A,2,0,41,50,alembic_config
src/prefect/server/database/alembic_commands.py,function,A,1,0,22,38,with_alembic_lock
src/prefect/server/database/alembic_commands.py,function,A,1,0,54,72,alembic_upgrade
src/prefect/server/database/alembic_commands.py,function,A,1,0,76,87,alembic_downgrade
src/prefect/server/database/alembic_commands.py,function,A,1,0,91,105,alembic_revision
src/prefect/server/database/alembic_commands.py,function,A,1,0,110,120,alembic_stamp
src/prefect/server/database/interface.py,class,A,3,0,21,52,DBSingleton
src/prefect/server/database/interface.py,method,A,2,4,28,52,__call__
src/prefect/server/database/interface.py,class,A,2,0,55,329,PrefectDBInterface
src/prefect/server/database/interface.py,method,A,2,4,91,101,is_db_connectable
src/prefect/server/database/interface.py,method,A,2,4,119,138,session_context
src/prefect/server/database/interface.py,method,A,1,4,65,73,__init__
src/prefect/server/database/interface.py,method,A,1,4,75,77,create_db
src/prefect/server/database/interface.py,method,A,1,4,79,81,drop_db
src/prefect/server/database/interface.py,method,A,1,4,83,85,run_migrations_upgrade
src/prefect/server/database/interface.py,method,A,1,4,87,89,run_migrations_downgrade
src/prefect/server/database/interface.py,method,A,1,4,103,109,engine
src/prefect/server/database/interface.py,method,A,1,4,111,116,session
src/prefect/server/database/interface.py,method,A,1,4,141,142,dialect
src/prefect/server/database/interface.py,method,A,1,4,145,147,Base
src/prefect/server/database/interface.py,method,A,1,4,150,152,Flow
src/prefect/server/database/interface.py,method,A,1,4,155,157,FlowRun
src/prefect/server/database/interface.py,method,A,1,4,160,162,FlowRunState
src/prefect/server/database/interface.py,method,A,1,4,165,167,TaskRun
src/prefect/server/database/interface.py,method,A,1,4,170,172,TaskRunState
src/prefect/server/database/interface.py,method,A,1,4,175,177,Artifact
src/prefect/server/database/interface.py,method,A,1,4,180,182,ArtifactCollection
src/prefect/server/database/interface.py,method,A,1,4,185,187,TaskRunStateCache
src/prefect/server/database/interface.py,method,A,1,4,190,192,Deployment
src/prefect/server/database/interface.py,method,A,1,4,195,197,DeploymentSchedule
src/prefect/server/database/interface.py,method,A,1,4,200,202,SavedSearch
src/prefect/server/database/interface.py,method,A,1,4,205,207,WorkPool
src/prefect/server/database/interface.py,method,A,1,4,210,212,Worker
src/prefect/server/database/interface.py,method,A,1,4,215,217,Log
src/prefect/server/database/interface.py,method,A,1,4,220,222,ConcurrencyLimit
src/prefect/server/database/interface.py,method,A,1,4,225,227,ConcurrencyLimitV2
src/prefect/server/database/interface.py,method,A,1,4,230,232,CsrfToken
src/prefect/server/database/interface.py,method,A,1,4,235,237,WorkQueue
src/prefect/server/database/interface.py,method,A,1,4,240,242,Agent
src/prefect/server/database/interface.py,method,A,1,4,245,247,BlockType
src/prefect/server/database/interface.py,method,A,1,4,250,252,BlockSchema
src/prefect/server/database/interface.py,method,A,1,4,255,257,BlockSchemaReference
src/prefect/server/database/interface.py,method,A,1,4,260,262,BlockDocument
src/prefect/server/database/interface.py,method,A,1,4,265,267,BlockDocumentReference
src/prefect/server/database/interface.py,method,A,1,4,270,272,FlowRunNotificationPolicy
src/prefect/server/database/interface.py,method,A,1,4,275,277,FlowRunNotificationQueue
src/prefect/server/database/interface.py,method,A,1,4,280,282,Configuration
src/prefect/server/database/interface.py,method,A,1,4,285,287,Variable
src/prefect/server/database/interface.py,method,A,1,4,290,292,FlowRunInput
src/prefect/server/database/interface.py,method,A,1,4,295,297,Automation
src/prefect/server/database/interface.py,method,A,1,4,300,302,AutomationBucket
src/prefect/server/database/interface.py,method,A,1,4,305,307,AutomationRelatedResource
src/prefect/server/database/interface.py,method,A,1,4,310,314,CompositeTriggerChildFiring
src/prefect/server/database/interface.py,method,A,1,4,317,319,AutomationEventFollower
src/prefect/server/database/interface.py,method,A,1,4,322,324,Event
src/prefect/server/database/interface.py,method,A,1,4,327,329,EventResource
src/prefect/server/database/query_components.py,method,C,11,4,334,428,get_scheduled_flow_runs_from_work_pool
src/prefect/server/database/query_components.py,method,C,11,4,482,558,flow_run_graph_v2
src/prefect/server/database/query_components.py,class,A,5,0,922,933,UUIDList
src/prefect/server/database/query_components.py,method,A,4,4,561,607,_get_flow_run_graph_artifacts
src/prefect/server/database/query_components.py,method,A,4,4,928,933,process_result_value
src/prefect/server/database/query_components.py,class,A,3,0,80,615,BaseQueryComponents
src/prefect/server/database/query_components.py,method,A,3,4,148,199,queue_flow_run_notifications
src/prefect/server/database/query_components.py,method,A,3,4,432,452,read_configuration_value
src/prefect/server/database/query_components.py,method,A,3,4,1090,1136,_get_scheduled_flow_runs_join
src/prefect/server/database/query_components.py,method,A,2,4,202,278,get_scheduled_flow_runs_from_work_queues
src/prefect/server/database/query_components.py,method,A,2,4,281,320,_get_scheduled_flow_runs_join
src/prefect/server/database/query_components.py,method,A,2,4,459,467,_flow_run_graph_v2_query
src/prefect/server/database/query_components.py,method,A,2,4,609,615,_get_flow_run_graph_states
src/prefect/server/database/query_components.py,class,A,2,0,619,919,AsyncPostgresQueryComponents
src/prefect/server/database/query_components.py,method,A,2,4,666,687,set_state_id_on_inserted_flow_runs_statement
src/prefect/server/database/query_components.py,class,A,2,0,936,1295,AioSqliteQueryComponents
src/prefect/server/database/query_components.py,method,A,2,4,995,1023,set_state_id_on_inserted_flow_runs_statement
src/prefect/server/database/query_components.py,method,A,2,4,1026,1087,get_flow_run_notifications_from_queue
src/prefect/server/database/query_components.py,class,A,1,0,42,55,FlowRunNotificationsFromQueue
src/prefect/server/database/query_components.py,class,A,1,0,58,67,FlowRunGraphV2Node
src/prefect/server/database/query_components.py,method,A,1,4,89,93,unique_key
src/prefect/server/database/query_components.py,method,A,1,4,98,101,insert
src/prefect/server/database/query_components.py,method,A,1,4,107,108,uses_json_strings
src/prefect/server/database/query_components.py,method,A,1,4,111,112,cast_to_json
src/prefect/server/database/query_components.py,method,A,1,4,115,118,build_json_object
src/prefect/server/database/query_components.py,method,A,1,4,121,122,json_arr_agg
src/prefect/server/database/query_components.py,method,A,1,4,127,132,make_timestamp_intervals
src/prefect/server/database/query_components.py,method,A,1,4,135,139,set_state_id_on_inserted_flow_runs_statement
src/prefect/server/database/query_components.py,method,A,1,4,142,145,get_flow_run_notifications_from_queue
src/prefect/server/database/query_components.py,method,A,1,4,328,329,_get_scheduled_flow_runs_from_work_pool_template_path
src/prefect/server/database/query_components.py,method,A,1,4,454,456,clear_configuration_value_cache_for_key
src/prefect/server/database/query_components.py,method,A,1,4,470,471,_build_flow_run_graph_v2_query
src/prefect/server/database/query_components.py,method,A,1,4,622,623,insert
src/prefect/server/database/query_components.py,method,A,1,4,628,629,uses_json_strings
src/prefect/server/database/query_components.py,method,A,1,4,631,632,cast_to_json
src/prefect/server/database/query_components.py,method,A,1,4,634,637,build_json_object
src/prefect/server/database/query_components.py,method,A,1,4,639,640,json_arr_agg
src/prefect/server/database/query_components.py,method,A,1,4,644,662,make_timestamp_intervals
src/prefect/server/database/query_components.py,method,A,1,4,690,754,get_flow_run_notifications_from_queue
src/prefect/server/database/query_components.py,method,A,1,4,757,761,_get_scheduled_flow_runs_from_work_pool_template_path
src/prefect/server/database/query_components.py,method,A,1,4,764,919,_build_flow_run_graph_v2_query
src/prefect/server/database/query_components.py,method,A,1,4,939,940,insert
src/prefect/server/database/query_components.py,method,A,1,4,945,946,uses_json_strings
src/prefect/server/database/query_components.py,method,A,1,4,948,949,cast_to_json
src/prefect/server/database/query_components.py,method,A,1,4,951,954,build_json_object
src/prefect/server/database/query_components.py,method,A,1,4,956,957,json_arr_agg
src/prefect/server/database/query_components.py,method,A,1,4,961,992,make_timestamp_intervals
src/prefect/server/database/query_components.py,method,A,1,4,1143,1147,_get_scheduled_flow_runs_from_work_pool_template_path
src/prefect/server/database/query_components.py,method,A,1,4,1150,1295,_build_flow_run_graph_v2_query
src/prefect/server/database/orm_models.py,method,B,8,4,430,450,estimated_start_time_delta
src/prefect/server/database/orm_models.py,method,A,5,4,194,203,data
src/prefect/server/database/orm_models.py,method,A,5,4,258,267,data
src/prefect/server/database/orm_models.py,class,A,5,0,373,470,Run
src/prefect/server/database/orm_models.py,method,A,5,4,396,405,estimated_run_time
src/prefect/server/database/orm_models.py,class,A,3,0,160,218,FlowRunState
src/prefect/server/database/orm_models.py,class,A,3,0,223,282,TaskRunState
src/prefect/server/database/orm_models.py,class,A,2,0,56,133,Base
src/prefect/server/database/orm_models.py,class,A,2,0,287,322,Artifact
src/prefect/server/database/orm_models.py,class,A,2,0,352,368,TaskRunStateCache
src/prefect/server/database/orm_models.py,class,A,2,0,474,639,FlowRun
src/prefect/server/database/orm_models.py,method,A,2,4,552,562,set_state
src/prefect/server/database/orm_models.py,class,A,2,0,650,769,TaskRun
src/prefect/server/database/orm_models.py,method,A,2,4,703,713,set_state
src/prefect/server/database/orm_models.py,class,A,2,0,790,896,Deployment
src/prefect/server/database/orm_models.py,class,A,2,0,1012,1058,BlockDocument
src/prefect/server/database/orm_models.py,class,A,2,0,1252,1283,Automation
src/prefect/server/database/orm_models.py,class,A,2,0,1387,1420,Event
src/prefect/server/database/orm_models.py,class,A,2,0,1423,1440,EventResource
src/prefect/server/database/orm_models.py,class,A,2,0,1488,1560,BaseORMConfiguration
src/prefect/server/database/orm_models.py,class,A,2,0,1563,1575,AsyncPostgresORMConfiguration
src/prefect/server/database/orm_models.py,class,A,2,0,1579,1591,AioSqliteORMConfiguration
src/prefect/server/database/orm_models.py,method,A,1,4,103,104,__repr__
src/prefect/server/database/orm_models.py,method,A,1,4,107,113,__tablename__
src/prefect/server/database/orm_models.py,class,A,1,0,137,155,Flow
src/prefect/server/database/orm_models.py,method,A,1,4,207,208,as_state
src/prefect/server/database/orm_models.py,method,A,1,4,212,218,__table_args__
src/prefect/server/database/orm_models.py,method,A,1,4,271,272,as_state
src/prefect/server/database/orm_models.py,method,A,1,4,276,282,__table_args__
src/prefect/server/database/orm_models.py,method,A,1,4,307,322,__table_args__
src/prefect/server/database/orm_models.py,class,A,1,0,328,347,ArtifactCollection
src/prefect/server/database/orm_models.py,method,A,1,4,363,368,__table_args__
src/prefect/server/database/orm_models.py,method,A,1,4,409,426,_estimated_run_time_expression
src/prefect/server/database/orm_models.py,method,A,1,4,454,470,_estimated_start_time_delta_expression
src/prefect/server/database/orm_models.py,method,A,1,4,539,540,state
src/prefect/server/database/orm_models.py,method,A,1,4,543,550,_set_state
src/prefect/server/database/orm_models.py,method,A,1,4,585,639,__table_args__
src/prefect/server/database/orm_models.py,method,A,1,4,690,691,state
src/prefect/server/database/orm_models.py,method,A,1,4,694,701,_set_state
src/prefect/server/database/orm_models.py,method,A,1,4,731,769,__table_args__
src/prefect/server/database/orm_models.py,class,A,1,0,774,787,DeploymentSchedule
src/prefect/server/database/orm_models.py,method,A,1,4,811,812,job_variables
src/prefect/server/database/orm_models.py,class,A,1,0,901,919,Log
src/prefect/server/database/orm_models.py,class,A,1,0,924,931,ConcurrencyLimit
src/prefect/server/database/orm_models.py,class,A,1,0,934,944,ConcurrencyLimitV2
src/prefect/server/database/orm_models.py,class,A,1,0,947,963,BlockType
src/prefect/server/database/orm_models.py,class,A,1,0,968,996,BlockSchema
src/prefect/server/database/orm_models.py,class,A,1,0,1000,1008,BlockSchemaReference
src/prefect/server/database/orm_models.py,method,A,1,4,1044,1050,encrypt_data
src/prefect/server/database/orm_models.py,method,A,1,4,1052,1058,decrypt_data
src/prefect/server/database/orm_models.py,class,A,1,0,1061,1069,BlockDocumentReference
src/prefect/server/database/orm_models.py,class,A,1,0,1073,1077,Configuration
src/prefect/server/database/orm_models.py,class,A,1,0,1080,1088,SavedSearch
src/prefect/server/database/orm_models.py,class,A,1,0,1091,1123,WorkQueue
src/prefect/server/database/orm_models.py,class,A,1,0,1128,1153,WorkPool
src/prefect/server/database/orm_models.py,class,A,1,0,1156,1180,Worker
src/prefect/server/database/orm_models.py,class,A,1,0,1185,1198,Agent
src/prefect/server/database/orm_models.py,class,A,1,0,1201,1214,FlowRunNotificationPolicy
src/prefect/server/database/orm_models.py,class,A,1,0,1218,1223,FlowRunNotificationQueue
src/prefect/server/database/orm_models.py,class,A,1,0,1226,1231,Variable
src/prefect/server/database/orm_models.py,class,A,1,0,1234,1243,FlowRunInput
src/prefect/server/database/orm_models.py,class,A,1,0,1246,1249,CsrfToken
src/prefect/server/database/orm_models.py,method,A,1,4,1275,1283,sort_expression
src/prefect/server/database/orm_models.py,class,A,1,0,1286,1321,AutomationBucket
src/prefect/server/database/orm_models.py,class,A,1,0,1324,1344,AutomationRelatedResource
src/prefect/server/database/orm_models.py,class,A,1,0,1348,1368,CompositeTriggerChildFiring
src/prefect/server/database/orm_models.py,class,A,1,0,1371,1384,AutomationEventFollower
src/prefect/server/database/orm_models.py,method,A,1,4,1389,1390,__tablename__
src/prefect/server/database/orm_models.py,method,A,1,4,1425,1426,__tablename__
src/prefect/server/database/orm_models.py,method,A,1,4,1496,1500,unique_key
src/prefect/server/database/orm_models.py,method,A,1,4,1504,1506,versions_dir
src/prefect/server/database/orm_models.py,method,A,1,4,1509,1511,deployment_unique_upsert_columns
src/prefect/server/database/orm_models.py,method,A,1,4,1514,1516,concurrency_limit_unique_upsert_columns
src/prefect/server/database/orm_models.py,method,A,1,4,1519,1521,flow_run_unique_upsert_columns
src/prefect/server/database/orm_models.py,method,A,1,4,1524,1526,block_type_unique_upsert_columns
src/prefect/server/database/orm_models.py,method,A,1,4,1529,1531,artifact_collection_unique_upsert_columns
src/prefect/server/database/orm_models.py,method,A,1,4,1534,1536,block_schema_unique_upsert_columns
src/prefect/server/database/orm_models.py,method,A,1,4,1539,1541,flow_unique_upsert_columns
src/prefect/server/database/orm_models.py,method,A,1,4,1544,1546,saved_search_unique_upsert_columns
src/prefect/server/database/orm_models.py,method,A,1,4,1549,1554,task_run_unique_upsert_columns
src/prefect/server/database/orm_models.py,method,A,1,4,1558,1560,block_document_unique_upsert_columns
src/prefect/server/database/orm_models.py,method,A,1,4,1567,1575,versions_dir
src/prefect/server/database/orm_models.py,method,A,1,4,1583,1591,versions_dir
src/prefect/server/database/dependencies.py,function,C,11,0,69,139,provide_database_interface
src/prefect/server/database/dependencies.py,method,A,3,4,297,304,__get__
src/prefect/server/database/dependencies.py,class,A,2,0,205,248,_FuncWrapper
src/prefect/server/database/dependencies.py,method,A,2,12,243,248,_is_coroutine
src/prefect/server/database/dependencies.py,class,A,2,0,254,321,DBInjector
src/prefect/server/database/dependencies.py,class,A,2,0,325,357,_DBInjectorMethod
src/prefect/server/database/dependencies.py,function,A,1,0,143,167,inject_db
src/prefect/server/database/dependencies.py,function,A,1,0,171,171,db_injector
src/prefect/server/database/dependencies.py,function,A,1,0,175,175,db_injector
src/prefect/server/database/dependencies.py,function,A,1,0,178,202,db_injector
src/prefect/server/database/dependencies.py,function,A,1,0,361,378,temporary_database_config
src/prefect/server/database/dependencies.py,function,A,1,0,382,399,temporary_query_components
src/prefect/server/database/dependencies.py,function,A,1,0,403,420,temporary_orm_config
src/prefect/server/database/dependencies.py,function,A,1,0,424,440,temporary_interface_class
src/prefect/server/database/dependencies.py,function,A,1,0,444,476,temporary_database_interface
src/prefect/server/database/dependencies.py,function,A,1,0,479,481,set_database_config
src/prefect/server/database/dependencies.py,function,A,1,0,484,486,set_query_components
src/prefect/server/database/dependencies.py,function,A,1,0,489,491,set_orm_config
src/prefect/server/database/dependencies.py,function,A,1,0,494,496,set_interface_class
src/prefect/server/database/dependencies.py,class,A,1,0,54,58,_ModelDependencies
src/prefect/server/database/dependencies.py,method,A,1,4,215,216,__init__
src/prefect/server/database/dependencies.py,method,A,1,4,219,221,__wrapped__
src/prefect/server/database/dependencies.py,method,A,1,8,227,228,__getattr__
src/prefect/server/database/dependencies.py,method,A,1,8,230,231,__setattr__
src/prefect/server/database/dependencies.py,method,A,1,8,233,234,__delattr__
src/prefect/server/database/dependencies.py,method,A,1,8,266,266,__new__
src/prefect/server/database/dependencies.py,method,A,1,8,269,269,__new__
src/prefect/server/database/dependencies.py,method,A,1,8,271,273,__new__
src/prefect/server/database/dependencies.py,method,A,1,4,275,276,__init__
src/prefect/server/database/dependencies.py,method,A,1,4,278,281,__call__
src/prefect/server/database/dependencies.py,method,A,1,4,283,284,__set_name__
src/prefect/server/database/dependencies.py,method,A,1,4,287,287,__get__
src/prefect/server/database/dependencies.py,method,A,1,4,290,292,__get__
src/prefect/server/database/dependencies.py,method,A,1,4,295,295,__get__
src/prefect/server/database/dependencies.py,method,A,1,4,306,307,__repr__
src/prefect/server/database/dependencies.py,method,A,1,4,312,313,__doc__
src/prefect/server/database/dependencies.py,method,A,1,4,316,317,__doc__
src/prefect/server/database/dependencies.py,method,A,1,4,320,321,__doc__
src/prefect/server/database/dependencies.py,method,A,1,4,329,331,__init__
src/prefect/server/database/dependencies.py,method,A,1,4,333,336,__call__
src/prefect/server/database/dependencies.py,method,A,1,4,339,340,__self__
src/prefect/server/database/dependencies.py,method,A,1,4,342,343,__repr__
src/prefect/server/database/dependencies.py,method,A,1,4,348,349,__doc__
src/prefect/server/database/dependencies.py,method,A,1,4,352,353,__doc__
src/prefect/server/database/dependencies.py,method,A,1,4,356,357,__doc__
src/prefect/server/database/_migrations/env.py,function,C,14,0,22,86,include_object
src/prefect/server/database/_migrations/env.py,function,A,3,0,165,179,disable_sqlite_foreign_keys
src/prefect/server/database/_migrations/env.py,function,A,1,0,89,122,dry_run_migrations
src/prefect/server/database/_migrations/env.py,function,A,1,0,125,161,do_run_migrations
src/prefect/server/database/_migrations/env.py,function,A,1,0,182,190,apply_migrations
src/prefect/server/database/_migrations/versions/postgresql/2023_01_26_045501_2882cd2df465_migrate_artifact_data.py,function,A,4,0,19,82,upgrade
src/prefect/server/database/_migrations/versions/postgresql/2023_01_26_045501_2882cd2df465_migrate_artifact_data.py,function,A,4,0,87,126,downgrade
src/prefect/server/database/_migrations/versions/postgresql/2024_04_09_132036_954db7517015_trigger_in_index.py,function,A,1,0,20,41,upgrade
src/prefect/server/database/_migrations/versions/postgresql/2024_04_09_132036_954db7517015_trigger_in_index.py,function,A,1,0,45,66,downgrade
src/prefect/server/database/_migrations/versions/postgresql/2024_04_23_094748_7ae9e431e67a_work_status_fields.py,function,A,1,0,20,60,upgrade
src/prefect/server/database/_migrations/versions/postgresql/2024_04_23_094748_7ae9e431e67a_work_status_fields.py,function,A,1,0,65,72,downgrade
src/prefect/server/database/_migrations/versions/postgresql/2022_02_13_125213_679e695af6ba_add_configurations.py,function,A,1,0,21,56,upgrade
src/prefect/server/database/_migrations/versions/postgresql/2022_02_13_125213_679e695af6ba_add_configurations.py,function,A,1,0,61,65,downgrade
src/prefect/server/database/_migrations/versions/postgresql/2022_10_20_101423_3ced59d8806b_add_last_polled.py,function,A,1,0,21,27,upgrade
src/prefect/server/database/_migrations/versions/postgresql/2022_10_20_101423_3ced59d8806b_add_last_polled.py,function,A,1,0,32,34,downgrade
src/prefect/server/database/_migrations/versions/postgresql/2022_04_23_132803_d38c5e6a9115_rename_block_to_blockbasis_and_.py,function,A,1,0,18,72,upgrade
src/prefect/server/database/_migrations/versions/postgresql/2022_04_23_132803_d38c5e6a9115_rename_block_to_blockbasis_and_.py,function,A,1,0,76,130,downgrade
src/prefect/server/database/_migrations/versions/postgresql/2022_07_07_112809_e905fd199258_removes_debugprintnotification_block_.py,function,A,1,0,18,20,upgrade
src/prefect/server/database/_migrations/versions/postgresql/2022_07_07_112809_e905fd199258_removes_debugprintnotification_block_.py,function,A,1,0,26,28,downgrade
src/prefect/server/database/_migrations/versions/postgresql/2022_08_18_102804_2d5e000696f1_adds_block_schema_version.py,function,A,1,0,19,31,upgrade
src/prefect/server/database/_migrations/versions/postgresql/2022_08_18_102804_2d5e000696f1_adds_block_schema_version.py,function,A,1,0,35,40,downgrade
src/prefect/server/database/_migrations/versions/postgresql/2024_12_04_165333_5d03c01be85e_sync_orm_models_and_migrations.py,function,A,1,0,20,53,upgrade
src/prefect/server/database/_migrations/versions/postgresql/2024_12_04_165333_5d03c01be85e_sync_orm_models_and_migrations.py,function,A,1,0,56,110,downgrade
src/prefect/server/database/_migrations/versions/postgresql/2024_03_05_122228_121699507574_add_job_variables_column_to_flow_runs.py,function,A,1,0,20,27,upgrade
src/prefect/server/database/_migrations/versions/postgresql/2024_03_05_122228_121699507574_add_job_variables_column_to_flow_runs.py,function,A,1,0,32,33,downgrade
src/prefect/server/database/_migrations/versions/postgresql/2022_08_07_134410_77eb737fc759_add_work_queue_name_to_runs.py,function,A,1,0,19,37,upgrade
src/prefect/server/database/_migrations/versions/postgresql/2022_08_07_134410_77eb737fc759_add_work_queue_name_to_runs.py,function,A,1,0,40,58,downgrade
src/prefect/server/database/_migrations/versions/postgresql/2022_10_31_161719_41e5ed9e1034_.py,function,A,1,0,18,24,upgrade
src/prefect/server/database/_migrations/versions/postgresql/2022_10_31_161719_41e5ed9e1034_.py,function,A,1,0,32,35,downgrade
src/prefect/server/database/_migrations/versions/postgresql/2022_06_21_093732_29ad9bef6147_adds_indexes_for_block_filtering.py,function,A,1,0,18,29,upgrade
src/prefect/server/database/_migrations/versions/postgresql/2022_06_21_093732_29ad9bef6147_adds_indexes_for_block_filtering.py,function,A,1,0,37,45,downgrade
src/prefect/server/database/_migrations/versions/postgresql/2024_05_21_101457_94622c1663e8_json_variables.py,function,A,2,0,23,40,upgrade
src/prefect/server/database/_migrations/versions/postgresql/2024_05_21_101457_94622c1663e8_json_variables.py,function,A,2,0,43,59,downgrade
src/prefect/server/database/_migrations/versions/postgresql/2024_01_05_101034_6b63c51c31b4_add_sender_to_flowruninput.py,function,A,1,0,19,20,upgrade
src/prefect/server/database/_migrations/versions/postgresql/2024_01_05_101034_6b63c51c31b4_add_sender_to_flowruninput.py,function,A,1,0,23,24,downgrade
src/prefect/server/database/_migrations/versions/postgresql/2023_10_12_224511_bfe653bbf62e_add_last_polled_to_deployment.py,function,A,1,0,21,27,upgrade
src/prefect/server/database/_migrations/versions/postgresql/2023_10_12_224511_bfe653bbf62e_add_last_polled_to_deployment.py,function,A,1,0,32,34,downgrade
src/prefect/server/database/_migrations/versions/postgresql/2023_02_08_151958_cfdfec5d7557_remove_artifact_fk.py,function,A,1,0,18,23,upgrade
src/prefect/server/database/_migrations/versions/postgresql/2023_02_08_151958_cfdfec5d7557_remove_artifact_fk.py,function,A,1,0,27,40,downgrade
src/prefect/server/database/_migrations/versions/postgresql/2023_04_06_122716_15f5083c16bd_migrate_artifact_data.py,function,A,4,0,19,62,upgrade
src/prefect/server/database/_migrations/versions/postgresql/2023_04_06_122716_15f5083c16bd_migrate_artifact_data.py,function,A,1,0,65,66,downgrade
src/prefect/server/database/_migrations/versions/postgresql/2024_07_15_145240_7495a5013e7e_adding_scope_to_followers.py,function,A,1,0,19,38,upgrade
src/prefect/server/database/_migrations/versions/postgresql/2024_07_15_145240_7495a5013e7e_adding_scope_to_followers.py,function,A,1,0,42,53,downgrade
src/prefect/server/database/_migrations/versions/postgresql/2023_01_26_045501_2882cd2df464_create_migration_index.py,function,A,4,0,19,67,upgrade
src/prefect/server/database/_migrations/versions/postgresql/2023_01_26_045501_2882cd2df464_create_migration_index.py,function,A,1,0,70,77,downgrade
src/prefect/server/database/_migrations/versions/postgresql/2023_01_31_133052_2a88656f4a23_clean_up_work_queue_migration.py,function,A,1,0,21,31,upgrade
src/prefect/server/database/_migrations/versions/postgresql/2023_01_31_133052_2a88656f4a23_clean_up_work_queue_migration.py,function,A,1,0,35,91,downgrade
src/prefect/server/database/_migrations/versions/postgresql/2022_11_10_171740_8caf7c1fd82c_add_coalesced_start_time_indices.py,function,A,1,0,18,31,upgrade
src/prefect/server/database/_migrations/versions/postgresql/2022_11_10_171740_8caf7c1fd82c_add_coalesced_start_time_indices.py,function,A,1,0,40,50,downgrade
src/prefect/server/database/_migrations/versions/postgresql/2022_07_06_152528_4cdc2ba709a4_migrates_block_schemas_with_new_secrets_.py,function,B,6,0,83,143,upgrade
src/prefect/server/database/_migrations/versions/postgresql/2022_07_06_152528_4cdc2ba709a4_migrates_block_schemas_with_new_secrets_.py,function,A,1,0,149,151,downgrade
src/prefect/server/database/_migrations/versions/postgresql/2022_10_14_172612_ad4b1b4d1e9d_index_deployment_created.py,function,A,1,0,18,20,upgrade
src/prefect/server/database/_migrations/versions/postgresql/2022_10_14_172612_ad4b1b4d1e9d_index_deployment_created.py,function,A,1,0,23,25,downgrade
src/prefect/server/database/_migrations/versions/postgresql/2024_08_14_150111_97429116795e_add_deployment_concurrency_limit.py,function,A,1,0,19,21,upgrade
src/prefect/server/database/_migrations/versions/postgresql/2024_08_14_150111_97429116795e_add_deployment_concurrency_limit.py,function,A,1,0,25,26,downgrade
src/prefect/server/database/_migrations/versions/postgresql/2023_04_05_134520_310dda75f561_add_variables.py,function,A,1,0,21,53,upgrade
src/prefect/server/database/_migrations/versions/postgresql/2023_04_05_134520_310dda75f561_add_variables.py,function,A,1,0,56,58,downgrade
src/prefect/server/database/_migrations/versions/postgresql/2022_02_13_125213_5f376def75c3_block_data.py,function,A,1,0,21,55,upgrade
src/prefect/server/database/_migrations/versions/postgresql/2022_02_13_125213_5f376def75c3_block_data.py,function,A,1,0,60,64,downgrade
src/prefect/server/database/_migrations/versions/postgresql/2023_03_20_185610_46bd82c6279a_add_index_on_artifact.py,function,A,1,0,18,20,upgrade
src/prefect/server/database/_migrations/versions/postgresql/2023_03_20_185610_46bd82c6279a_add_index_on_artifact.py,function,A,1,0,30,32,downgrade
src/prefect/server/database/_migrations/versions/postgresql/2022_05_28_081821_2fe6fe6ca16e_adds_block_schema_references_and_block_.py,function,A,3,0,34,177,upgrade
src/prefect/server/database/_migrations/versions/postgresql/2022_05_28_081821_2fe6fe6ca16e_adds_block_schema_references_and_block_.py,function,A,1,0,183,193,downgrade
src/prefect/server/database/_migrations/versions/postgresql/2023_12_07_095320_733ca1903976_create_flow_run_input_table.py,function,A,1,0,21,54,upgrade
src/prefect/server/database/_migrations/versions/postgresql/2023_12_07_095320_733ca1903976_create_flow_run_input_table.py,function,A,1,0,58,60,downgrade
src/prefect/server/database/_migrations/versions/postgresql/2023_01_26_045500_2882cd2df463_implement_artifact_table.py,function,A,1,0,21,145,upgrade
src/prefect/server/database/_migrations/versions/postgresql/2023_01_26_045500_2882cd2df463_implement_artifact_table.py,function,A,1,0,149,173,downgrade
src/prefect/server/database/_migrations/versions/postgresql/2022_05_30_112549_cdcb4018dd0e_rename_run_alerts_to_run_notifications.py,function,A,1,0,18,45,upgrade
src/prefect/server/database/_migrations/versions/postgresql/2022_05_30_112549_cdcb4018dd0e_rename_run_alerts_to_run_notifications.py,function,A,1,0,49,75,downgrade
src/prefect/server/database/_migrations/versions/postgresql/2022_02_20_103844_4799f657a6a1_add_block_spec_table.py,function,A,1,0,21,70,upgrade
src/prefect/server/database/_migrations/versions/postgresql/2022_02_20_103844_4799f657a6a1_add_block_spec_table.py,function,A,1,0,74,88,downgrade
src/prefect/server/database/_migrations/versions/postgresql/2022_07_25_233637_add97ce1937d_update_deployments_to_include_more_.py,function,A,1,0,21,51,upgrade
src/prefect/server/database/_migrations/versions/postgresql/2022_07_25_233637_add97ce1937d_update_deployments_to_include_more_.py,function,A,1,0,55,64,downgrade
src/prefect/server/database/_migrations/versions/postgresql/2024_04_09_125658_916718e8330f_automation_event_follower.py,function,A,1,0,23,85,upgrade
src/prefect/server/database/_migrations/versions/postgresql/2024_04_09_125658_916718e8330f_automation_event_follower.py,function,A,1,0,89,102,downgrade
src/prefect/server/database/_migrations/versions/postgresql/2024_09_16_152051_eaec5004771f_add_deployment_to_global_concurrency_.py,function,A,1,0,21,54,upgrade
src/prefect/server/database/_migrations/versions/postgresql/2024_09_16_152051_eaec5004771f_add_deployment_to_global_concurrency_.py,function,A,1,0,57,63,downgrade
src/prefect/server/database/_migrations/versions/postgresql/2022_10_12_102048_22b7cb02e593_add_state_timestamp.py,function,A,5,0,21,78,upgrade
src/prefect/server/database/_migrations/versions/postgresql/2022_10_12_102048_22b7cb02e593_add_state_timestamp.py,function,A,1,0,81,88,downgrade
src/prefect/server/database/_migrations/versions/postgresql/2022_02_17_140821_5bff7878e700_add_agents_and_work_queue.py,function,A,1,0,21,100,upgrade
src/prefect/server/database/_migrations/versions/postgresql/2022_02_17_140821_5bff7878e700_add_agents_and_work_queue.py,function,A,1,0,104,109,downgrade
src/prefect/server/database/_migrations/versions/postgresql/2022_05_26_135743_724e6dcc6b5d_add_block_schema_capabilities.py,function,A,3,0,21,49,upgrade
src/prefect/server/database/_migrations/versions/postgresql/2022_05_26_135743_724e6dcc6b5d_add_block_schema_capabilities.py,function,A,3,0,53,78,downgrade
src/prefect/server/database/_migrations/versions/postgresql/2022_11_05_180555_54c1876c68ae_add_index_for_scheduled_deployments.py,function,A,1,0,18,21,upgrade
src/prefect/server/database/_migrations/versions/postgresql/2022_11_05_180555_54c1876c68ae_add_index_for_scheduled_deployments.py,function,A,1,0,29,32,downgrade
src/prefect/server/database/_migrations/versions/postgresql/2022_05_12_202952_dc7a3c6fd3e9_add_flow_run_alerts.py,function,A,1,0,21,119,upgrade
src/prefect/server/database/_migrations/versions/postgresql/2022_05_12_202952_dc7a3c6fd3e9_add_flow_run_alerts.py,function,A,1,0,124,139,downgrade
src/prefect/server/database/_migrations/versions/postgresql/2023_01_26_045502_2882cd2df466_cleanup_artifact_migration.py,function,A,1,0,21,35,upgrade
src/prefect/server/database/_migrations/versions/postgresql/2023_01_26_045502_2882cd2df466_cleanup_artifact_migration.py,function,A,1,0,38,78,downgrade
src/prefect/server/database/_migrations/versions/postgresql/2022_02_21_150017_b68b3cad6b8a_add_block_spec_id_to_blocks.py,function,A,1,0,21,54,upgrade
src/prefect/server/database/_migrations/versions/postgresql/2022_02_21_150017_b68b3cad6b8a_add_block_spec_id_to_blocks.py,function,A,1,0,60,74,downgrade
src/prefect/server/database/_migrations/versions/postgresql/2023_04_05_130406_43c94d4c7aa3_add_pull_steps_column_to_deployment.py,function,A,1,0,21,27,upgrade
src/prefect/server/database/_migrations/versions/postgresql/2023_04_05_130406_43c94d4c7aa3_add_pull_steps_column_to_deployment.py,function,A,1,0,32,33,downgrade
src/prefect/server/database/_migrations/versions/postgresql/2023_03_01_154651_7d918a392297_remove_flowrun_deployment_fk.py,function,A,1,0,18,21,upgrade
src/prefect/server/database/_migrations/versions/postgresql/2023_03_01_154651_7d918a392297_remove_flowrun_deployment_fk.py,function,A,1,0,27,30,downgrade
src/prefect/server/database/_migrations/versions/postgresql/2022_06_20_123921_7296741dff68_add_protected_column_for_block_types.py,function,A,1,0,19,23,upgrade
src/prefect/server/database/_migrations/versions/postgresql/2022_06_20_123921_7296741dff68_add_protected_column_for_block_types.py,function,A,1,0,28,31,downgrade
src/prefect/server/database/_migrations/versions/postgresql/2022_05_10_145956_1c9390e2f9c6_replace_version_with_checksum_and_.py,function,A,4,0,22,150,upgrade
src/prefect/server/database/_migrations/versions/postgresql/2022_05_10_145956_1c9390e2f9c6_replace_version_with_checksum_and_.py,function,A,1,0,155,195,downgrade
src/prefect/server/database/_migrations/versions/postgresql/2022_06_17_204409_d335ad57d5ba_add_block_schema_indexes.py,function,A,1,0,18,31,upgrade
src/prefect/server/database/_migrations/versions/postgresql/2022_06_17_204409_d335ad57d5ba_add_block_schema_indexes.py,function,A,1,0,36,41,downgrade
src/prefect/server/database/_migrations/versions/postgresql/2024_09_11_090317_555ed31b284d_add_concurrency_options.py,function,A,1,0,22,28,upgrade
src/prefect/server/database/_migrations/versions/postgresql/2024_09_11_090317_555ed31b284d_add_concurrency_options.py,function,A,1,0,33,34,downgrade
src/prefect/server/database/_migrations/versions/postgresql/2022_07_21_205820_0cf7311d6ea6_add_crashed_state_type.py,function,A,1,0,18,19,upgrade
src/prefect/server/database/_migrations/versions/postgresql/2022_07_21_205820_0cf7311d6ea6_add_crashed_state_type.py,function,A,1,0,22,24,downgrade
src/prefect/server/database/_migrations/versions/postgresql/2024_04_04_094418_bd6efa529f03_add_deployment_version_to_flow_run.py,function,A,1,0,19,27,upgrade
src/prefect/server/database/_migrations/versions/postgresql/2024_04_04_094418_bd6efa529f03_add_deployment_version_to_flow_run.py,function,A,1,0,32,34,downgrade
src/prefect/server/database/_migrations/versions/postgresql/2021_01_20_122127_25f4b90a7a42_initial_migration.py,function,A,1,0,36,811,upgrade
src/prefect/server/database/_migrations/versions/postgresql/2021_01_20_122127_25f4b90a7a42_initial_migration.py,function,A,1,0,815,899,downgrade
src/prefect/server/database/_migrations/versions/postgresql/2021_01_20_122127_25f4b90a7a42_initial_migration.py,class,A,1,0,19,26,DataDocument
src/prefect/server/database/_migrations/versions/postgresql/2023_08_02_133838_5f623ddbf7fe_create_concurrency_limit_v2_table.py,function,A,1,0,21,56,upgrade
src/prefect/server/database/_migrations/versions/postgresql/2023_08_02_133838_5f623ddbf7fe_create_concurrency_limit_v2_table.py,function,A,1,0,60,64,downgrade
src/prefect/server/database/_migrations/versions/postgresql/2022_04_21_095519_14dc68cc5853_backfill_state_name.py,function,A,5,0,19,59,upgrade
src/prefect/server/database/_migrations/versions/postgresql/2022_04_21_095519_14dc68cc5853_backfill_state_name.py,function,A,1,0,62,63,downgrade
src/prefect/server/database/_migrations/versions/postgresql/2023_01_25_164028_9326a6aee18b_add_cancelling_to_state_type_enum.py,function,A,1,0,18,19,upgrade
src/prefect/server/database/_migrations/versions/postgresql/2023_01_25_164028_9326a6aee18b_add_cancelling_to_state_type_enum.py,function,A,1,0,22,23,downgrade
src/prefect/server/database/_migrations/versions/postgresql/2023_09_20_134544_db0eb3973a54_adds_enforce_parameter_schema_column_to_.py,function,A,1,0,19,23,upgrade
src/prefect/server/database/_migrations/versions/postgresql/2023_09_20_134544_db0eb3973a54_adds_enforce_parameter_schema_column_to_.py,function,A,1,0,28,29,downgrade
src/prefect/server/database/_migrations/versions/postgresql/2022_11_24_143620_f7587d6c5776_add_worker_tables.py,function,A,1,0,21,229,upgrade
src/prefect/server/database/_migrations/versions/postgresql/2022_11_24_143620_f7587d6c5776_add_worker_tables.py,function,A,1,0,235,245,downgrade
src/prefect/server/database/_migrations/versions/postgresql/2023_10_30_075026_cef24af2ec34_add_block_type_name_to_block_document.py,function,A,3,0,19,47,upgrade
src/prefect/server/database/_migrations/versions/postgresql/2023_10_30_075026_cef24af2ec34_add_block_type_name_to_block_document.py,function,A,1,0,50,56,downgrade
src/prefect/server/database/_migrations/versions/postgresql/2022_07_11_170700_112c68143fc3_add_infrastructure_document_id_to_.py,function,A,1,0,21,52,upgrade
src/prefect/server/database/_migrations/versions/postgresql/2022_07_11_170700_112c68143fc3_add_infrastructure_document_id_to_.py,function,A,1,0,56,68,downgrade
src/prefect/server/database/_migrations/versions/postgresql/2022_06_29_152219_2f46fc3f3beb_remove_name_column_for_notification_.py,function,A,1,0,19,22,upgrade
src/prefect/server/database/_migrations/versions/postgresql/2022_06_29_152219_2f46fc3f3beb_remove_name_column_for_notification_.py,function,A,1,0,27,32,downgrade
src/prefect/server/database/_migrations/versions/postgresql/2023_03_15_153039_4a1a0e4f89de_add_artifact_description_col.py,function,A,1,0,19,21,upgrade
src/prefect/server/database/_migrations/versions/postgresql/2023_03_15_153039_4a1a0e4f89de_add_artifact_description_col.py,function,A,1,0,24,26,downgrade
src/prefect/server/database/_migrations/versions/postgresql/2023_01_08_180142_d481d5058a19_rename_worker_pools_to_work_pools.py,function,A,1,0,21,239,upgrade
src/prefect/server/database/_migrations/versions/postgresql/2023_01_08_180142_d481d5058a19_rename_worker_pools_to_work_pools.py,function,A,1,0,243,461,downgrade
src/prefect/server/database/_migrations/versions/postgresql/2022_06_04_133535_d60c18774a5d_add_indexes_for_partial_name_matches.py,function,A,1,0,18,45,upgrade
src/prefect/server/database/_migrations/versions/postgresql/2022_06_04_133535_d60c18774a5d_add_indexes_for_partial_name_matches.py,function,A,1,0,53,76,downgrade
src/prefect/server/database/_migrations/versions/postgresql/2023_03_20_175243_aa84ac237ce8_remove_artifact_uq.py,function,A,1,0,16,22,upgrade
src/prefect/server/database/_migrations/versions/postgresql/2023_03_20_175243_aa84ac237ce8_remove_artifact_uq.py,function,A,1,0,26,32,downgrade
src/prefect/server/database/_migrations/versions/postgresql/2022_11_23_092449_5e4f924ff96c_add_paused_state_type.py,function,A,1,0,18,19,upgrade
src/prefect/server/database/_migrations/versions/postgresql/2022_11_23_092449_5e4f924ff96c_add_paused_state_type.py,function,A,1,0,22,24,downgrade
src/prefect/server/database/_migrations/versions/postgresql/2024_03_13_111215_7a653837d9ba_create_csrf_token_toble.py,function,A,1,0,21,53,upgrade
src/prefect/server/database/_migrations/versions/postgresql/2024_03_13_111215_7a653837d9ba_create_csrf_token_toble.py,function,A,1,0,57,59,downgrade
src/prefect/server/database/_migrations/versions/postgresql/2025_02_03_125146_c163acd7e8e3_add_parameters_column_to_deployment_.py,function,A,1,0,21,28,upgrade
src/prefect/server/database/_migrations/versions/postgresql/2025_02_03_125146_c163acd7e8e3_add_parameters_column_to_deployment_.py,function,A,1,0,33,34,downgrade
src/prefect/server/database/_migrations/versions/postgresql/2024_01_22_120615_8cf4d4933848_create_deployment_schedule_and_add_.py,function,A,1,0,21,98,upgrade
src/prefect/server/database/_migrations/versions/postgresql/2024_01_22_120615_8cf4d4933848_create_deployment_schedule_and_add_.py,function,A,1,0,101,110,downgrade
src/prefect/server/database/_migrations/versions/postgresql/2022_11_18_161056_5d526270ddb4_add_flowrun_infrastructure_pid.py,function,A,1,0,19,21,upgrade
src/prefect/server/database/_migrations/versions/postgresql/2022_11_18_161056_5d526270ddb4_add_flowrun_infrastructure_pid.py,function,A,1,0,24,26,downgrade
src/prefect/server/database/_migrations/versions/postgresql/2022_07_29_181713_fa985d474982_add_index_to_flow_run_infrastructure_.py,function,A,1,0,18,26,upgrade
src/prefect/server/database/_migrations/versions/postgresql/2022_07_29_181713_fa985d474982_add_index_to_flow_run_infrastructure_.py,function,A,1,0,31,37,downgrade
src/prefect/server/database/_migrations/versions/postgresql/2022_03_10_102713_2e7e1428ffce_index_flow_created.py,function,A,1,0,18,20,upgrade
src/prefect/server/database/_migrations/versions/postgresql/2022_03_10_102713_2e7e1428ffce_index_flow_created.py,function,A,1,0,23,25,downgrade
src/prefect/server/database/_migrations/versions/postgresql/2023_04_04_172310_6a1eb3d442e4_add_cols_to_artifact_collection.py,function,A,1,0,21,67,upgrade
src/prefect/server/database/_migrations/versions/postgresql/2023_04_04_172310_6a1eb3d442e4_add_cols_to_artifact_collection.py,function,A,1,0,72,78,downgrade
src/prefect/server/database/_migrations/versions/postgresql/2024_11_15_150706_68a44144428d_add_labels_column_to_flow_flowrun_.py,function,A,1,0,20,50,upgrade
src/prefect/server/database/_migrations/versions/postgresql/2024_11_15_150706_68a44144428d_add_labels_column_to_flow_flowrun_.py,function,A,1,0,55,59,downgrade
src/prefect/server/database/_migrations/versions/postgresql/2022_08_07_154550_7737221bf8a4_fix_concurrency_limit_tag_index_name.py,function,A,1,0,20,22,upgrade
src/prefect/server/database/_migrations/versions/postgresql/2022_08_07_154550_7737221bf8a4_fix_concurrency_limit_tag_index_name.py,function,A,1,0,26,28,downgrade
src/prefect/server/database/_migrations/versions/postgresql/2022_10_19_165110_8ea825da948d_track_retries_restarts.py,function,A,1,0,19,24,upgrade
src/prefect/server/database/_migrations/versions/postgresql/2022_10_19_165110_8ea825da948d_track_retries_restarts.py,function,A,1,0,30,32,downgrade
src/prefect/server/database/_migrations/versions/postgresql/2024_04_03_112409_aeea5ee6f070_automations_models.py,function,A,1,0,26,275,upgrade
src/prefect/server/database/_migrations/versions/postgresql/2024_04_03_112409_aeea5ee6f070_automations_models.py,function,A,1,0,279,312,downgrade
src/prefect/server/database/_migrations/versions/postgresql/2023_03_20_185238_d20618ce678e_add_artifact_collection_table.py,function,A,1,0,20,50,upgrade
src/prefect/server/database/_migrations/versions/postgresql/2023_03_20_185238_d20618ce678e_add_artifact_collection_table.py,function,A,1,0,54,58,downgrade
src/prefect/server/database/_migrations/versions/postgresql/2023_09_25_121806_05ea6f882b1d_remove_flow_run_id_requirement_from_task_run.py,function,A,1,0,18,23,upgrade
src/prefect/server/database/_migrations/versions/postgresql/2023_09_25_121806_05ea6f882b1d_remove_flow_run_id_requirement_from_task_run.py,function,A,1,0,26,31,downgrade
src/prefect/server/database/_migrations/versions/postgresql/2023_09_06_085747_50f8c182c3ca_.py,function,A,1,0,19,21,upgrade
src/prefect/server/database/_migrations/versions/postgresql/2023_09_06_085747_50f8c182c3ca_.py,function,A,1,0,25,26,downgrade
src/prefect/server/database/_migrations/versions/postgresql/2023_11_20_084708_9c493c02ca6d_add_trgm_index_to_block_document_name.py,function,A,1,0,18,21,upgrade
src/prefect/server/database/_migrations/versions/postgresql/2023_11_20_084708_9c493c02ca6d_add_trgm_index_to_block_document_name.py,function,A,1,0,29,32,downgrade
src/prefect/server/database/_migrations/versions/postgresql/2022_10_19_093902_6d548701edef_add_created_by.py,function,A,1,0,21,50,upgrade
src/prefect/server/database/_migrations/versions/postgresql/2022_10_19_093902_6d548701edef_add_created_by.py,function,A,1,0,56,60,downgrade
src/prefect/server/database/_migrations/versions/postgresql/2022_06_13_104234_61c76ee09e02_add_anonymous_column_for_block_documents.py,function,A,1,0,19,28,upgrade
src/prefect/server/database/_migrations/versions/postgresql/2022_06_13_104234_61c76ee09e02_add_anonymous_column_for_block_documents.py,function,A,1,0,34,38,downgrade
src/prefect/server/database/_migrations/versions/postgresql/2023_12_07_121416_7c453555d3a5_make_flowruninput_flow_run_id_a_foreign_.py,function,A,1,0,18,25,upgrade
src/prefect/server/database/_migrations/versions/postgresql/2023_12_07_121416_7c453555d3a5_make_flowruninput_flow_run_id_a_foreign_.py,function,A,1,0,29,33,downgrade
src/prefect/server/database/_migrations/versions/postgresql/2024_04_10_194742_15768c2ec702_add_events_and_event_resources_tables.py,function,A,1,0,22,157,upgrade
src/prefect/server/database/_migrations/versions/postgresql/2024_04_10_194742_15768c2ec702_add_events_and_event_resources_tables.py,function,A,1,0,160,174,downgrade
src/prefect/server/database/_migrations/versions/postgresql/2022_07_25_214717_4ff2f2bf81f4_adds_block_type_slug.py,function,B,6,0,22,33,replace_name_with_slug
src/prefect/server/database/_migrations/versions/postgresql/2022_07_25_214717_4ff2f2bf81f4_adds_block_type_slug.py,function,A,3,0,36,74,upgrade
src/prefect/server/database/_migrations/versions/postgresql/2022_07_25_214717_4ff2f2bf81f4_adds_block_type_slug.py,function,A,1,0,77,80,downgrade
src/prefect/server/database/_migrations/versions/postgresql/2022_08_01_211251_97e212ea6545_add_deployment_version.py,function,A,1,0,19,21,upgrade
src/prefect/server/database/_migrations/versions/postgresql/2022_08_01_211251_97e212ea6545_add_deployment_version.py,function,A,1,0,24,26,downgrade
src/prefect/server/database/_migrations/versions/postgresql/2023_04_04_132534_3bf47e3ce2dd_add_index_on_log.py,function,A,1,0,18,23,upgrade
src/prefect/server/database/_migrations/versions/postgresql/2023_04_04_132534_3bf47e3ce2dd_add_index_on_log.py,function,A,1,0,27,28,downgrade
src/prefect/server/database/_migrations/versions/postgresql/2023_01_26_152801_0a1250a5aa25_expand_work_queue_table.py,function,A,1,0,21,115,upgrade
src/prefect/server/database/_migrations/versions/postgresql/2023_01_26_152801_0a1250a5aa25_expand_work_queue_table.py,function,A,1,0,119,193,downgrade
src/prefect/server/database/_migrations/versions/postgresql/2023_09_21_130125_4e9a6f93eb6c_make_slot_decay_per_second_not_nullable.py,function,A,1,0,19,28,upgrade
src/prefect/server/database/_migrations/versions/postgresql/2023_09_21_130125_4e9a6f93eb6c_make_slot_decay_per_second_not_nullable.py,function,A,1,0,32,37,downgrade
src/prefect/server/database/_migrations/versions/postgresql/2024_04_25_155240_8905262ec07f_worker_status_field.py,function,A,1,0,22,36,upgrade
src/prefect/server/database/_migrations/versions/postgresql/2024_04_25_155240_8905262ec07f_worker_status_field.py,function,A,1,0,40,44,downgrade
src/prefect/server/database/_migrations/versions/postgresql/2022_02_19_205543_d9d98a9ebb6f_rename_block_data_table.py,function,A,1,0,18,20,upgrade
src/prefect/server/database/_migrations/versions/postgresql/2022_02_19_205543_d9d98a9ebb6f_rename_block_data_table.py,function,A,1,0,27,29,downgrade
src/prefect/server/database/_migrations/versions/postgresql/2022_02_21_111050_d115556a8ab6_index_flowrun_flow_runner_type.py,function,A,1,0,18,23,upgrade
src/prefect/server/database/_migrations/versions/postgresql/2022_02_21_111050_d115556a8ab6_index_flowrun_flow_runner_type.py,function,A,1,0,27,28,downgrade
src/prefect/server/database/_migrations/versions/postgresql/2025_02_05_152418_a03d00b8e275_add_slug_column_to_deployment_schedule.py,function,A,1,0,19,34,upgrade
src/prefect/server/database/_migrations/versions/postgresql/2025_02_05_152418_a03d00b8e275_add_slug_column_to_deployment_schedule.py,function,A,1,0,43,57,downgrade
src/prefect/server/database/_migrations/versions/postgresql/2024_05_01_105401_b23c83a12cb4_add_catchup_fields_to_deploymentschedule.py,function,A,1,0,19,29,upgrade
src/prefect/server/database/_migrations/versions/postgresql/2024_05_01_105401_b23c83a12cb4_add_catchup_fields_to_deploymentschedule.py,function,A,1,0,33,36,downgrade
src/prefect/server/database/_migrations/versions/postgresql/2022_07_14_114039_0f27d462bf6d_removing_default_storage_block_document.py,function,A,1,0,19,24,upgrade
src/prefect/server/database/_migrations/versions/postgresql/2022_07_14_114039_0f27d462bf6d_removing_default_storage_block_document.py,function,A,1,0,27,42,downgrade
src/prefect/server/database/_migrations/versions/postgresql/2022_07_21_133134_e085c9cbf8ce_remove_flow_runners.py,function,A,1,0,20,27,upgrade
src/prefect/server/database/_migrations/versions/postgresql/2022_07_21_133134_e085c9cbf8ce_remove_flow_runners.py,function,A,1,0,30,78,downgrade
src/prefect/server/database/_migrations/versions/postgresql/2022_06_08_121753_3a7c41d3b464_adds_description_and_code_example_to_.py,function,A,1,0,19,22,upgrade
src/prefect/server/database/_migrations/versions/postgresql/2022_06_08_121753_3a7c41d3b464_adds_description_and_code_example_to_.py,function,A,1,0,26,29,downgrade
src/prefect/server/database/_migrations/versions/postgresql/2022_08_06_145817_60e428f92a75_expand_deployment_schema_for_improved_ux.py,function,A,1,0,21,42,upgrade
src/prefect/server/database/_migrations/versions/postgresql/2022_08_06_145817_60e428f92a75_expand_deployment_schema_for_improved_ux.py,function,A,1,0,47,51,downgrade
src/prefect/server/database/_migrations/versions/postgresql/2022_04_20_113011_605ebb4e9155_add_flow_run_state_name.py,function,A,1,0,19,32,upgrade
src/prefect/server/database/_migrations/versions/postgresql/2022_04_20_113011_605ebb4e9155_add_flow_run_state_name.py,function,A,1,0,40,45,downgrade
src/prefect/server/database/_migrations/versions/postgresql/2022_06_29_135432_813ddf14e2de_add_descriptions_to_deployments.py,function,A,1,0,19,20,upgrade
src/prefect/server/database/_migrations/versions/postgresql/2022_06_29_135432_813ddf14e2de_add_descriptions_to_deployments.py,function,A,1,0,23,24,downgrade
src/prefect/server/database/_migrations/versions/postgresql/2022_07_19_160058_bb4dc90d3e29_renames_existing_block_types.py,function,A,3,0,37,51,upgrade
src/prefect/server/database/_migrations/versions/postgresql/2022_07_19_160058_bb4dc90d3e29_renames_existing_block_types.py,function,A,1,0,55,57,downgrade
src/prefect/server/database/_migrations/versions/postgresql/2023_01_31_110543_f98ae6d8e2cc_work_queue_data_migration.py,function,B,8,0,19,152,upgrade
src/prefect/server/database/_migrations/versions/postgresql/2023_01_31_110543_f98ae6d8e2cc_work_queue_data_migration.py,function,B,7,0,155,235,downgrade
src/prefect/server/database/_migrations/versions/sqlite/2022_11_05_180619_a0284438370e_add_index_for_scheduled_deployments.py,function,A,1,0,18,20,upgrade
src/prefect/server/database/_migrations/versions/sqlite/2022_11_05_180619_a0284438370e_add_index_for_scheduled_deployments.py,function,A,1,0,28,30,downgrade
src/prefect/server/database/_migrations/versions/sqlite/2022_08_07_134138_575634b7acd4_add_work_queue_name_to_runs.py,function,A,1,0,19,37,upgrade
src/prefect/server/database/_migrations/versions/sqlite/2022_08_07_134138_575634b7acd4_add_work_queue_name_to_runs.py,function,A,1,0,40,58,downgrade
src/prefect/server/database/_migrations/versions/sqlite/2022_06_29_151832_42762c37b7bc_remove_name_column_for_notification_.py,function,A,1,0,19,22,upgrade
src/prefect/server/database/_migrations/versions/sqlite/2022_06_29_151832_42762c37b7bc_remove_name_column_for_notification_.py,function,A,1,0,27,34,downgrade
src/prefect/server/database/_migrations/versions/sqlite/2022_10_20_101423_3ced59d8806b_add_last_polled.py,function,A,1,0,21,27,upgrade
src/prefect/server/database/_migrations/versions/sqlite/2022_10_20_101423_3ced59d8806b_add_last_polled.py,function,A,1,0,32,34,downgrade
src/prefect/server/database/_migrations/versions/sqlite/2024_04_09_131832_2b6c2b548f95_trigger_in_index.py,function,A,1,0,21,38,upgrade
src/prefect/server/database/_migrations/versions/sqlite/2024_04_09_131832_2b6c2b548f95_trigger_in_index.py,function,A,1,0,42,61,downgrade
src/prefect/server/database/_migrations/versions/sqlite/2022_02_21_145916_c8ff35f94028_add_block_spec_id_to_blocks.py,function,A,1,0,21,54,upgrade
src/prefect/server/database/_migrations/versions/sqlite/2022_02_21_145916_c8ff35f94028_add_block_spec_id_to_blocks.py,function,A,1,0,59,70,downgrade
src/prefect/server/database/_migrations/versions/sqlite/2022_06_20_123823_dff8da7a6c2c_add_protected_column_for_block_types.py,function,A,1,0,19,23,upgrade
src/prefect/server/database/_migrations/versions/sqlite/2022_06_20_123823_dff8da7a6c2c_add_protected_column_for_block_types.py,function,A,1,0,28,31,downgrade
src/prefect/server/database/_migrations/versions/sqlite/2023_01_25_114348_b9bda9f142f1_expand_work_queue_table.py,function,A,1,0,23,117,upgrade
src/prefect/server/database/_migrations/versions/sqlite/2023_01_25_114348_b9bda9f142f1_expand_work_queue_table.py,function,A,1,0,120,193,downgrade
src/prefect/server/database/_migrations/versions/sqlite/2022_06_17_204530_9e2a1c08c6f1_add_block_schema_indexes.py,function,A,1,0,18,31,upgrade
src/prefect/server/database/_migrations/versions/sqlite/2022_06_17_204530_9e2a1c08c6f1_add_block_schema_indexes.py,function,A,1,0,36,41,downgrade
src/prefect/server/database/_migrations/versions/sqlite/2022_03_10_102500_71a57ec351d1_index_flow_created.py,function,A,1,0,18,20,upgrade
src/prefect/server/database/_migrations/versions/sqlite/2022_03_10_102500_71a57ec351d1_index_flow_created.py,function,A,1,0,23,25,downgrade
src/prefect/server/database/_migrations/versions/sqlite/2022_07_25_142515_f335f9633eec_adds_block_type_slug.py,function,B,6,0,22,33,replace_name_with_slug
src/prefect/server/database/_migrations/versions/sqlite/2022_07_25_142515_f335f9633eec_adds_block_type_slug.py,function,A,3,0,36,80,upgrade
src/prefect/server/database/_migrations/versions/sqlite/2022_07_25_142515_f335f9633eec_adds_block_type_slug.py,function,A,1,0,83,87,downgrade
src/prefect/server/database/_migrations/versions/sqlite/2022_07_19_153432_628a873f0d1a_renames_existing_block_types.py,function,A,3,0,37,51,upgrade
src/prefect/server/database/_migrations/versions/sqlite/2022_07_19_153432_628a873f0d1a_renames_existing_block_types.py,function,A,1,0,55,57,downgrade
src/prefect/server/database/_migrations/versions/sqlite/2023_01_12_000042_f92143d30c24_implement_artifact_table.py,function,A,1,0,21,156,upgrade
src/prefect/server/database/_migrations/versions/sqlite/2023_01_12_000042_f92143d30c24_implement_artifact_table.py,function,A,1,0,160,185,downgrade
src/prefect/server/database/_migrations/versions/sqlite/2022_07_14_113138_56be24fdb383_removing_default_storage_block_document.py,function,A,1,0,19,26,upgrade
src/prefect/server/database/_migrations/versions/sqlite/2022_07_14_113138_56be24fdb383_removing_default_storage_block_document.py,function,A,1,0,29,42,downgrade
src/prefect/server/database/_migrations/versions/sqlite/2022_07_20_113451_2fe8ef6a6514_remove_flow_runners.py,function,A,1,0,20,33,upgrade
src/prefect/server/database/_migrations/versions/sqlite/2022_07_20_113451_2fe8ef6a6514_remove_flow_runners.py,function,A,1,0,38,60,downgrade
src/prefect/server/database/_migrations/versions/sqlite/2022_02_04_093838_619bea85701a_block_data.py,function,A,1,0,21,62,upgrade
src/prefect/server/database/_migrations/versions/sqlite/2022_02_04_093838_619bea85701a_block_data.py,function,A,1,0,67,71,downgrade
src/prefect/server/database/_migrations/versions/sqlite/2023_04_04_172555_3e1eb8281d5e_add_cols_to_artifact_collection.py,function,A,1,0,21,40,upgrade
src/prefect/server/database/_migrations/versions/sqlite/2023_04_04_172555_3e1eb8281d5e_add_cols_to_artifact_collection.py,function,A,1,0,43,54,downgrade
src/prefect/server/database/_migrations/versions/sqlite/2024_12_04_144924_a49711513ad4_sync_orm_models_and_migrations.py,function,A,1,0,20,73,upgrade
src/prefect/server/database/_migrations/versions/sqlite/2024_12_04_144924_a49711513ad4_sync_orm_models_and_migrations.py,function,A,1,0,77,127,downgrade
src/prefect/server/database/_migrations/versions/sqlite/2024_04_23_094701_75c8f17b8b51_work_status_fields.py,function,A,1,0,19,46,upgrade
src/prefect/server/database/_migrations/versions/sqlite/2024_04_23_094701_75c8f17b8b51_work_status_fields.py,function,A,1,0,51,59,downgrade
src/prefect/server/database/_migrations/versions/sqlite/2022_07_29_181111_905134444e17_add_index_to_flow_run_infrastructure_.py,function,A,1,0,18,24,upgrade
src/prefect/server/database/_migrations/versions/sqlite/2022_07_29_181111_905134444e17_add_index_to_flow_run_infrastructure_.py,function,A,1,0,30,33,downgrade
src/prefect/server/database/_migrations/versions/sqlite/2022_04_21_113057_db6bde582447_backfill_state_name.py,function,A,5,0,19,53,upgrade
src/prefect/server/database/_migrations/versions/sqlite/2022_04_21_113057_db6bde582447_backfill_state_name.py,function,A,1,0,56,57,downgrade
src/prefect/server/database/_migrations/versions/sqlite/2022_10_14_172612_ad4b1b4d1e9d_index_deployment_created.py,function,A,1,0,18,20,upgrade
src/prefect/server/database/_migrations/versions/sqlite/2022_10_14_172612_ad4b1b4d1e9d_index_deployment_created.py,function,A,1,0,23,25,downgrade
src/prefect/server/database/_migrations/versions/sqlite/2024_04_09_125712_cc510aec4689_automation_event_follower.py,function,A,1,0,23,84,upgrade
src/prefect/server/database/_migrations/versions/sqlite/2024_04_09_125712_cc510aec4689_automation_event_follower.py,function,A,1,0,88,94,downgrade
src/prefect/server/database/_migrations/versions/sqlite/2022_07_06_142824_e2dae764a603_migrates_block_schemas_with_new_secrets_.py,function,B,6,0,82,142,upgrade
src/prefect/server/database/_migrations/versions/sqlite/2022_07_06_142824_e2dae764a603_migrates_block_schemas_with_new_secrets_.py,function,A,1,0,148,150,downgrade
src/prefect/server/database/_migrations/versions/sqlite/2022_10_19_093542_fa319f214160_add_created_by.py,function,A,1,0,21,50,upgrade
src/prefect/server/database/_migrations/versions/sqlite/2022_10_19_093542_fa319f214160_add_created_by.py,function,A,1,0,57,64,downgrade
src/prefect/server/database/_migrations/versions/sqlite/2024_01_22_120214_265eb1a2da4c_create_deployment_schedule_and_add_.py,function,A,1,0,21,106,upgrade
src/prefect/server/database/_migrations/versions/sqlite/2024_01_22_120214_265eb1a2da4c_create_deployment_schedule_and_add_.py,function,A,1,0,109,122,downgrade
src/prefect/server/database/_migrations/versions/sqlite/2023_01_12_000044_f92143d30c27_cleanup_artifact_migration.py,function,A,1,0,21,37,upgrade
src/prefect/server/database/_migrations/versions/sqlite/2023_01_12_000044_f92143d30c27_cleanup_artifact_migration.py,function,A,1,0,40,82,downgrade
src/prefect/server/database/_migrations/versions/sqlite/2024_07_15_145350_354f1ede7e9f_adding_scope_to_followers.py,function,A,1,0,19,29,upgrade
src/prefect/server/database/_migrations/versions/sqlite/2024_07_15_145350_354f1ede7e9f_adding_scope_to_followers.py,function,A,1,0,33,40,downgrade
src/prefect/server/database/_migrations/versions/sqlite/2023_03_20_194204_422f8ba9541d_add_artifact_idx.py,function,A,1,0,18,28,upgrade
src/prefect/server/database/_migrations/versions/sqlite/2023_03_20_194204_422f8ba9541d_add_artifact_idx.py,function,A,1,0,31,41,downgrade
src/prefect/server/database/_migrations/versions/sqlite/2023_04_04_115150_553920ec20e9_add_index_on_log.py,function,A,1,0,18,26,upgrade
src/prefect/server/database/_migrations/versions/sqlite/2023_04_04_115150_553920ec20e9_add_index_on_log.py,function,A,1,0,29,35,downgrade
src/prefect/server/database/_migrations/versions/sqlite/2022_08_06_130009_296e2665785f_expand_deployment_schema_for_improved_ux.py,function,A,1,0,21,42,upgrade
src/prefect/server/database/_migrations/versions/sqlite/2022_08_06_130009_296e2665785f_expand_deployment_schema_for_improved_ux.py,function,A,1,0,47,51,downgrade
src/prefect/server/database/_migrations/versions/sqlite/2022_06_04_104048_f65b6ad0b869_add_indexes_for_partial_name_matches.py,function,A,1,0,18,35,upgrade
src/prefect/server/database/_migrations/versions/sqlite/2022_06_04_104048_f65b6ad0b869_add_indexes_for_partial_name_matches.py,function,A,1,0,41,58,downgrade
src/prefect/server/database/_migrations/versions/sqlite/2022_02_20_103610_e1ff4973a9eb_add_block_spec_table.py,function,A,1,0,21,77,upgrade
src/prefect/server/database/_migrations/versions/sqlite/2022_02_20_103610_e1ff4973a9eb_add_block_spec_table.py,function,A,1,0,82,96,downgrade
src/prefect/server/database/_migrations/versions/sqlite/2023_03_01_165551_f3df94dca3cc_remove_flowrun_deployment_fk.py,function,A,1,0,18,26,upgrade
src/prefect/server/database/_migrations/versions/sqlite/2023_03_01_165551_f3df94dca3cc_remove_flowrun_deployment_fk.py,function,A,1,0,29,40,downgrade
src/prefect/server/database/_migrations/versions/sqlite/2023_09_25_121806_8167af8df781_remove_flow_run_id_requirement_from_task_run.py,function,A,1,0,18,23,upgrade
src/prefect/server/database/_migrations/versions/sqlite/2023_09_25_121806_8167af8df781_remove_flow_run_id_requirement_from_task_run.py,function,A,1,0,26,31,downgrade
src/prefect/server/database/_migrations/versions/sqlite/2022_10_12_102048_22b7cb02e593_add_state_timestamp.py,function,A,5,0,21,72,upgrade
src/prefect/server/database/_migrations/versions/sqlite/2022_10_12_102048_22b7cb02e593_add_state_timestamp.py,function,A,1,0,75,82,downgrade
src/prefect/server/database/_migrations/versions/sqlite/2023_03_15_123850_cf1159bd0d3c_add_artifact_description_col.py,function,A,1,0,19,25,upgrade
src/prefect/server/database/_migrations/versions/sqlite/2023_03_15_123850_cf1159bd0d3c_add_artifact_description_col.py,function,A,1,0,28,34,downgrade
src/prefect/server/database/_migrations/versions/sqlite/2023_10_12_175815_f3165ae0a213_add_last_polled_to_deployment.py,function,A,1,0,21,33,upgrade
src/prefect/server/database/_migrations/versions/sqlite/2023_10_12_175815_f3165ae0a213_add_last_polled_to_deployment.py,function,A,1,0,36,42,downgrade
src/prefect/server/database/_migrations/versions/sqlite/2023_01_08_175327_bb38729c471a_rename_worker_pools_to_work_pools.py,function,A,1,0,26,277,upgrade
src/prefect/server/database/_migrations/versions/sqlite/2023_01_08_175327_bb38729c471a_rename_worker_pools_to_work_pools.py,function,A,1,0,280,528,downgrade
src/prefect/server/database/_migrations/versions/sqlite/2022_01_20_115236_9725c1cbee35_initial_migration.py,function,A,1,0,36,853,upgrade
src/prefect/server/database/_migrations/versions/sqlite/2022_01_20_115236_9725c1cbee35_initial_migration.py,function,A,1,0,857,924,downgrade
src/prefect/server/database/_migrations/versions/sqlite/2022_01_20_115236_9725c1cbee35_initial_migration.py,class,A,1,0,19,26,DataDocument
src/prefect/server/database/_migrations/versions/sqlite/2022_11_10_165921_4f90ad6349bd_add_coalesced_start_time_indices.py,function,A,1,0,19,33,upgrade
src/prefect/server/database/_migrations/versions/sqlite/2022_11_10_165921_4f90ad6349bd_add_coalesced_start_time_indices.py,function,A,1,0,39,53,downgrade
src/prefect/server/database/_migrations/versions/sqlite/2022_04_25_135207_b75d279ba985_replace_version_with_checksum.py,function,A,4,0,22,173,upgrade
src/prefect/server/database/_migrations/versions/sqlite/2022_04_25_135207_b75d279ba985_replace_version_with_checksum.py,function,A,1,0,178,209,downgrade
src/prefect/server/database/_migrations/versions/sqlite/2024_05_01_103824_20fbd53b3cef_add_catchup_fields_to_deploymentschedule.py,function,A,1,0,19,26,upgrade
src/prefect/server/database/_migrations/versions/sqlite/2024_05_01_103824_20fbd53b3cef_add_catchup_fields_to_deploymentschedule.py,function,A,1,0,30,34,downgrade
src/prefect/server/database/_migrations/versions/sqlite/2025_02_05_152431_07ecde74d74d_add_slug_column_to_deployment_schedule.py,function,A,1,0,19,42,upgrade
src/prefect/server/database/_migrations/versions/sqlite/2025_02_05_152431_07ecde74d74d_add_slug_column_to_deployment_schedule.py,function,A,1,0,45,51,downgrade
src/prefect/server/database/_migrations/versions/sqlite/2024_04_04_114538_8644a9595a08_add_deployment_version_to_flow_run.py,function,A,1,0,19,27,upgrade
src/prefect/server/database/_migrations/versions/sqlite/2024_04_04_114538_8644a9595a08_add_deployment_version_to_flow_run.py,function,A,1,0,31,33,downgrade
src/prefect/server/database/_migrations/versions/sqlite/2023_09_06_084729_c2d001b7dd06_.py,function,A,1,0,19,27,upgrade
src/prefect/server/database/_migrations/versions/sqlite/2023_09_06_084729_c2d001b7dd06_.py,function,A,1,0,30,36,downgrade
src/prefect/server/database/_migrations/versions/sqlite/2022_02_15_211737_28ae48128c75_add_configurations.py,function,A,1,0,21,63,upgrade
src/prefect/server/database/_migrations/versions/sqlite/2022_02_15_211737_28ae48128c75_add_configurations.py,function,A,1,0,68,72,downgrade
src/prefect/server/database/_migrations/versions/sqlite/2023_03_20_153925_1d7441c031d0_remove_uq_from_artifact_table.py,function,A,1,0,18,27,upgrade
src/prefect/server/database/_migrations/versions/sqlite/2023_03_20_153925_1d7441c031d0_remove_uq_from_artifact_table.py,function,A,1,0,30,39,downgrade
src/prefect/server/database/_migrations/versions/sqlite/2023_03_20_184534_b9aafc3ab936_add_artifact_collection_table.py,function,A,1,0,21,64,upgrade
src/prefect/server/database/_migrations/versions/sqlite/2023_03_20_184534_b9aafc3ab936_add_artifact_collection_table.py,function,A,1,0,67,76,downgrade
src/prefect/server/database/_migrations/versions/sqlite/2022_04_23_114831_fd966d4ad99c_rename_block_to_blockbasis_and_.py,function,A,1,0,18,89,upgrade
src/prefect/server/database/_migrations/versions/sqlite/2022_04_23_114831_fd966d4ad99c_rename_block_to_blockbasis_and_.py,function,A,1,0,93,147,downgrade
src/prefect/server/database/_migrations/versions/sqlite/2024_04_25_155120_a8e62d4c72cf_worker_status_field.py,function,A,1,0,21,36,upgrade
src/prefect/server/database/_migrations/versions/sqlite/2024_04_25_155120_a8e62d4c72cf_worker_status_field.py,function,A,1,0,41,47,downgrade
src/prefect/server/database/_migrations/versions/sqlite/2023_12_07_095112_a299308852a7_create_flow_run_input_table.py,function,A,1,0,21,62,upgrade
src/prefect/server/database/_migrations/versions/sqlite/2023_12_07_095112_a299308852a7_create_flow_run_input_table.py,function,A,1,0,66,70,downgrade
src/prefect/server/database/_migrations/versions/sqlite/2023_08_02_113813_5b0bd3b41a23_create_concurrency_limit_v2_table.py,function,A,1,0,21,62,upgrade
src/prefect/server/database/_migrations/versions/sqlite/2023_08_02_113813_5b0bd3b41a23_create_concurrency_limit_v2_table.py,function,A,1,0,66,70,downgrade
src/prefect/server/database/_migrations/versions/sqlite/2022_02_19_210255_4c4a6a138053_rename_block_data_table.py,function,A,1,0,18,20,upgrade
src/prefect/server/database/_migrations/versions/sqlite/2022_02_19_210255_4c4a6a138053_rename_block_data_table.py,function,A,1,0,27,29,downgrade
src/prefect/server/database/_migrations/versions/sqlite/2022_06_13_103943_2d900af9cd07_add_anonymous_column_for_block_documents.py,function,A,1,0,19,28,upgrade
src/prefect/server/database/_migrations/versions/sqlite/2022_06_13_103943_2d900af9cd07_add_anonymous_column_for_block_documents.py,function,A,1,0,34,38,downgrade
src/prefect/server/database/_migrations/versions/sqlite/2023_02_08_152028_8d148e44e669_remove_artifact_fk.py,function,A,1,0,18,26,upgrade
src/prefect/server/database/_migrations/versions/sqlite/2023_02_08_152028_8d148e44e669_remove_artifact_fk.py,function,A,1,0,30,38,downgrade
src/prefect/server/database/_migrations/versions/sqlite/2023_10_30_075026_cef24af2ec34_add_block_type_name_to_block_document.py,function,A,1,0,19,21,upgrade
src/prefect/server/database/_migrations/versions/sqlite/2023_10_30_075026_cef24af2ec34_add_block_type_name_to_block_document.py,function,A,1,0,24,26,downgrade
src/prefect/server/database/_migrations/versions/sqlite/2023_04_05_120713_340f457b315f_add_column_to_deployments_for_pull_steps.py,function,A,1,0,20,24,upgrade
src/prefect/server/database/_migrations/versions/sqlite/2023_04_05_120713_340f457b315f_add_column_to_deployments_for_pull_steps.py,function,A,1,0,27,31,downgrade
src/prefect/server/database/_migrations/versions/sqlite/2022_10_19_155810_af52717cf201_track_retries_restarts.py,function,A,1,0,19,23,upgrade
src/prefect/server/database/_migrations/versions/sqlite/2022_10_19_155810_af52717cf201_track_retries_restarts.py,function,A,1,0,30,32,downgrade
src/prefect/server/database/_migrations/versions/sqlite/2022_11_24_143302_fe77ad0dda06_add_worker_tables.py,function,A,1,0,21,259,upgrade
src/prefect/server/database/_migrations/versions/sqlite/2022_11_24_143302_fe77ad0dda06_add_worker_tables.py,function,A,1,0,262,284,downgrade
src/prefect/server/database/_migrations/versions/sqlite/2024_09_16_162719_4ad4658cbefe_add_deployment_to_global_concurrency_.py,function,A,1,0,21,54,upgrade
src/prefect/server/database/_migrations/versions/sqlite/2024_09_16_162719_4ad4658cbefe_add_deployment_to_global_concurrency_.py,function,A,1,0,57,63,downgrade
src/prefect/server/database/_migrations/versions/sqlite/2024_03_13_111316_bacc60edce16_create_csrf_token_toble.py,function,A,1,0,21,56,upgrade
src/prefect/server/database/_migrations/versions/sqlite/2024_03_13_111316_bacc60edce16_create_csrf_token_toble.py,function,A,1,0,60,64,downgrade
src/prefect/server/database/_migrations/versions/sqlite/2022_08_01_211039_24bb2e4a195c_add_deployment_version.py,function,A,1,0,19,21,upgrade
src/prefect/server/database/_migrations/versions/sqlite/2022_08_01_211039_24bb2e4a195c_add_deployment_version.py,function,A,1,0,24,26,downgrade
src/prefect/server/database/_migrations/versions/sqlite/2023_09_20_134145_ef674d598dd3_adds_enforce_parameter_schema_column_to_.py,function,A,1,0,19,26,upgrade
src/prefect/server/database/_migrations/versions/sqlite/2023_09_20_134145_ef674d598dd3_adds_enforce_parameter_schema_column_to_.py,function,A,1,0,31,33,downgrade
src/prefect/server/database/_migrations/versions/sqlite/2023_01_31_132409_bfe42b7090d6_clean_up_work_queue_migration.py,function,A,1,0,19,34,upgrade
src/prefect/server/database/_migrations/versions/sqlite/2023_01_31_132409_bfe42b7090d6_clean_up_work_queue_migration.py,function,A,1,0,37,102,downgrade
src/prefect/server/database/_migrations/versions/sqlite/2022_08_18_102527_e757138e954a_adds_block_schema_version.py,function,A,1,0,19,33,upgrade
src/prefect/server/database/_migrations/versions/sqlite/2022_08_18_102527_e757138e954a_adds_block_schema_version.py,function,A,1,0,36,40,downgrade
src/prefect/server/database/_migrations/versions/sqlite/2023_01_12_000043_f92143d30c26_migrate_artifact_data.py,function,A,4,0,19,84,upgrade
src/prefect/server/database/_migrations/versions/sqlite/2023_01_12_000043_f92143d30c26_migrate_artifact_data.py,function,A,4,0,89,128,downgrade
src/prefect/server/database/_migrations/versions/sqlite/2023_01_12_000043_f92143d30c25_create_migration_index.py,function,A,4,0,19,69,upgrade
src/prefect/server/database/_migrations/versions/sqlite/2023_01_12_000043_f92143d30c25_create_migration_index.py,function,A,1,0,72,81,downgrade
src/prefect/server/database/_migrations/versions/sqlite/2023_10_30_103720_22ef3915ccd8_index_and_backfill_block_type_name.py,function,A,3,0,19,39,upgrade
src/prefect/server/database/_migrations/versions/sqlite/2023_10_30_103720_22ef3915ccd8_index_and_backfill_block_type_name.py,function,A,1,0,42,45,downgrade
src/prefect/server/database/_migrations/versions/sqlite/2022_05_19_165808_33439667aeea_add_block_schema_capabilities.py,function,A,3,0,21,63,upgrade
src/prefect/server/database/_migrations/versions/sqlite/2022_05_19_165808_33439667aeea_add_block_schema_capabilities.py,function,A,3,0,68,92,downgrade
src/prefect/server/database/_migrations/versions/sqlite/2024_05_21_123101_2ac65f1758c2_json_variables.py,function,A,2,0,23,41,upgrade
src/prefect/server/database/_migrations/versions/sqlite/2024_05_21_123101_2ac65f1758c2_json_variables.py,function,A,2,0,44,61,downgrade
src/prefect/server/database/_migrations/versions/sqlite/2022_07_11_113314_638cbcc2a158_add_infrastructure_block_id_to_.py,function,A,1,0,21,55,upgrade
src/prefect/server/database/_migrations/versions/sqlite/2022_07_11_113314_638cbcc2a158_add_infrastructure_block_id_to_.py,function,A,1,0,59,72,downgrade
src/prefect/server/database/_migrations/versions/sqlite/2022_02_21_111238_f327e877e423_index_flowrun_flow_runner_type.py,function,A,1,0,18,23,upgrade
src/prefect/server/database/_migrations/versions/sqlite/2022_02_21_111238_f327e877e423_index_flowrun_flow_runner_type.py,function,A,1,0,27,28,downgrade
src/prefect/server/database/_migrations/versions/sqlite/2024_08_14_145052_f93e1439f022_add_deployment_concurrency_limit.py,function,A,1,0,19,21,upgrade
src/prefect/server/database/_migrations/versions/sqlite/2024_08_14_145052_f93e1439f022_add_deployment_concurrency_limit.py,function,A,1,0,24,26,downgrade
src/prefect/server/database/_migrations/versions/sqlite/2024_09_11_090106_7d6350aea855_add_concurrency_options.py,function,A,1,0,22,28,upgrade
src/prefect/server/database/_migrations/versions/sqlite/2024_09_11_090106_7d6350aea855_add_concurrency_options.py,function,A,1,0,33,35,downgrade
src/prefect/server/database/_migrations/versions/sqlite/2023_01_31_105442_1678f2fb8b33_work_queue_data_migration.py,function,B,8,0,19,152,upgrade
src/prefect/server/database/_migrations/versions/sqlite/2023_01_31_105442_1678f2fb8b33_work_queue_data_migration.py,function,B,7,0,155,234,downgrade
src/prefect/server/database/_migrations/versions/sqlite/2022_05_30_100855_d76326ed0d06_rename_run_alerts_to_run_notifications.py,function,A,1,0,18,51,upgrade
src/prefect/server/database/_migrations/versions/sqlite/2022_05_30_100855_d76326ed0d06_rename_run_alerts_to_run_notifications.py,function,A,1,0,54,87,downgrade
src/prefect/server/database/_migrations/versions/sqlite/2023_04_05_134301_3d46e23593d6_add_variables.py,function,A,1,0,21,67,upgrade
src/prefect/server/database/_migrations/versions/sqlite/2023_04_05_134301_3d46e23593d6_add_variables.py,function,A,1,0,70,78,downgrade
src/prefect/server/database/_migrations/versions/sqlite/2025_02_03_125228_67f886da208e_add_parameters_column_to_deployment_.py,function,A,1,0,21,28,upgrade
src/prefect/server/database/_migrations/versions/sqlite/2025_02_03_125228_67f886da208e_add_parameters_column_to_deployment_.py,function,A,1,0,33,34,downgrade
src/prefect/server/database/_migrations/versions/sqlite/2022_07_25_151028_88c2112b668f_update_deployments_to_include_more_.py,function,A,1,0,21,53,upgrade
src/prefect/server/database/_migrations/versions/sqlite/2022_07_25_151028_88c2112b668f_update_deployments_to_include_more_.py,function,A,1,0,56,64,downgrade
src/prefect/server/database/_migrations/versions/sqlite/2023_11_20_084708_9c493c02ca6d_add_trgm_index_to_block_document_name.py,function,A,1,0,18,20,upgrade
src/prefect/server/database/_migrations/versions/sqlite/2023_11_20_084708_9c493c02ca6d_add_trgm_index_to_block_document_name.py,function,A,1,0,26,27,downgrade
src/prefect/server/database/_migrations/versions/sqlite/2023_12_07_121624_35659cc49969_make_flowruninput_flow_run_id_a_foreign_.py,function,A,1,0,18,25,upgrade
src/prefect/server/database/_migrations/versions/sqlite/2023_12_07_121624_35659cc49969_make_flowruninput_flow_run_id_a_foreign_.py,function,A,1,0,29,32,downgrade
src/prefect/server/database/_migrations/versions/sqlite/2022_07_07_111208_061c7e518b40_removes_debugprintnotification_block_.py,function,A,1,0,18,20,upgrade
src/prefect/server/database/_migrations/versions/sqlite/2022_07_07_111208_061c7e518b40_removes_debugprintnotification_block_.py,function,A,1,0,26,28,downgrade
src/prefect/server/database/_migrations/versions/sqlite/2022_06_08_121702_84892301571a_adds_description_and_code_example_to_.py,function,A,1,0,19,23,upgrade
src/prefect/server/database/_migrations/versions/sqlite/2022_06_08_121702_84892301571a_adds_description_and_code_example_to_.py,function,A,1,0,27,31,downgrade
src/prefect/server/database/_migrations/versions/sqlite/2024_04_03_111618_07ed05dfd4ec_automations_models.py,function,A,1,0,26,281,upgrade
src/prefect/server/database/_migrations/versions/sqlite/2024_04_03_111618_07ed05dfd4ec_automations_models.py,function,A,1,0,285,310,downgrade
src/prefect/server/database/_migrations/versions/sqlite/2023_09_21_121806_8167af8df781_make_slot_decay_per_second_not_nullable.py,function,A,1,0,19,26,upgrade
src/prefect/server/database/_migrations/versions/sqlite/2023_09_21_121806_8167af8df781_make_slot_decay_per_second_not_nullable.py,function,A,1,0,30,33,downgrade
src/prefect/server/database/_migrations/versions/sqlite/2024_11_15_151042_5952a5498b51_add_labels_column_to_flow_flowrun_.py,function,A,1,0,21,54,upgrade
src/prefect/server/database/_migrations/versions/sqlite/2024_11_15_151042_5952a5498b51_add_labels_column_to_flow_flowrun_.py,function,A,1,0,59,70,downgrade
src/prefect/server/database/_migrations/versions/sqlite/2024_01_05_101041_c63a0a6dc787_add_sender_to_flowruninput.py,function,A,1,0,19,21,upgrade
src/prefect/server/database/_migrations/versions/sqlite/2024_01_05_101041_c63a0a6dc787_add_sender_to_flowruninput.py,function,A,1,0,24,26,downgrade
src/prefect/server/database/_migrations/versions/sqlite/2022_04_19_181604_7f5f335cace3_add_flow_run_state_name.py,function,A,1,0,19,26,upgrade
src/prefect/server/database/_migrations/versions/sqlite/2022_04_19_181604_7f5f335cace3_add_flow_run_state_name.py,function,A,1,0,29,36,downgrade
src/prefect/server/database/_migrations/versions/sqlite/2022_02_17_151416_7c91cb86dc4e_add_agents_and_work_queues.py,function,A,1,0,21,114,upgrade
src/prefect/server/database/_migrations/versions/sqlite/2022_02_17_151416_7c91cb86dc4e_add_agents_and_work_queues.py,function,A,1,0,118,123,downgrade
src/prefect/server/database/_migrations/versions/sqlite/2022_06_29_133432_3bd87ecdac38_add_descriptions_to_deployments.py,function,A,1,0,19,20,upgrade
src/prefect/server/database/_migrations/versions/sqlite/2022_06_29_133432_3bd87ecdac38_add_descriptions_to_deployments.py,function,A,1,0,23,25,downgrade
src/prefect/server/database/_migrations/versions/sqlite/2022_08_07_154319_53c19b31aa09_fix_name_on_concurrency_limit_tag_idx.py,function,A,1,0,20,23,upgrade
src/prefect/server/database/_migrations/versions/sqlite/2022_08_07_154319_53c19b31aa09_fix_name_on_concurrency_limit_tag_idx.py,function,A,1,0,26,29,downgrade
src/prefect/server/database/_migrations/versions/sqlite/2022_06_21_093640_a205b458d997_adds_indexes_for_block_filtering.py,function,A,1,0,18,20,upgrade
src/prefect/server/database/_migrations/versions/sqlite/2022_06_21_093640_a205b458d997_adds_indexes_for_block_filtering.py,function,A,1,0,26,28,downgrade
src/prefect/server/database/_migrations/versions/sqlite/2023_04_06_122659_2dbcec43c857_migrate_artifact_data.py,function,A,4,0,19,66,upgrade
src/prefect/server/database/_migrations/versions/sqlite/2023_04_06_122659_2dbcec43c857_migrate_artifact_data.py,function,A,1,0,69,70,downgrade
src/prefect/server/database/_migrations/versions/sqlite/2022_05_12_203158_888a0bb0df7b_add_flow_run_alerts.py,function,A,1,0,21,133,upgrade
src/prefect/server/database/_migrations/versions/sqlite/2022_05_12_203158_888a0bb0df7b_add_flow_run_alerts.py,function,A,1,0,138,153,downgrade
src/prefect/server/database/_migrations/versions/sqlite/2024_04_10_104304_824e9edafa60_adds_events_tables.py,function,A,1,0,21,152,upgrade
src/prefect/server/database/_migrations/versions/sqlite/2024_04_10_104304_824e9edafa60_adds_events_tables.py,function,A,1,0,156,172,downgrade
src/prefect/server/database/_migrations/versions/sqlite/2024_03_05_115258_342220764f0b_add_job_variables_column_to_flow_runs.py,function,A,1,0,22,29,upgrade
src/prefect/server/database/_migrations/versions/sqlite/2024_03_05_115258_342220764f0b_add_job_variables_column_to_flow_runs.py,function,A,1,0,34,35,downgrade
src/prefect/server/database/_migrations/versions/sqlite/2022_05_28_081650_e73c6f1fe752_adds_block_schema_referecnes_and_block_.py,function,A,3,0,34,191,upgrade
src/prefect/server/database/_migrations/versions/sqlite/2022_05_28_081650_e73c6f1fe752_adds_block_schema_referecnes_and_block_.py,function,A,1,0,196,206,downgrade
src/prefect/server/database/_migrations/versions/sqlite/2022_11_18_161332_7201de756d85_add_flowrun_infrastructure_pid.py,function,A,1,0,19,21,upgrade
src/prefect/server/database/_migrations/versions/sqlite/2022_11_18_161332_7201de756d85_add_flowrun_infrastructure_pid.py,function,A,1,0,24,26,downgrade
src/prefect/server/models/task_run_states.py,function,A,1,0,16,30,read_task_run_state
src/prefect/server/models/task_run_states.py,function,A,1,0,34,54,read_task_run_states
src/prefect/server/models/task_run_states.py,function,A,1,0,57,74,delete_task_run_state
src/prefect/server/models/task_runs.py,function,C,17,0,198,273,_apply_task_run_filters
src/prefect/server/models/task_runs.py,function,C,12,0,432,513,set_task_run_state
src/prefect/server/models/task_runs.py,function,A,5,0,51,147,create_task_run
src/prefect/server/models/task_runs.py,function,A,5,0,516,534,with_system_labels_for_task_run
src/prefect/server/models/task_runs.py,function,A,3,0,277,324,read_task_runs
src/prefect/server/models/task_runs.py,function,A,2,0,365,408,count_task_runs_by_state
src/prefect/server/models/task_runs.py,function,A,1,0,151,176,update_task_run
src/prefect/server/models/task_runs.py,function,A,1,0,180,195,read_task_run
src/prefect/server/models/task_runs.py,function,A,1,0,328,361,count_task_runs
src/prefect/server/models/task_runs.py,function,A,1,0,412,429,delete_task_run
src/prefect/server/models/configuration.py,function,A,2,0,11,34,write_configuration
src/prefect/server/models/configuration.py,function,A,2,0,38,45,read_configuration
src/prefect/server/models/csrf_token.py,function,A,2,0,14,53,create_or_update_csrf_token
src/prefect/server/models/csrf_token.py,function,A,2,0,57,86,read_token_for_client
src/prefect/server/models/csrf_token.py,function,A,1,0,90,105,delete_expired_tokens
src/prefect/server/models/flow_runs.py,function,C,12,0,507,598,set_flow_run_state
src/prefect/server/models/flow_runs.py,function,B,10,0,209,278,_apply_flow_run_filters
src/prefect/server/models/flow_runs.py,function,B,7,0,619,652,with_system_labels_for_flow_run
src/prefect/server/models/flow_runs.py,function,B,6,0,345,370,cleanup_flow_run_concurrency_slots
src/prefect/server/models/flow_runs.py,function,A,5,0,656,692,update_flow_run_labels
src/prefect/server/models/flow_runs.py,function,A,4,0,63,145,create_flow_run
src/prefect/server/models/flow_runs.py,function,A,4,0,282,342,read_flow_runs
src/prefect/server/models/flow_runs.py,function,A,4,0,387,431,read_task_run_dependencies
src/prefect/server/models/flow_runs.py,function,A,3,0,477,504,delete_flow_run
src/prefect/server/models/flow_runs.py,function,A,2,0,178,206,read_flow_run
src/prefect/server/models/flow_runs.py,function,A,1,0,149,174,update_flow_run
src/prefect/server/models/flow_runs.py,function,A,1,0,435,473,count_flow_runs
src/prefect/server/models/flow_runs.py,function,A,1,0,602,615,read_flow_run_graph
src/prefect/server/models/flow_runs.py,class,A,1,0,374,384,DependencyResult
src/prefect/server/models/variables.py,function,A,4,0,62,84,read_variables
src/prefect/server/models/variables.py,function,A,2,0,88,103,count_variables
src/prefect/server/models/variables.py,function,A,1,0,13,30,create_variable
src/prefect/server/models/variables.py,function,A,1,0,34,44,read_variable
src/prefect/server/models/variables.py,function,A,1,0,48,58,read_variable_by_name
src/prefect/server/models/variables.py,function,A,1,0,107,123,update_variable
src/prefect/server/models/variables.py,function,A,1,0,127,140,update_variable_by_name
src/prefect/server/models/variables.py,function,A,1,0,144,154,delete_variable
src/prefect/server/models/variables.py,function,A,1,0,158,168,delete_variable_by_name
src/prefect/server/models/events.py,function,B,10,0,123,187,_as_resource_data
src/prefect/server/models/events.py,function,B,8,0,292,359,deployment_status_event
src/prefect/server/models/events.py,function,B,7,0,192,227,_resource_data_as_related_resources
src/prefect/server/models/events.py,function,B,6,0,85,120,_flow_run_related_resources_from_orm
src/prefect/server/models/events.py,function,A,5,0,230,251,_provenance_as_related_resources
src/prefect/server/models/events.py,function,A,5,0,260,272,state_payload
src/prefect/server/models/events.py,function,A,5,0,363,395,work_queue_status_event
src/prefect/server/models/events.py,function,A,4,0,41,81,flow_run_state_change_event
src/prefect/server/models/events.py,function,A,4,0,420,437,_get_recent_preceding_work_pool_event_id
src/prefect/server/models/events.py,function,A,3,0,275,289,_timing_is_tight
src/prefect/server/models/events.py,function,A,2,0,254,257,_state_type
src/prefect/server/models/events.py,function,A,2,0,399,416,work_pool_status_event
src/prefect/server/models/block_schemas.py,function,B,10,0,33,153,create_block_schema
src/prefect/server/models/block_schemas.py,function,B,8,0,156,240,_register_nested_block_schemas
src/prefect/server/models/block_schemas.py,function,B,8,0,520,588,_construct_block_schema_fields_with_block_references
src/prefect/server/models/block_schemas.py,function,B,8,0,592,701,read_block_schemas
src/prefect/server/models/block_schemas.py,function,B,6,0,372,418,_construct_full_block_schema
src/prefect/server/models/block_schemas.py,function,B,6,0,445,479,_construct_block_schema_spec_definitions
src/prefect/server/models/block_schemas.py,function,B,6,0,786,807,read_available_block_capabilities
src/prefect/server/models/block_schemas.py,function,A,4,0,245,282,_get_fields_for_child_schema
src/prefect/server/models/block_schemas.py,function,A,3,0,421,441,_find_root_block_schema
src/prefect/server/models/block_schemas.py,function,A,3,0,482,495,_find_block_schema_via_checksum
src/prefect/server/models/block_schemas.py,function,A,2,0,499,517,_add_block_schemas_fields_to_definitions
src/prefect/server/models/block_schemas.py,function,A,2,0,705,782,read_block_schema_by_checksum
src/prefect/server/models/block_schemas.py,function,A,2,0,811,850,create_block_schema_reference
src/prefect/server/models/block_schemas.py,function,A,1,0,286,303,delete_block_schema
src/prefect/server/models/block_schemas.py,function,A,1,0,307,369,read_block_schema
src/prefect/server/models/block_schemas.py,class,A,1,0,28,29,MissingBlockTypeException
src/prefect/server/models/flow_run_input.py,function,A,2,0,25,49,filter_flow_run_input
src/prefect/server/models/flow_run_input.py,function,A,2,0,54,72,read_flow_run_input
src/prefect/server/models/flow_run_input.py,function,A,1,0,12,21,create_flow_run_input
src/prefect/server/models/flow_run_input.py,function,A,1,0,76,91,delete_flow_run_input
src/prefect/server/models/concurrency_limits.py,function,A,4,0,93,110,reset_concurrency_limit_by_tag
src/prefect/server/models/concurrency_limits.py,function,A,3,0,165,192,read_concurrency_limits
src/prefect/server/models/concurrency_limits.py,function,A,2,0,114,135,filter_concurrency_limits_for_orchestration
src/prefect/server/models/concurrency_limits.py,function,A,1,0,18,53,create_concurrency_limit
src/prefect/server/models/concurrency_limits.py,function,A,1,0,57,72,read_concurrency_limit
src/prefect/server/models/concurrency_limits.py,function,A,1,0,76,89,read_concurrency_limit_by_tag
src/prefect/server/models/concurrency_limits.py,function,A,1,0,139,149,delete_concurrency_limit
src/prefect/server/models/concurrency_limits.py,function,A,1,0,153,161,delete_concurrency_limit_by_tag
src/prefect/server/models/task_workers.py,method,A,4,4,37,47,forget_worker
src/prefect/server/models/task_workers.py,method,A,4,4,49,56,get_workers_for_task_keys
src/prefect/server/models/task_workers.py,class,A,3,0,20,76,InMemoryTaskWorkerTracker
src/prefect/server/models/task_workers.py,method,A,2,4,26,35,observe_worker
src/prefect/server/models/task_workers.py,method,A,2,4,58,61,get_all_workers
src/prefect/server/models/task_workers.py,function,A,1,0,84,88,observe_worker
src/prefect/server/models/task_workers.py,function,A,1,0,91,94,forget_worker
src/prefect/server/models/task_workers.py,function,A,1,0,97,100,get_workers_for_task_keys
src/prefect/server/models/task_workers.py,function,A,1,0,103,104,get_all_workers
src/prefect/server/models/task_workers.py,class,A,1,0,14,17,TaskWorkerResponse
src/prefect/server/models/task_workers.py,method,A,1,4,21,24,__init__
src/prefect/server/models/task_workers.py,method,A,1,4,64,69,_create_worker_response
src/prefect/server/models/task_workers.py,method,A,1,4,72,76,reset
src/prefect/server/models/block_types.py,function,A,5,0,23,77,create_block_type
src/prefect/server/models/block_types.py,function,A,5,0,121,156,read_block_types
src/prefect/server/models/block_types.py,function,A,2,0,160,200,update_block_type
src/prefect/server/models/block_types.py,function,A,1,0,81,96,read_block_type
src/prefect/server/models/block_types.py,function,A,1,0,100,117,read_block_type_by_slug
src/prefect/server/models/block_types.py,function,A,1,0,204,221,delete_block_type
src/prefect/server/models/concurrency_limits_v2.py,function,A,5,0,117,145,update_concurrency_limit
src/prefect/server/models/concurrency_limits_v2.py,function,A,5,0,177,207,bulk_read_or_create_concurrency_limits
src/prefect/server/models/concurrency_limits_v2.py,function,A,4,0,79,95,read_concurrency_limit
src/prefect/server/models/concurrency_limits_v2.py,function,A,4,0,149,166,delete_concurrency_limit
src/prefect/server/models/concurrency_limits_v2.py,function,A,3,0,99,113,read_all_concurrency_limits
src/prefect/server/models/concurrency_limits_v2.py,function,A,2,0,240,284,bulk_decrement_active_slots
src/prefect/server/models/concurrency_limits_v2.py,function,A,1,0,13,20,active_slots_after_decay
src/prefect/server/models/concurrency_limits_v2.py,function,A,1,0,25,48,denied_slots_after_decay
src/prefect/server/models/concurrency_limits_v2.py,function,A,1,0,63,75,create_concurrency_limit
src/prefect/server/models/concurrency_limits_v2.py,function,A,1,0,211,236,bulk_increment_active_slots
src/prefect/server/models/concurrency_limits_v2.py,function,A,1,0,288,306,bulk_update_denied_slots
src/prefect/server/models/logs.py,function,A,4,0,40,64,create_logs
src/prefect/server/models/logs.py,function,A,2,0,32,36,split_logs_into_batches
src/prefect/server/models/logs.py,function,A,2,0,68,96,read_logs
src/prefect/server/models/block_registration.py,function,B,7,0,165,202,_register_collection_blocks
src/prefect/server/models/block_registration.py,function,A,3,0,28,54,_install_protected_system_blocks
src/prefect/server/models/block_registration.py,function,A,3,0,94,134,register_block_type
src/prefect/server/models/block_registration.py,function,A,3,0,145,161,_register_registry_blocks
src/prefect/server/models/block_registration.py,function,A,2,0,58,91,register_block_schema
src/prefect/server/models/block_registration.py,function,A,1,0,137,142,_load_collection_blocks_data
src/prefect/server/models/block_registration.py,function,A,1,0,206,216,run_block_auto_registration
src/prefect/server/models/deployments.py,function,C,11,0,190,295,update_deployment
src/prefect/server/models/deployments.py,function,C,11,0,375,435,_apply_deployment_filters
src/prefect/server/models/deployments.py,function,C,11,0,581,649,schedule_runs
src/prefect/server/models/deployments.py,function,B,9,0,652,761,_generate_scheduled_flow_runs
src/prefect/server/models/deployments.py,function,B,8,0,298,326,_create_or_update_deployment_concurrency_limit
src/prefect/server/models/deployments.py,function,B,8,0,1059,1112,mark_deployments_ready
src/prefect/server/models/deployments.py,function,B,8,0,1116,1167,mark_deployments_not_ready
src/prefect/server/models/deployments.py,function,B,7,0,71,186,create_deployment
src/prefect/server/models/deployments.py,function,B,6,0,765,826,_insert_scheduled_flow_runs
src/prefect/server/models/deployments.py,function,A,4,0,890,919,create_deployment_schedules
src/prefect/server/models/deployments.py,function,A,3,0,439,490,read_deployments
src/prefect/server/models/deployments.py,function,A,3,0,924,956,read_deployment_schedules
src/prefect/server/models/deployments.py,function,A,3,0,961,1004,update_deployment_schedule
src/prefect/server/models/deployments.py,function,A,3,0,1170,1188,with_system_labels_for_deployment
src/prefect/server/models/deployments.py,function,A,2,0,41,67,_delete_scheduled_runs
src/prefect/server/models/deployments.py,function,A,2,0,830,886,check_work_queues_for_deployment
src/prefect/server/models/deployments.py,function,A,2,0,1008,1029,delete_schedules_for_deployment
src/prefect/server/models/deployments.py,function,A,1,0,330,343,read_deployment
src/prefect/server/models/deployments.py,function,A,1,0,347,372,read_deployment_by_name
src/prefect/server/models/deployments.py,function,A,1,0,494,534,count_deployments
src/prefect/server/models/deployments.py,function,A,1,0,538,564,delete_deployment
src/prefect/server/models/deployments.py,function,A,1,0,567,574,_delete_related_concurrency_limit
src/prefect/server/models/deployments.py,function,A,1,0,1033,1056,delete_deployment_schedule
src/prefect/server/models/flows.py,function,B,10,0,122,178,_apply_flow_filters
src/prefect/server/models/flows.py,function,A,3,0,182,230,read_flows
src/prefect/server/models/flows.py,function,A,1,0,21,54,create_flow
src/prefect/server/models/flows.py,function,A,1,0,58,83,update_flow
src/prefect/server/models/flows.py,function,A,1,0,87,100,read_flow
src/prefect/server/models/flows.py,function,A,1,0,104,119,read_flow_by_name
src/prefect/server/models/flows.py,function,A,1,0,234,271,count_flows
src/prefect/server/models/flows.py,function,A,1,0,275,290,delete_flow
src/prefect/server/models/flows.py,function,A,1,0,294,301,read_flow_labels
src/prefect/server/models/artifacts.py,function,B,9,0,156,200,_apply_artifact_filters
src/prefect/server/models/artifacts.py,function,B,9,0,203,247,_apply_artifact_collection_filters
src/prefect/server/models/artifacts.py,function,A,4,0,18,67,_insert_into_artifact_collection
src/prefect/server/models/artifacts.py,function,A,4,0,453,534,delete_artifact
src/prefect/server/models/artifacts.py,function,A,3,0,251,295,read_artifacts
src/prefect/server/models/artifacts.py,function,A,3,0,299,342,read_latest_artifacts
src/prefect/server/models/artifacts.py,function,A,2,0,99,116,create_artifact
src/prefect/server/models/artifacts.py,function,A,1,0,71,96,_insert_into_artifact
src/prefect/server/models/artifacts.py,function,A,1,0,120,137,read_latest_artifact
src/prefect/server/models/artifacts.py,function,A,1,0,141,153,read_artifact
src/prefect/server/models/artifacts.py,function,A,1,0,346,376,count_artifacts
src/prefect/server/models/artifacts.py,function,A,1,0,380,410,count_latest_artifacts
src/prefect/server/models/artifacts.py,function,A,1,0,414,449,update_artifact
src/prefect/server/models/workers.py,function,C,16,0,562,642,update_work_queue
src/prefect/server/models/workers.py,function,C,12,0,183,267,update_work_pool
src/prefect/server/models/workers.py,function,C,11,0,401,463,bulk_update_work_queue_priorities
src/prefect/server/models/workers.py,function,B,6,0,344,397,create_work_queue
src/prefect/server/models/workers.py,function,A,4,0,126,154,read_work_pools
src/prefect/server/models/workers.py,function,A,4,0,467,504,read_work_queues
src/prefect/server/models/workers.py,function,A,4,0,646,681,delete_work_queue
src/prefect/server/models/workers.py,function,A,4,0,694,719,read_workers
src/prefect/server/models/workers.py,function,A,3,0,43,84,create_work_pool
src/prefect/server/models/workers.py,function,A,2,0,158,179,count_work_pools
src/prefect/server/models/workers.py,function,A,2,0,292,330,get_scheduled_flow_runs
src/prefect/server/models/workers.py,function,A,2,0,723,769,worker_heartbeat
src/prefect/server/models/workers.py,function,A,2,0,801,816,emit_work_pool_status_event
src/prefect/server/models/workers.py,function,A,1,0,88,103,read_work_pool
src/prefect/server/models/workers.py,function,A,1,0,107,122,read_work_pool_by_name
src/prefect/server/models/workers.py,function,A,1,0,271,288,delete_work_pool
src/prefect/server/models/workers.py,function,A,1,0,508,524,read_work_queue
src/prefect/server/models/workers.py,function,A,1,0,528,558,read_work_queue_by_name
src/prefect/server/models/workers.py,function,A,1,0,773,798,delete_worker
src/prefect/server/models/flow_run_states.py,function,A,1,0,18,32,read_flow_run_state
src/prefect/server/models/flow_run_states.py,function,A,1,0,36,56,read_flow_run_states
src/prefect/server/models/flow_run_states.py,function,A,1,0,60,79,delete_flow_run_state
src/prefect/server/models/work_queues.py,function,C,13,0,216,284,update_work_queue
src/prefect/server/models/work_queues.py,function,B,10,0,43,125,create_work_queue
src/prefect/server/models/work_queues.py,function,A,5,0,352,420,_legacy_get_runs_in_work_queue
src/prefect/server/models/work_queues.py,function,A,5,0,424,461,ensure_work_queue_exists
src/prefect/server/models/work_queues.py,function,A,4,0,177,206,read_work_queues
src/prefect/server/models/work_queues.py,function,A,4,0,536,570,mark_work_queues_ready
src/prefect/server/models/work_queues.py,function,A,4,0,574,608,mark_work_queues_not_ready
src/prefect/server/models/work_queues.py,function,A,3,0,309,348,get_runs_in_work_queue
src/prefect/server/models/work_queues.py,function,A,3,0,511,532,record_work_queue_polls
src/prefect/server/models/work_queues.py,function,A,2,0,149,173,read_work_queue_by_name
src/prefect/server/models/work_queues.py,function,A,2,0,209,212,is_last_polled_recent
src/prefect/server/models/work_queues.py,function,A,2,0,464,506,read_work_queue_status
src/prefect/server/models/work_queues.py,function,A,1,0,129,145,read_work_queue
src/prefect/server/models/work_queues.py,function,A,1,0,288,305,delete_work_queue
src/prefect/server/models/work_queues.py,function,A,1,0,612,624,emit_work_queue_status_event
src/prefect/server/models/flow_run_notification_policies.py,function,A,4,0,76,110,read_flow_run_notification_policies
src/prefect/server/models/flow_run_notification_policies.py,function,A,1,0,30,50,create_flow_run_notification_policy
src/prefect/server/models/flow_run_notification_policies.py,function,A,1,0,54,71,read_flow_run_notification_policy
src/prefect/server/models/flow_run_notification_policies.py,function,A,1,0,114,141,update_flow_run_notification_policy
src/prefect/server/models/flow_run_notification_policies.py,function,A,1,0,145,166,delete_flow_run_notification_policy
src/prefect/server/models/flow_run_notification_policies.py,function,A,1,0,170,175,queue_flow_run_notifications
src/prefect/server/models/block_documents.py,function,C,20,0,477,612,update_block_document
src/prefect/server/models/block_documents.py,function,C,13,0,303,437,read_block_documents
src/prefect/server/models/block_documents.py,function,B,8,0,155,211,_construct_full_block_document
src/prefect/server/models/block_documents.py,function,B,6,0,28,85,create_block_document
src/prefect/server/models/block_documents.py,function,A,5,0,101,134,_separate_block_references_from_data
src/prefect/server/models/block_documents.py,function,A,4,0,214,240,_find_parent_block_document
src/prefect/server/models/block_documents.py,function,A,4,0,269,299,_apply_block_document_filters
src/prefect/server/models/block_documents.py,function,A,4,0,615,628,_find_block_document_reference
src/prefect/server/models/block_documents.py,function,A,2,0,137,152,read_block_document_by_id
src/prefect/server/models/block_documents.py,function,A,2,0,244,266,read_block_document_by_name
src/prefect/server/models/block_documents.py,function,A,1,0,89,98,block_document_with_unique_values_exists
src/prefect/server/models/block_documents.py,function,A,1,0,441,462,count_block_documents
src/prefect/server/models/block_documents.py,function,A,1,0,466,473,delete_block_document
src/prefect/server/models/block_documents.py,function,A,1,0,633,651,create_block_document_reference
src/prefect/server/models/block_documents.py,function,A,1,0,655,664,delete_block_document_reference
src/prefect/server/models/saved_searches.py,function,A,3,0,99,125,read_saved_searches
src/prefect/server/models/saved_searches.py,function,A,1,0,18,57,create_saved_search
src/prefect/server/models/saved_searches.py,function,A,1,0,61,75,read_saved_search
src/prefect/server/models/saved_searches.py,function,A,1,0,79,95,read_saved_search_by_name
src/prefect/server/models/saved_searches.py,function,A,1,0,129,146,delete_saved_search
src/prefect/server/schemas/internal.py,class,A,1,0,11,12,InternalWorkPoolUpdate
src/prefect/server/schemas/responses.py,class,A,5,0,347,472,DeploymentResponse
src/prefect/server/schemas/responses.py,class,A,5,0,512,546,WorkerResponse
src/prefect/server/schemas/responses.py,class,A,4,0,123,149,HistoryResponse
src/prefect/server/schemas/responses.py,class,A,4,0,175,344,FlowRunResponse
src/prefect/server/schemas/responses.py,method,A,4,4,312,330,model_validate
src/prefect/server/schemas/responses.py,method,A,4,4,454,472,model_validate
src/prefect/server/schemas/responses.py,class,A,4,0,475,501,WorkQueueResponse
src/prefect/server/schemas/responses.py,method,A,4,4,519,546,model_validate
src/prefect/server/schemas/responses.py,method,A,3,4,138,149,validate_timestamps
src/prefect/server/schemas/responses.py,method,A,3,4,485,501,model_validate
src/prefect/server/schemas/responses.py,method,A,2,4,332,344,__eq__
src/prefect/server/schemas/responses.py,class,A,1,0,26,32,SetStateStatus
src/prefect/server/schemas/responses.py,class,A,1,0,35,41,StateAcceptDetails
src/prefect/server/schemas/responses.py,class,A,1,0,47,58,StateRejectDetails
src/prefect/server/schemas/responses.py,class,A,1,0,62,73,StateAbortDetails
src/prefect/server/schemas/responses.py,class,A,1,0,77,95,StateWaitDetails
src/prefect/server/schemas/responses.py,class,A,1,0,99,117,HistoryResponseState
src/prefect/server/schemas/responses.py,class,A,1,0,157,164,OrchestrationResult
src/prefect/server/schemas/responses.py,class,A,1,0,167,172,WorkerFlowRunResponse
src/prefect/server/schemas/responses.py,class,A,1,0,504,505,WorkQueueWithStatus
src/prefect/server/schemas/responses.py,class,A,1,0,549,564,GlobalConcurrencyLimitResponse
src/prefect/server/schemas/responses.py,class,A,1,0,568,573,FlowPaginationResponse
src/prefect/server/schemas/responses.py,class,A,1,0,576,581,FlowRunPaginationResponse
src/prefect/server/schemas/responses.py,class,A,1,0,584,589,DeploymentPaginationResponse
src/prefect/server/schemas/responses.py,class,A,1,0,592,594,SchemaValuePropertyError
src/prefect/server/schemas/responses.py,class,A,1,0,597,599,SchemaValueIndexError
src/prefect/server/schemas/responses.py,class,A,1,0,605,607,SchemaValuesValidationResponse
src/prefect/server/schemas/graph.py,class,A,1,0,9,13,GraphState
src/prefect/server/schemas/graph.py,class,A,1,0,16,22,GraphArtifact
src/prefect/server/schemas/graph.py,class,A,1,0,25,26,Edge
src/prefect/server/schemas/graph.py,class,A,1,0,29,39,Node
src/prefect/server/schemas/graph.py,class,A,1,0,42,48,Graph
src/prefect/server/schemas/sorting.py,class,A,2,0,21,58,FlowRunSort
src/prefect/server/schemas/sorting.py,class,A,2,0,61,86,TaskRunSort
src/prefect/server/schemas/sorting.py,class,A,2,0,89,102,LogSort
src/prefect/server/schemas/sorting.py,class,A,2,0,105,122,FlowSort
src/prefect/server/schemas/sorting.py,class,A,2,0,125,142,DeploymentSort
src/prefect/server/schemas/sorting.py,class,A,2,0,145,164,ArtifactSort
src/prefect/server/schemas/sorting.py,class,A,2,0,167,186,ArtifactCollectionSort
src/prefect/server/schemas/sorting.py,class,A,2,0,189,206,VariableSort
src/prefect/server/schemas/sorting.py,class,A,2,0,209,227,BlockDocumentSort
src/prefect/server/schemas/sorting.py,method,A,1,4,35,58,as_sql_sort
src/prefect/server/schemas/sorting.py,method,A,1,4,73,86,as_sql_sort
src/prefect/server/schemas/sorting.py,method,A,1,4,96,102,as_sql_sort
src/prefect/server/schemas/sorting.py,method,A,1,4,114,122,as_sql_sort
src/prefect/server/schemas/sorting.py,method,A,1,4,134,142,as_sql_sort
src/prefect/server/schemas/sorting.py,method,A,1,4,155,164,as_sql_sort
src/prefect/server/schemas/sorting.py,method,A,1,4,177,186,as_sql_sort
src/prefect/server/schemas/sorting.py,method,A,1,4,198,206,as_sql_sort
src/prefect/server/schemas/sorting.py,method,A,1,4,217,227,as_sql_sort
src/prefect/server/schemas/actions.py,function,B,7,0,819,847,validate_base_job_template
src/prefect/server/schemas/actions.py,class,B,6,0,985,1044,ArtifactCreate
src/prefect/server/schemas/actions.py,method,A,5,4,333,358,check_valid_configuration
src/prefect/server/schemas/actions.py,class,A,5,0,380,418,StateCreate
src/prefect/server/schemas/actions.py,method,A,5,4,1023,1038,from_result
src/prefect/server/schemas/actions.py,class,A,4,0,274,358,DeploymentUpdate
src/prefect/server/schemas/actions.py,method,A,4,4,401,408,default_name_from_type
src/prefect/server/schemas/actions.py,method,A,3,4,411,418,default_scheduled_start_time
src/prefect/server/schemas/actions.py,function,A,2,0,54,57,validate_block_document_name
src/prefect/server/schemas/actions.py,function,A,2,0,60,63,validate_artifact_key
src/prefect/server/schemas/actions.py,class,A,2,0,103,128,DeploymentScheduleCreate
src/prefect/server/schemas/actions.py,class,A,2,0,132,158,DeploymentScheduleUpdate
src/prefect/server/schemas/actions.py,class,A,2,0,162,271,DeploymentCreate
src/prefect/server/schemas/actions.py,method,A,2,4,232,253,check_valid_configuration
src/prefect/server/schemas/actions.py,class,A,2,0,361,377,FlowRunUpdate
src/prefect/server/schemas/actions.py,class,A,2,0,421,498,TaskRunCreate
src/prefect/server/schemas/actions.py,class,A,2,0,501,511,TaskRunUpdate
src/prefect/server/schemas/actions.py,class,A,2,0,514,578,FlowRunCreate
src/prefect/server/schemas/actions.py,class,A,2,0,581,637,DeploymentFlowRunCreate
src/prefect/server/schemas/actions.py,class,A,2,0,713,723,BlockTypeUpdate
src/prefect/server/schemas/actions.py,class,A,2,0,744,772,BlockDocumentCreate
src/prefect/server/schemas/actions.py,class,A,2,0,787,805,BlockDocumentReferenceCreate
src/prefect/server/schemas/actions.py,class,A,2,0,935,967,FlowRunNotificationPolicyCreate
src/prefect/server/schemas/actions.py,class,A,2,0,970,982,FlowRunNotificationPolicyUpdate
src/prefect/server/schemas/actions.py,function,A,1,0,49,51,validate_block_type_slug
src/prefect/server/schemas/actions.py,function,A,1,0,66,68,validate_variable_name
src/prefect/server/schemas/actions.py,class,A,1,0,71,72,ActionBaseModel
src/prefect/server/schemas/actions.py,class,A,1,0,75,89,FlowCreate
src/prefect/server/schemas/actions.py,class,A,1,0,93,99,FlowUpdate
src/prefect/server/schemas/actions.py,method,A,1,4,124,128,validate_max_scheduled_runs
src/prefect/server/schemas/actions.py,method,A,1,4,154,158,validate_max_scheduled_runs
src/prefect/server/schemas/actions.py,method,A,1,4,258,259,remove_old_fields
src/prefect/server/schemas/actions.py,method,A,1,4,262,271,_validate_parameters_conform_to_schema
src/prefect/server/schemas/actions.py,method,A,1,4,279,280,remove_old_fields
src/prefect/server/schemas/actions.py,method,A,1,4,376,377,set_name
src/prefect/server/schemas/actions.py,method,A,1,4,492,493,set_name
src/prefect/server/schemas/actions.py,method,A,1,4,497,498,validate_cache_key
src/prefect/server/schemas/actions.py,method,A,1,4,510,511,set_name
src/prefect/server/schemas/actions.py,method,A,1,4,577,578,set_name
src/prefect/server/schemas/actions.py,method,A,1,4,636,637,set_name
src/prefect/server/schemas/actions.py,class,A,1,0,640,645,SavedSearchCreate
src/prefect/server/schemas/actions.py,class,A,1,0,649,655,ConcurrencyLimitCreate
src/prefect/server/schemas/actions.py,class,A,1,0,658,674,ConcurrencyLimitV2Create
src/prefect/server/schemas/actions.py,class,A,1,0,678,686,ConcurrencyLimitV2Update
src/prefect/server/schemas/actions.py,class,A,1,0,689,710,BlockTypeCreate
src/prefect/server/schemas/actions.py,method,A,1,4,722,723,updatable_fields
src/prefect/server/schemas/actions.py,class,A,1,0,726,740,BlockSchemaCreate
src/prefect/server/schemas/actions.py,method,A,1,4,771,772,validate_name_is_present_if_not_anonymous
src/prefect/server/schemas/actions.py,class,A,1,0,775,784,BlockDocumentUpdate
src/prefect/server/schemas/actions.py,method,A,1,4,804,805,validate_parent_and_ref_are_different
src/prefect/server/schemas/actions.py,class,A,1,0,808,816,LogCreate
src/prefect/server/schemas/actions.py,class,A,1,0,850,868,WorkPoolCreate
src/prefect/server/schemas/actions.py,class,A,1,0,872,881,WorkPoolUpdate
src/prefect/server/schemas/actions.py,class,A,1,0,885,910,WorkQueueCreate
src/prefect/server/schemas/actions.py,class,A,1,0,914,931,WorkQueueUpdate
src/prefect/server/schemas/actions.py,method,A,1,4,966,967,validate_message_template_variables
src/prefect/server/schemas/actions.py,method,A,1,4,981,982,validate_message_template_variables
src/prefect/server/schemas/actions.py,class,A,1,0,1047,1055,ArtifactUpdate
src/prefect/server/schemas/actions.py,class,A,1,0,1059,1080,VariableCreate
src/prefect/server/schemas/actions.py,class,A,1,0,1083,1104,VariableUpdate
src/prefect/server/schemas/core.py,method,B,7,4,823,866,from_orm_model
src/prefect/server/schemas/core.py,class,B,7,0,988,1032,WorkQueueHealthPolicy
src/prefect/server/schemas/core.py,method,B,6,4,1004,1032,evaluate_health_status
src/prefect/server/schemas/core.py,class,A,5,0,782,866,BlockDocument
src/prefect/server/schemas/core.py,method,A,5,4,1215,1230,from_result
src/prefect/server/schemas/core.py,class,A,4,0,1178,1235,Artifact
src/prefect/server/schemas/core.py,class,A,3,0,184,341,FlowRun
src/prefect/server/schemas/core.py,class,A,3,0,344,388,TaskRunPolicy
src/prefect/server/schemas/core.py,method,A,3,4,378,383,validate_configured_retry_delays
src/prefect/server/schemas/core.py,class,A,3,0,1104,1153,WorkPool
src/prefect/server/schemas/core.py,method,A,3,4,1139,1153,model_validate
src/prefect/server/schemas/core.py,class,A,2,0,105,140,FlowRunPolicy
src/prefect/server/schemas/core.py,method,A,2,4,329,341,__eq__
src/prefect/server/schemas/core.py,class,A,2,0,423,542,TaskRun
src/prefect/server/schemas/core.py,class,A,2,0,545,572,DeploymentSchedule
src/prefect/server/schemas/core.py,class,A,2,0,870,891,BlockDocumentReference
src/prefect/server/schemas/core.py,class,A,2,0,1051,1083,FlowRunNotificationPolicy
src/prefect/server/schemas/core.py,class,A,2,0,1294,1304,FlowRunInput
src/prefect/server/schemas/core.py,class,A,1,0,87,101,Flow
src/prefect/server/schemas/core.py,method,A,1,4,139,140,populate_deprecated_fields
src/prefect/server/schemas/core.py,class,A,1,0,143,151,CreatedBy
src/prefect/server/schemas/core.py,class,A,1,0,155,163,UpdatedBy
src/prefect/server/schemas/core.py,class,A,1,0,167,173,ConcurrencyLimitStrategy
src/prefect/server/schemas/core.py,class,A,1,0,176,181,ConcurrencyOptions
src/prefect/server/schemas/core.py,method,A,1,4,326,327,set_name
src/prefect/server/schemas/core.py,method,A,1,4,373,374,populate_deprecated_fields
src/prefect/server/schemas/core.py,method,A,1,4,387,388,validate_jitter_factor
src/prefect/server/schemas/core.py,class,A,1,0,391,399,TaskRunInput
src/prefect/server/schemas/core.py,class,A,1,0,402,406,TaskRunResult
src/prefect/server/schemas/core.py,class,A,1,0,409,413,Parameter
src/prefect/server/schemas/core.py,class,A,1,0,416,420,Constant
src/prefect/server/schemas/core.py,method,A,1,4,536,537,set_name
src/prefect/server/schemas/core.py,method,A,1,4,541,542,validate_cache_key
src/prefect/server/schemas/core.py,method,A,1,4,570,572,validate_max_scheduled_runs
src/prefect/server/schemas/core.py,class,A,1,0,576,678,Deployment
src/prefect/server/schemas/core.py,class,A,1,0,683,692,ConcurrencyLimit
src/prefect/server/schemas/core.py,class,A,1,0,696,711,ConcurrencyLimitV2
src/prefect/server/schemas/core.py,class,A,1,0,715,735,BlockType
src/prefect/server/schemas/core.py,class,A,1,0,739,758,BlockSchema
src/prefect/server/schemas/core.py,class,A,1,0,762,778,BlockSchemaReference
src/prefect/server/schemas/core.py,method,A,1,4,817,820,validate_name_is_present_if_not_anonymous
src/prefect/server/schemas/core.py,method,A,1,4,890,891,validate_parent_and_ref_are_different
src/prefect/server/schemas/core.py,class,A,1,0,894,898,Configuration
src/prefect/server/schemas/core.py,class,A,1,0,901,914,SavedSearchFilter
src/prefect/server/schemas/core.py,class,A,1,0,918,923,SavedSearch
src/prefect/server/schemas/core.py,class,A,1,0,927,938,Log
src/prefect/server/schemas/core.py,class,A,1,0,942,951,QueueFilter
src/prefect/server/schemas/core.py,class,A,1,0,955,984,WorkQueue
src/prefect/server/schemas/core.py,class,A,1,0,1035,1046,WorkQueueStatusDetail
src/prefect/server/schemas/core.py,method,A,1,4,1082,1083,validate_message_template_variables
src/prefect/server/schemas/core.py,class,A,1,0,1086,1100,Agent
src/prefect/server/schemas/core.py,method,A,1,4,1135,1136,helpful_error_for_missing_default_queue_id
src/prefect/server/schemas/core.py,class,A,1,0,1156,1169,Worker
src/prefect/server/schemas/core.py,method,A,1,4,1234,1235,validate_metadata_length
src/prefect/server/schemas/core.py,class,A,1,0,1238,1271,ArtifactCollection
src/prefect/server/schemas/core.py,class,A,1,0,1275,1290,Variable
src/prefect/server/schemas/core.py,method,A,1,4,1302,1304,validate_name_characters
src/prefect/server/schemas/core.py,class,A,1,0,1307,1316,CsrfToken
src/prefect/server/schemas/statuses.py,class,A,2,0,4,12,WorkPoolStatus
src/prefect/server/schemas/statuses.py,class,A,2,0,22,29,DeploymentStatus
src/prefect/server/schemas/statuses.py,class,A,2,0,32,40,WorkQueueStatus
src/prefect/server/schemas/statuses.py,method,A,1,4,11,12,in_kebab_case
src/prefect/server/schemas/statuses.py,class,A,1,0,15,19,WorkerStatus
src/prefect/server/schemas/statuses.py,method,A,1,4,28,29,in_kebab_case
src/prefect/server/schemas/statuses.py,method,A,1,4,39,40,in_kebab_case
src/prefect/server/schemas/states.py,function,B,6,0,399,430,Paused
src/prefect/server/schemas/states.py,method,A,4,4,160,167,default_name_from_type
src/prefect/server/schemas/states.py,method,A,4,4,286,301,__str__
src/prefect/server/schemas/states.py,function,A,3,0,314,333,Scheduled
src/prefect/server/schemas/states.py,class,A,3,0,50,66,CountByState
src/prefect/server/schemas/states.py,method,A,3,4,134,157,from_orm_without_result
src/prefect/server/schemas/states.py,method,A,3,4,170,177,default_scheduled_start_time
src/prefect/server/schemas/states.py,method,A,2,4,63,66,check_key
src/prefect/server/schemas/states.py,class,A,2,0,99,112,StateBaseModel
src/prefect/server/schemas/states.py,class,A,2,0,115,309,State
src/prefect/server/schemas/states.py,method,A,2,4,269,284,__repr__
src/prefect/server/schemas/states.py,function,A,1,0,336,342,Completed
src/prefect/server/schemas/states.py,function,A,1,0,345,351,Running
src/prefect/server/schemas/states.py,function,A,1,0,354,360,Failed
src/prefect/server/schemas/states.py,function,A,1,0,363,369,Crashed
src/prefect/server/schemas/states.py,function,A,1,0,372,378,Cancelling
src/prefect/server/schemas/states.py,function,A,1,0,381,387,Cancelled
src/prefect/server/schemas/states.py,function,A,1,0,390,396,Pending
src/prefect/server/schemas/states.py,function,A,1,0,433,452,Suspended
src/prefect/server/schemas/states.py,function,A,1,0,456,467,AwaitingRetry
src/prefect/server/schemas/states.py,function,A,1,0,471,477,Retrying
src/prefect/server/schemas/states.py,function,A,1,0,480,490,Late
src/prefect/server/schemas/states.py,class,A,1,0,36,47,StateType
src/prefect/server/schemas/states.py,class,A,1,0,77,96,StateDetails
src/prefect/server/schemas/states.py,method,A,1,4,100,112,orm_dict
src/prefect/server/schemas/states.py,method,A,1,4,179,180,is_scheduled
src/prefect/server/schemas/states.py,method,A,1,4,182,183,is_pending
src/prefect/server/schemas/states.py,method,A,1,4,185,186,is_running
src/prefect/server/schemas/states.py,method,A,1,4,188,189,is_completed
src/prefect/server/schemas/states.py,method,A,1,4,191,192,is_failed
src/prefect/server/schemas/states.py,method,A,1,4,194,195,is_crashed
src/prefect/server/schemas/states.py,method,A,1,4,197,198,is_cancelled
src/prefect/server/schemas/states.py,method,A,1,4,200,201,is_cancelling
src/prefect/server/schemas/states.py,method,A,1,4,203,204,is_final
src/prefect/server/schemas/states.py,method,A,1,4,206,207,is_paused
src/prefect/server/schemas/states.py,method,A,1,4,209,221,fresh_copy
src/prefect/server/schemas/states.py,method,A,1,4,225,227,result
src/prefect/server/schemas/states.py,method,A,1,4,230,232,result
src/prefect/server/schemas/states.py,method,A,1,4,235,237,result
src/prefect/server/schemas/states.py,method,A,1,4,239,256,result
src/prefect/server/schemas/states.py,method,A,1,4,258,266,to_state_create
src/prefect/server/schemas/states.py,method,A,1,4,303,309,__hash__
src/prefect/server/schemas/filters.py,class,C,17,0,634,734,FlowRunFilter
src/prefect/server/schemas/filters.py,method,C,16,4,681,697,only_filters_on_id
src/prefect/server/schemas/filters.py,method,C,15,4,700,734,_get_filter_list
src/prefect/server/schemas/filters.py,class,B,10,0,970,1020,TaskRunFilter
src/prefect/server/schemas/filters.py,method,B,9,4,998,1020,_get_filter_list
src/prefect/server/schemas/filters.py,class,B,8,0,1192,1236,DeploymentFilter
src/prefect/server/schemas/filters.py,method,B,7,4,1219,1236,_get_filter_list
src/prefect/server/schemas/filters.py,class,B,7,0,2108,2143,ArtifactFilter
src/prefect/server/schemas/filters.py,class,B,7,0,2257,2292,ArtifactCollectionFilter
src/prefect/server/schemas/filters.py,class,B,6,0,183,213,FlowFilter
src/prefect/server/schemas/filters.py,class,B,6,0,267,304,FlowRunFilterTags
src/prefect/server/schemas/filters.py,class,B,6,0,403,425,FlowRunFilterState
src/prefect/server/schemas/filters.py,class,B,6,0,444,473,FlowRunFilterStartTime
src/prefect/server/schemas/filters.py,class,B,6,0,476,505,FlowRunFilterEndTime
src/prefect/server/schemas/filters.py,class,B,6,0,737,759,TaskRunFilterFlowRunId
src/prefect/server/schemas/filters.py,class,B,6,0,868,890,TaskRunFilterState
src/prefect/server/schemas/filters.py,class,B,6,0,915,944,TaskRunFilterStartTime
src/prefect/server/schemas/filters.py,class,B,6,0,1154,1189,DeploymentFilterTags
src/prefect/server/schemas/filters.py,class,B,6,0,1384,1414,LogFilter
src/prefect/server/schemas/filters.py,class,B,6,0,1569,1599,BlockSchemaFilter
src/prefect/server/schemas/filters.py,class,B,6,0,1679,1712,BlockDocumentFilter
src/prefect/server/schemas/filters.py,class,B,6,0,2014,2052,ArtifactFilterKey
src/prefect/server/schemas/filters.py,method,B,6,4,2127,2143,_get_filter_list
src/prefect/server/schemas/filters.py,class,B,6,0,2162,2201,ArtifactCollectionFilterKey
src/prefect/server/schemas/filters.py,method,B,6,4,2276,2292,_get_filter_list
src/prefect/server/schemas/filters.py,class,A,5,0,157,180,FlowFilterTags
src/prefect/server/schemas/filters.py,method,A,5,4,199,213,_get_filter_list
src/prefect/server/schemas/filters.py,method,A,5,4,289,304,_get_filter_list
src/prefect/server/schemas/filters.py,class,A,5,0,307,330,FlowRunFilterDeploymentId
src/prefect/server/schemas/filters.py,class,A,5,0,333,358,FlowRunFilterWorkQueueName
src/prefect/server/schemas/filters.py,method,A,5,4,413,425,_get_filter_list
src/prefect/server/schemas/filters.py,method,A,5,4,459,473,_get_filter_list
src/prefect/server/schemas/filters.py,method,A,5,4,491,505,_get_filter_list
src/prefect/server/schemas/filters.py,class,A,5,0,587,610,FlowRunFilterParentTaskRunId
src/prefect/server/schemas/filters.py,method,A,5,4,748,759,_get_filter_list
src/prefect/server/schemas/filters.py,class,A,5,0,808,833,TaskRunFilterTags
src/prefect/server/schemas/filters.py,method,A,5,4,878,890,_get_filter_list
src/prefect/server/schemas/filters.py,method,A,5,4,930,944,_get_filter_list
src/prefect/server/schemas/filters.py,method,A,5,4,1175,1189,_get_filter_list
src/prefect/server/schemas/filters.py,class,A,5,0,1357,1381,LogFilterTaskRunId
src/prefect/server/schemas/filters.py,method,A,5,4,1400,1414,_get_filter_list
src/prefect/server/schemas/filters.py,method,A,5,4,1585,1599,_get_filter_list
src/prefect/server/schemas/filters.py,method,A,5,4,1700,1712,_get_filter_list
src/prefect/server/schemas/filters.py,class,A,5,0,1769,1800,WorkQueueFilterName
src/prefect/server/schemas/filters.py,class,A,5,0,1876,1901,WorkPoolFilter
src/prefect/server/schemas/filters.py,method,A,5,4,2038,2052,_get_filter_list
src/prefect/server/schemas/filters.py,method,A,5,4,2187,2201,_get_filter_list
src/prefect/server/schemas/filters.py,class,A,5,0,2337,2362,VariableFilterTags
src/prefect/server/schemas/filters.py,class,A,5,0,2365,2389,VariableFilter
src/prefect/server/schemas/filters.py,class,A,4,0,65,78,PrefectOperatorFilterBaseModel
src/prefect/server/schemas/filters.py,class,A,4,0,97,124,FlowFilterDeployment
src/prefect/server/schemas/filters.py,class,A,4,0,127,154,FlowFilterName
src/prefect/server/schemas/filters.py,method,A,4,4,172,180,_get_filter_list
src/prefect/server/schemas/filters.py,class,A,4,0,216,234,FlowRunFilterId
src/prefect/server/schemas/filters.py,class,A,4,0,237,264,FlowRunFilterName
src/prefect/server/schemas/filters.py,method,A,4,4,318,330,_get_filter_list
src/prefect/server/schemas/filters.py,method,A,4,4,346,358,_get_filter_list
src/prefect/server/schemas/filters.py,class,A,4,0,361,379,FlowRunFilterStateType
src/prefect/server/schemas/filters.py,class,A,4,0,382,400,FlowRunFilterStateName
src/prefect/server/schemas/filters.py,class,A,4,0,508,528,FlowRunFilterExpectedStartTime
src/prefect/server/schemas/filters.py,class,A,4,0,531,557,FlowRunFilterNextScheduledStartTime
src/prefect/server/schemas/filters.py,method,A,4,4,598,610,_get_filter_list
src/prefect/server/schemas/filters.py,class,A,4,0,613,631,FlowRunFilterIdempotencyKey
src/prefect/server/schemas/filters.py,class,A,4,0,778,805,TaskRunFilterName
src/prefect/server/schemas/filters.py,method,A,4,4,823,833,_get_filter_list
src/prefect/server/schemas/filters.py,class,A,4,0,893,912,TaskRunFilterSubFlowRuns
src/prefect/server/schemas/filters.py,class,A,4,0,947,967,TaskRunFilterExpectedStartTime
src/prefect/server/schemas/filters.py,class,A,4,0,1039,1066,DeploymentFilterName
src/prefect/server/schemas/filters.py,class,A,4,0,1292,1315,LogFilterLevel
src/prefect/server/schemas/filters.py,class,A,4,0,1318,1338,LogFilterTimestamp
src/prefect/server/schemas/filters.py,method,A,4,4,1369,1381,_get_filter_list
src/prefect/server/schemas/filters.py,class,A,4,0,1474,1495,BlockTypeFilter
src/prefect/server/schemas/filters.py,class,A,4,0,1653,1676,BlockDocumentFilterName
src/prefect/server/schemas/filters.py,method,A,4,4,1788,1800,_get_filter_list
src/prefect/server/schemas/filters.py,class,A,4,0,1803,1825,WorkQueueFilter
src/prefect/server/schemas/filters.py,method,A,4,4,1889,1901,_get_filter_list
src/prefect/server/schemas/filters.py,class,A,4,0,1920,1938,WorkerFilterStatus
src/prefect/server/schemas/filters.py,class,A,4,0,1941,1965,WorkerFilterLastHeartbeatTime
src/prefect/server/schemas/filters.py,class,A,4,0,1968,1995,WorkerFilter
src/prefect/server/schemas/filters.py,class,A,4,0,2087,2105,ArtifactFilterType
src/prefect/server/schemas/filters.py,class,A,4,0,2236,2254,ArtifactCollectionFilterType
src/prefect/server/schemas/filters.py,class,A,4,0,2311,2334,VariableFilterName
src/prefect/server/schemas/filters.py,method,A,4,4,2352,2362,_get_filter_list
src/prefect/server/schemas/filters.py,method,A,4,4,2378,2389,_get_filter_list
src/prefect/server/schemas/filters.py,class,A,3,0,45,62,PrefectFilterBaseModel
src/prefect/server/schemas/filters.py,method,A,3,4,74,78,as_sql_filter
src/prefect/server/schemas/filters.py,class,A,3,0,81,94,FlowFilterId
src/prefect/server/schemas/filters.py,method,A,3,4,105,124,_get_filter_list
src/prefect/server/schemas/filters.py,method,A,3,4,146,154,_get_filter_list
src/prefect/server/schemas/filters.py,method,A,3,4,226,234,_get_filter_list
src/prefect/server/schemas/filters.py,method,A,3,4,256,264,_get_filter_list
src/prefect/server/schemas/filters.py,method,A,3,4,371,379,_get_filter_list
src/prefect/server/schemas/filters.py,method,A,3,4,392,400,_get_filter_list
src/prefect/server/schemas/filters.py,class,A,3,0,428,441,FlowRunFilterFlowVersion
src/prefect/server/schemas/filters.py,method,A,3,4,520,528,_get_filter_list
src/prefect/server/schemas/filters.py,method,A,3,4,549,557,_get_filter_list
src/prefect/server/schemas/filters.py,class,A,3,0,560,584,FlowRunFilterParentFlowRunId
src/prefect/server/schemas/filters.py,method,A,3,4,623,631,_get_filter_list
src/prefect/server/schemas/filters.py,class,A,3,0,762,775,TaskRunFilterId
src/prefect/server/schemas/filters.py,method,A,3,4,797,805,_get_filter_list
src/prefect/server/schemas/filters.py,class,A,3,0,836,849,TaskRunFilterStateType
src/prefect/server/schemas/filters.py,class,A,3,0,852,865,TaskRunFilterStateName
src/prefect/server/schemas/filters.py,method,A,3,4,904,912,_get_filter_list
src/prefect/server/schemas/filters.py,method,A,3,4,959,967,_get_filter_list
src/prefect/server/schemas/filters.py,class,A,3,0,1023,1036,DeploymentFilterId
src/prefect/server/schemas/filters.py,method,A,3,4,1058,1066,_get_filter_list
src/prefect/server/schemas/filters.py,class,A,3,0,1069,1091,DeploymentOrFlowNameFilter
src/prefect/server/schemas/filters.py,class,A,3,0,1094,1108,DeploymentFilterPaused
src/prefect/server/schemas/filters.py,class,A,3,0,1111,1126,DeploymentFilterWorkQueueName
src/prefect/server/schemas/filters.py,class,A,3,0,1239,1253,DeploymentScheduleFilterActive
src/prefect/server/schemas/filters.py,class,A,3,0,1256,1271,DeploymentScheduleFilter
src/prefect/server/schemas/filters.py,class,A,3,0,1274,1289,LogFilterName
src/prefect/server/schemas/filters.py,method,A,3,4,1307,1315,_get_filter_list
src/prefect/server/schemas/filters.py,method,A,3,4,1330,1338,_get_filter_list
src/prefect/server/schemas/filters.py,class,A,3,0,1341,1354,LogFilterFlowRunId
src/prefect/server/schemas/filters.py,class,A,3,0,1435,1454,BlockTypeFilterName
src/prefect/server/schemas/filters.py,class,A,3,0,1457,1471,BlockTypeFilterSlug
src/prefect/server/schemas/filters.py,method,A,3,4,1485,1495,_get_filter_list
src/prefect/server/schemas/filters.py,class,A,3,0,1498,1511,BlockSchemaFilterBlockTypeId
src/prefect/server/schemas/filters.py,class,A,3,0,1514,1527,BlockSchemaFilterId
src/prefect/server/schemas/filters.py,class,A,3,0,1530,1548,BlockSchemaFilterCapabilities
src/prefect/server/schemas/filters.py,class,A,3,0,1551,1566,BlockSchemaFilterVersion
src/prefect/server/schemas/filters.py,class,A,3,0,1602,1618,BlockDocumentFilterIsAnonymous
src/prefect/server/schemas/filters.py,class,A,3,0,1621,1634,BlockDocumentFilterBlockTypeId
src/prefect/server/schemas/filters.py,class,A,3,0,1637,1650,BlockDocumentFilterId
src/prefect/server/schemas/filters.py,method,A,3,4,1668,1676,_get_filter_list
src/prefect/server/schemas/filters.py,class,A,3,0,1715,1731,FlowRunNotificationPolicyFilterIsActive
src/prefect/server/schemas/filters.py,class,A,3,0,1734,1749,FlowRunNotificationPolicyFilter
src/prefect/server/schemas/filters.py,class,A,3,0,1752,1766,WorkQueueFilterId
src/prefect/server/schemas/filters.py,method,A,3,4,1815,1825,_get_filter_list
src/prefect/server/schemas/filters.py,class,A,3,0,1828,1841,WorkPoolFilterId
src/prefect/server/schemas/filters.py,class,A,3,0,1844,1857,WorkPoolFilterName
src/prefect/server/schemas/filters.py,class,A,3,0,1860,1873,WorkPoolFilterType
src/prefect/server/schemas/filters.py,class,A,3,0,1904,1917,WorkerFilterWorkPoolId
src/prefect/server/schemas/filters.py,method,A,3,4,1930,1938,_get_filter_list
src/prefect/server/schemas/filters.py,method,A,3,4,1957,1965,_get_filter_list
src/prefect/server/schemas/filters.py,method,A,3,4,1984,1995,_get_filter_list
src/prefect/server/schemas/filters.py,class,A,3,0,1998,2011,ArtifactFilterId
src/prefect/server/schemas/filters.py,class,A,3,0,2055,2068,ArtifactFilterFlowRunId
src/prefect/server/schemas/filters.py,class,A,3,0,2071,2084,ArtifactFilterTaskRunId
src/prefect/server/schemas/filters.py,method,A,3,4,2097,2105,_get_filter_list
src/prefect/server/schemas/filters.py,class,A,3,0,2146,2159,ArtifactCollectionFilterLatestId
src/prefect/server/schemas/filters.py,class,A,3,0,2204,2217,ArtifactCollectionFilterFlowRunId
src/prefect/server/schemas/filters.py,class,A,3,0,2220,2233,ArtifactCollectionFilterTaskRunId
src/prefect/server/schemas/filters.py,method,A,3,4,2246,2254,_get_filter_list
src/prefect/server/schemas/filters.py,class,A,3,0,2295,2308,VariableFilterId
src/prefect/server/schemas/filters.py,method,A,3,4,2326,2334,_get_filter_list
src/prefect/server/schemas/filters.py,method,A,2,4,51,56,as_sql_filter
src/prefect/server/schemas/filters.py,method,A,2,4,88,94,_get_filter_list
src/prefect/server/schemas/filters.py,method,A,2,4,435,441,_get_filter_list
src/prefect/server/schemas/filters.py,method,A,2,4,567,584,_get_filter_list
src/prefect/server/schemas/filters.py,method,A,2,4,769,775,_get_filter_list
src/prefect/server/schemas/filters.py,method,A,2,4,843,849,_get_filter_list
src/prefect/server/schemas/filters.py,method,A,2,4,859,865,_get_filter_list
src/prefect/server/schemas/filters.py,method,A,2,4,1030,1036,_get_filter_list
src/prefect/server/schemas/filters.py,method,A,2,4,1080,1091,_get_filter_list
src/prefect/server/schemas/filters.py,method,A,2,4,1102,1108,_get_filter_list
src/prefect/server/schemas/filters.py,method,A,2,4,1120,1126,_get_filter_list
src/prefect/server/schemas/filters.py,class,A,2,0,1129,1151,DeploymentFilterConcurrencyLimit
src/prefect/server/schemas/filters.py,method,A,2,4,1247,1253,_get_filter_list
src/prefect/server/schemas/filters.py,method,A,2,4,1263,1271,_get_filter_list
src/prefect/server/schemas/filters.py,method,A,2,4,1283,1289,_get_filter_list
src/prefect/server/schemas/filters.py,method,A,2,4,1348,1354,_get_filter_list
src/prefect/server/schemas/filters.py,method,A,2,4,1448,1454,_get_filter_list
src/prefect/server/schemas/filters.py,method,A,2,4,1464,1471,_get_filter_list
src/prefect/server/schemas/filters.py,method,A,2,4,1505,1511,_get_filter_list
src/prefect/server/schemas/filters.py,method,A,2,4,1521,1527,_get_filter_list
src/prefect/server/schemas/filters.py,method,A,2,4,1542,1548,_get_filter_list
src/prefect/server/schemas/filters.py,method,A,2,4,1560,1566,_get_filter_list
src/prefect/server/schemas/filters.py,method,A,2,4,1612,1618,_get_filter_list
src/prefect/server/schemas/filters.py,method,A,2,4,1628,1634,_get_filter_list
src/prefect/server/schemas/filters.py,method,A,2,4,1644,1650,_get_filter_list
src/prefect/server/schemas/filters.py,method,A,2,4,1725,1731,_get_filter_list
src/prefect/server/schemas/filters.py,method,A,2,4,1742,1749,_get_filter_list
src/prefect/server/schemas/filters.py,method,A,2,4,1760,1766,_get_filter_list
src/prefect/server/schemas/filters.py,method,A,2,4,1835,1841,_get_filter_list
src/prefect/server/schemas/filters.py,method,A,2,4,1851,1857,_get_filter_list
src/prefect/server/schemas/filters.py,method,A,2,4,1867,1873,_get_filter_list
src/prefect/server/schemas/filters.py,method,A,2,4,1911,1917,_get_filter_list
src/prefect/server/schemas/filters.py,method,A,2,4,2005,2011,_get_filter_list
src/prefect/server/schemas/filters.py,method,A,2,4,2062,2068,_get_filter_list
src/prefect/server/schemas/filters.py,method,A,2,4,2078,2084,_get_filter_list
src/prefect/server/schemas/filters.py,method,A,2,4,2153,2159,_get_filter_list
src/prefect/server/schemas/filters.py,method,A,2,4,2211,2217,_get_filter_list
src/prefect/server/schemas/filters.py,method,A,2,4,2227,2233,_get_filter_list
src/prefect/server/schemas/filters.py,method,A,2,4,2302,2308,_get_filter_list
src/prefect/server/schemas/filters.py,function,A,1,0,34,35,_as_array
src/prefect/server/schemas/filters.py,class,A,1,0,38,42,Operator
src/prefect/server/schemas/filters.py,method,A,1,4,58,62,_get_filter_list
src/prefect/server/schemas/filters.py,method,A,1,4,1146,1151,_get_filter_list
src/prefect/server/schemas/filters.py,class,A,1,0,1417,1431,FilterSet
src/prefect/server/schemas/schedules.py,method,D,24,4,376,425,from_rrule
src/prefect/server/schemas/schedules.py,method,C,12,4,255,339,_get_dates_generator
src/prefect/server/schemas/schedules.py,method,C,11,4,111,184,_get_dates_generator
src/prefect/server/schemas/schedules.py,class,B,10,0,345,560,RRuleSchedule
src/prefect/server/schemas/schedules.py,method,B,10,4,427,480,to_rrule
src/prefect/server/schemas/schedules.py,method,B,10,4,505,560,_get_dates_generator
src/prefect/server/schemas/schedules.py,class,A,5,0,45,184,IntervalSchedule
src/prefect/server/schemas/schedules.py,class,A,5,0,187,339,CronSchedule
src/prefect/server/schemas/schedules.py,function,A,4,0,29,42,_prepare_scheduling_start_and_end
src/prefect/server/schemas/schedules.py,method,A,1,4,84,86,validate_timezone
src/prefect/server/schemas/schedules.py,method,A,1,4,88,109,get_dates
src/prefect/server/schemas/schedules.py,method,A,1,4,223,225,validate_timezone
src/prefect/server/schemas/schedules.py,method,A,1,4,229,230,valid_cron_string
src/prefect/server/schemas/schedules.py,method,A,1,4,232,253,get_dates
src/prefect/server/schemas/schedules.py,method,A,1,4,372,373,validate_rrule_str
src/prefect/server/schemas/schedules.py,method,A,1,4,482,503,get_dates
src/prefect/server/utilities/server.py,function,A,5,0,15,27,method_paths_from_routes
src/prefect/server/utilities/server.py,class,A,3,0,59,87,PrefectRouter
src/prefect/server/utilities/server.py,method,A,3,4,68,87,add_api_route
src/prefect/server/utilities/server.py,class,A,2,0,30,56,PrefectAPIRoute
src/prefect/server/utilities/server.py,method,A,1,4,42,56,get_route_handler
src/prefect/server/utilities/server.py,method,A,1,4,64,66,__init__
src/prefect/server/utilities/encryption.py,function,A,3,0,16,37,_get_fernet_encryption
src/prefect/server/utilities/encryption.py,function,A,1,0,40,43,encrypt_fernet
src/prefect/server/utilities/encryption.py,function,A,1,0,46,49,decrypt_fernet
src/prefect/server/utilities/database.py,function,A,5,0,726,754,get_dialect
src/prefect/server/utilities/database.py,class,A,4,0,132,176,Timestamp
src/prefect/server/utilities/database.py,method,A,4,4,154,167,process_bind_param
src/prefect/server/utilities/database.py,class,A,4,0,179,217,UUID
src/prefect/server/utilities/database.py,method,A,4,4,197,207,process_bind_param
src/prefect/server/utilities/database.py,class,A,4,0,220,260,JSON
src/prefect/server/utilities/database.py,function,A,3,0,326,338,bindparams_from_clause
src/prefect/server/utilities/database.py,function,A,3,0,434,442,date_diff_seconds_postgresql
src/prefect/server/utilities/database.py,function,A,3,0,538,547,date_diff_seconds_sqlite
src/prefect/server/utilities/database.py,function,A,3,0,614,650,_sqlite_json_contains
src/prefect/server/utilities/database.py,function,A,3,0,689,700,sqlite_json_operators
src/prefect/server/utilities/database.py,method,A,3,4,142,152,load_dialect_impl
src/prefect/server/utilities/database.py,method,A,3,4,209,217,process_result_value
src/prefect/server/utilities/database.py,method,A,3,4,234,240,load_dialect_impl
src/prefect/server/utilities/database.py,class,A,3,0,400,415,date_diff_seconds
src/prefect/server/utilities/database.py,function,A,2,0,424,430,datetime_or_interval_add_postgresql
src/prefect/server/utilities/database.py,function,A,2,0,553,558,_is_literal
src/prefect/server/utilities/database.py,method,A,2,4,169,176,process_result_value
src/prefect/server/utilities/database.py,method,A,2,4,191,195,load_dialect_impl
src/prefect/server/utilities/database.py,method,A,2,4,242,260,process_bind_param
src/prefect/server/utilities/database.py,class,A,2,0,263,323,Pydantic
src/prefect/server/utilities/database.py,method,A,2,4,289,298,__init__
src/prefect/server/utilities/database.py,method,A,2,4,301,316,process_bind_param
src/prefect/server/utilities/database.py,method,A,2,4,318,323,process_result_value
src/prefect/server/utilities/database.py,class,A,2,0,345,360,date_add
src/prefect/server/utilities/database.py,class,A,2,0,364,379,interval_add
src/prefect/server/utilities/database.py,class,A,2,0,383,396,date_diff
src/prefect/server/utilities/database.py,method,A,2,4,406,415,__init__
src/prefect/server/utilities/database.py,function,A,1,0,69,69,db_injector
src/prefect/server/utilities/database.py,function,A,1,0,73,73,db_injector
src/prefect/server/utilities/database.py,function,A,1,0,76,81,db_injector
src/prefect/server/utilities/database.py,function,A,1,0,95,102,generate_uuid_postgresql
src/prefect/server/utilities/database.py,function,A,1,0,106,116,generate_uuid_sqlite
src/prefect/server/utilities/database.py,function,A,1,0,491,495,_sqlite_strfinterval
src/prefect/server/utilities/database.py,function,A,1,0,498,502,_sqlite_interval_offset
src/prefect/server/utilities/database.py,function,A,1,0,506,510,current_timestamp_sqlite
src/prefect/server/utilities/database.py,function,A,1,0,514,518,date_add_sqlite
src/prefect/server/utilities/database.py,function,A,1,0,522,527,interval_add_sqlite
src/prefect/server/utilities/database.py,function,A,1,0,531,534,date_diff_sqlite
src/prefect/server/utilities/database.py,function,A,1,0,562,587,_postgresql_array_to_json_array
src/prefect/server/utilities/database.py,function,A,1,0,590,597,_json_each
src/prefect/server/utilities/database.py,function,A,1,0,603,611,_sqlite_json_astext
src/prefect/server/utilities/database.py,function,A,1,0,653,673,_sqlite_json_has_any
src/prefect/server/utilities/database.py,function,A,1,0,708,723,sqlite_greatest_as_max
src/prefect/server/utilities/database.py,class,A,1,0,84,91,GenerateUUID
src/prefect/server/utilities/database.py,method,A,1,4,273,277,__init__
src/prefect/server/utilities/database.py,method,A,1,4,283,287,__init__
src/prefect/server/utilities/database.py,method,A,1,4,351,360,__init__
src/prefect/server/utilities/database.py,method,A,1,4,370,379,__init__
src/prefect/server/utilities/database.py,method,A,1,4,389,396,__init__
src/prefect/server/utilities/database.py,class,A,1,0,703,704,greatest
src/prefect/server/utilities/subscriptions.py,function,A,4,0,12,38,accept_prefect_socket
src/prefect/server/utilities/subscriptions.py,function,A,4,0,41,56,still_connected
src/prefect/server/utilities/http.py,function,B,7,0,1,18,should_redact_header
src/prefect/server/utilities/user_templates.py,function,B,6,0,62,79,_validate_loop_constraints
src/prefect/server/utilities/user_templates.py,function,A,5,0,83,92,_nested_loop_depth
src/prefect/server/utilities/user_templates.py,function,A,5,0,95,104,matching_types_in_templates
src/prefect/server/utilities/user_templates.py,function,A,3,0,111,123,render_user_template
src/prefect/server/utilities/user_templates.py,function,A,3,0,126,138,render_user_template_sync
src/prefect/server/utilities/user_templates.py,function,A,2,0,107,108,maybe_template
src/prefect/server/utilities/user_templates.py,class,A,2,0,43,49,TemplateSecurityError
src/prefect/server/utilities/user_templates.py,function,A,1,0,52,54,register_user_template_filters
src/prefect/server/utilities/user_templates.py,function,A,1,0,57,59,validate_user_template
src/prefect/server/utilities/user_templates.py,method,A,1,4,46,49,__init__
src/prefect/server/utilities/schemas/serializers.py,function,A,1,0,10,16,orjson_dumps
src/prefect/server/utilities/schemas/serializers.py,function,A,1,0,19,29,orjson_dumps_extra_compatible
src/prefect/server/utilities/schemas/bases.py,function,B,6,0,177,186,_ensure_fields_required
src/prefect/server/utilities/schemas/bases.py,method,A,5,4,91,106,__rich_repr__
src/prefect/server/utilities/schemas/bases.py,class,A,4,0,59,174,PrefectBaseModel
src/prefect/server/utilities/schemas/bases.py,method,A,4,4,122,174,model_dump_for_orm
src/prefect/server/utilities/schemas/bases.py,class,A,3,0,30,56,PrefectDescriptorBase
src/prefect/server/utilities/schemas/bases.py,method,A,3,4,77,89,__eq__
src/prefect/server/utilities/schemas/bases.py,method,A,2,4,45,56,__get__
src/prefect/server/utilities/schemas/bases.py,method,A,2,4,108,118,reset_fields
src/prefect/server/utilities/schemas/bases.py,function,A,1,0,21,27,get_class_fields_only
src/prefect/server/utilities/schemas/bases.py,class,A,1,0,189,201,IDBaseModel
src/prefect/server/utilities/schemas/bases.py,class,A,1,0,204,223,ORMBaseModel
src/prefect/server/utilities/schemas/bases.py,class,A,1,0,226,227,ActionBaseModel
src/prefect/server/utilities/messaging/memory.py,function,A,5,0,45,61,log_metrics_periodically
src/prefect/server/utilities/messaging/memory.py,method,A,5,4,257,279,without_duplicates
src/prefect/server/utilities/messaging/memory.py,method,A,5,4,310,323,publish_data
src/prefect/server/utilities/messaging/memory.py,class,A,5,0,326,364,Consumer
src/prefect/server/utilities/messaging/memory.py,method,A,5,4,340,350,run
src/prefect/server/utilities/messaging/memory.py,method,A,5,4,352,364,_consume_loop
src/prefect/server/utilities/messaging/memory.py,class,A,4,0,248,290,Cache
src/prefect/server/utilities/messaging/memory.py,method,A,4,4,281,290,forget_duplicates
src/prefect/server/utilities/messaging/memory.py,class,A,3,0,80,185,Subscription
src/prefect/server/utilities/messaging/memory.py,class,A,3,0,293,323,Publisher
src/prefect/server/utilities/messaging/memory.py,method,A,3,4,327,338,__init__
src/prefect/server/utilities/messaging/memory.py,function,A,2,0,65,70,update_metric
src/prefect/server/utilities/messaging/memory.py,method,A,2,4,100,114,__init__
src/prefect/server/utilities/messaging/memory.py,method,A,2,4,132,158,retry
src/prefect/server/utilities/messaging/memory.py,method,A,2,4,161,167,get
src/prefect/server/utilities/messaging/memory.py,method,A,2,4,169,185,send_to_dead_letter_queue
src/prefect/server/utilities/messaging/memory.py,class,A,2,0,188,229,Topic
src/prefect/server/utilities/messaging/memory.py,method,A,2,4,199,205,by_name
src/prefect/server/utilities/messaging/memory.py,method,A,2,4,208,211,clear_all
src/prefect/server/utilities/messaging/memory.py,method,A,2,4,221,224,clear
src/prefect/server/utilities/messaging/memory.py,method,A,2,4,226,229,publish
src/prefect/server/utilities/messaging/memory.py,function,A,1,0,233,242,break_topic
src/prefect/server/utilities/messaging/memory.py,function,A,1,0,368,373,ephemeral_subscription
src/prefect/server/utilities/messaging/memory.py,class,A,1,0,74,77,MemoryMessage
src/prefect/server/utilities/messaging/memory.py,method,A,1,4,116,129,deliver
src/prefect/server/utilities/messaging/memory.py,method,A,1,4,194,196,__init__
src/prefect/server/utilities/messaging/memory.py,method,A,1,4,213,216,subscribe
src/prefect/server/utilities/messaging/memory.py,method,A,1,4,218,219,unsubscribe
src/prefect/server/utilities/messaging/memory.py,method,A,1,4,254,255,clear_recently_seen_messages
src/prefect/server/utilities/messaging/memory.py,method,A,1,4,294,297,__init__
src/prefect/server/utilities/messaging/memory.py,method,A,1,4,299,300,__aenter__
src/prefect/server/utilities/messaging/memory.py,method,A,1,4,302,308,__aexit__
src/prefect/server/utilities/messaging/__init__.py,function,A,3,0,184,198,create_publisher
src/prefect/server/utilities/messaging/__init__.py,function,A,2,0,158,168,create_cache
src/prefect/server/utilities/messaging/__init__.py,function,A,2,0,202,210,ephemeral_subscription
src/prefect/server/utilities/messaging/__init__.py,function,A,2,0,213,223,create_consumer
src/prefect/server/utilities/messaging/__init__.py,class,A,2,0,32,41,Message
src/prefect/server/utilities/messaging/__init__.py,class,A,2,0,44,56,Cache
src/prefect/server/utilities/messaging/__init__.py,class,A,2,0,59,81,Publisher
src/prefect/server/utilities/messaging/__init__.py,class,A,2,0,90,123,CapturingPublisher
src/prefect/server/utilities/messaging/__init__.py,method,A,2,4,94,102,__init__
src/prefect/server/utilities/messaging/__init__.py,method,A,2,4,115,123,publish_data
src/prefect/server/utilities/messaging/__init__.py,class,A,2,0,129,135,StopConsumer
src/prefect/server/utilities/messaging/__init__.py,class,A,2,0,138,150,Consumer
src/prefect/server/utilities/messaging/__init__.py,method,A,1,4,38,38,data
src/prefect/server/utilities/messaging/__init__.py,method,A,1,4,41,41,attributes
src/prefect/server/utilities/messaging/__init__.py,method,A,1,4,46,46,clear_recently_seen_messages
src/prefect/server/utilities/messaging/__init__.py,method,A,1,4,49,51,without_duplicates
src/prefect/server/utilities/messaging/__init__.py,method,A,1,4,54,56,forget_duplicates
src/prefect/server/utilities/messaging/__init__.py,method,A,1,4,60,65,__init__
src/prefect/server/utilities/messaging/__init__.py,method,A,1,4,68,70,publish_data
src/prefect/server/utilities/messaging/__init__.py,method,A,1,4,73,73,__aenter__
src/prefect/server/utilities/messaging/__init__.py,method,A,1,4,76,81,__aexit__
src/prefect/server/utilities/messaging/__init__.py,class,A,1,0,85,87,CapturedMessage
src/prefect/server/utilities/messaging/__init__.py,method,A,1,4,104,105,__aenter__
src/prefect/server/utilities/messaging/__init__.py,method,A,1,4,107,113,__aexit__
src/prefect/server/utilities/messaging/__init__.py,method,A,1,4,134,135,__init__
src/prefect/server/utilities/messaging/__init__.py,method,A,1,4,144,145,__init__
src/prefect/server/utilities/messaging/__init__.py,method,A,1,4,148,150,run
src/prefect/server/utilities/messaging/__init__.py,class,A,1,0,154,155,CacheModule
src/prefect/server/utilities/messaging/__init__.py,class,A,1,0,172,181,BrokerModule
src/prefect/server/orchestration/global_policy.py,class,B,10,0,190,221,SetEndTime
src/prefect/server/orchestration/global_policy.py,method,B,9,4,203,221,before_transition
src/prefect/server/orchestration/global_policy.py,class,B,9,0,270,293,RemoveResumingIndicator
src/prefect/server/orchestration/global_policy.py,class,B,8,0,246,267,IncrementFlowRunCount
src/prefect/server/orchestration/global_policy.py,method,B,8,4,277,293,before_transition
src/prefect/server/orchestration/global_policy.py,method,B,7,4,251,267,before_transition
src/prefect/server/orchestration/global_policy.py,class,B,7,0,341,365,SetNextScheduledStartTime
src/prefect/server/orchestration/global_policy.py,class,B,6,0,152,169,SetStartTime
src/prefect/server/orchestration/global_policy.py,class,B,6,0,224,242,IncrementRunTime
src/prefect/server/orchestration/global_policy.py,class,B,6,0,315,338,SetExpectedStartTime
src/prefect/server/orchestration/global_policy.py,method,B,6,4,354,365,before_transition
src/prefect/server/orchestration/global_policy.py,method,A,5,4,161,169,before_transition
src/prefect/server/orchestration/global_policy.py,method,A,5,4,233,242,before_transition
src/prefect/server/orchestration/global_policy.py,class,A,5,0,296,312,IncrementTaskRunCount
src/prefect/server/orchestration/global_policy.py,method,A,5,4,327,338,before_transition
src/prefect/server/orchestration/global_policy.py,class,A,5,0,369,397,UpdateSubflowParentTask
src/prefect/server/orchestration/global_policy.py,class,A,5,0,401,421,UpdateSubflowStateDetails
src/prefect/server/orchestration/global_policy.py,class,A,5,0,425,448,UpdateStateDetails
src/prefect/server/orchestration/global_policy.py,class,A,4,0,116,131,SetRunStateType
src/prefect/server/orchestration/global_policy.py,class,A,4,0,134,149,SetRunStateName
src/prefect/server/orchestration/global_policy.py,class,A,4,0,172,187,SetRunStateTimestamp
src/prefect/server/orchestration/global_policy.py,method,A,4,4,301,312,before_transition
src/prefect/server/orchestration/global_policy.py,method,A,4,4,376,397,after_transition
src/prefect/server/orchestration/global_policy.py,method,A,4,4,409,421,before_transition
src/prefect/server/orchestration/global_policy.py,method,A,4,4,434,448,before_transition
src/prefect/server/orchestration/global_policy.py,method,A,3,4,125,131,before_transition
src/prefect/server/orchestration/global_policy.py,method,A,3,4,143,149,before_transition
src/prefect/server/orchestration/global_policy.py,method,A,3,4,181,187,before_transition
src/prefect/server/orchestration/global_policy.py,class,A,2,0,55,84,GlobalFlowPolicy
src/prefect/server/orchestration/global_policy.py,class,A,2,0,88,113,GlobalTaskPolicy
src/prefect/server/orchestration/global_policy.py,function,A,1,0,35,51,COMMON_GLOBAL_TRANSFORMS
src/prefect/server/orchestration/global_policy.py,method,A,1,4,64,84,priority
src/prefect/server/orchestration/global_policy.py,method,A,1,4,97,113,priority
src/prefect/server/orchestration/core_policy.py,method,C,14,4,1198,1251,before_transition
src/prefect/server/orchestration/core_policy.py,method,C,13,4,1027,1080,before_transition
src/prefect/server/orchestration/core_policy.py,class,C,12,0,665,738,RetryFailedFlows
src/prefect/server/orchestration/core_policy.py,method,C,12,4,1133,1172,before_transition
src/prefect/server/orchestration/core_policy.py,method,C,11,4,416,480,before_transition
src/prefect/server/orchestration/core_policy.py,class,C,11,0,511,565,ReleaseFlowConcurrencySlots
src/prefect/server/orchestration/core_policy.py,method,C,11,4,677,738,before_transition
src/prefect/server/orchestration/core_policy.py,method,C,11,4,961,1006,before_transition
src/prefect/server/orchestration/core_policy.py,class,B,10,0,396,508,SecureFlowConcurrencySlots
src/prefect/server/orchestration/core_policy.py,method,B,10,4,519,565,after_transition
src/prefect/server/orchestration/core_policy.py,class,B,10,0,741,790,RetryFailedTasks
src/prefect/server/orchestration/core_policy.py,method,B,9,4,301,349,before_transition
src/prefect/server/orchestration/core_policy.py,method,B,9,4,754,790,before_transition
src/prefect/server/orchestration/core_policy.py,class,B,9,0,1184,1259,HandleFlowTerminalStateTransitions
src/prefect/server/orchestration/core_policy.py,class,B,9,0,1404,1444,BypassCancellingFlowRunsWithNoInfra
src/prefect/server/orchestration/core_policy.py,class,B,8,0,1019,1090,HandleResumingPausedFlows
src/prefect/server/orchestration/core_policy.py,class,B,8,0,1120,1181,HandleTaskTerminalStateTransitions
src/prefect/server/orchestration/core_policy.py,method,B,8,4,1420,1444,before_transition
src/prefect/server/orchestration/core_policy.py,class,B,7,0,285,364,SecureTaskConcurrencySlots
src/prefect/server/orchestration/core_policy.py,class,B,7,0,367,393,ReleaseTaskConcurrencySlots
src/prefect/server/orchestration/core_policy.py,class,B,7,0,953,1016,HandlePausingFlows
src/prefect/server/orchestration/core_policy.py,class,B,7,0,1311,1329,EnsureOnlyScheduledFlowsMarkedLate
src/prefect/server/orchestration/core_policy.py,class,B,7,0,1448,1489,PreventDuplicateTransitions
src/prefect/server/orchestration/core_policy.py,method,B,6,4,373,393,after_transition
src/prefect/server/orchestration/core_policy.py,method,B,6,4,483,508,cleanup
src/prefect/server/orchestration/core_policy.py,class,B,6,0,615,661,CacheRetrieval
src/prefect/server/orchestration/core_policy.py,class,B,6,0,824,851,RenameReruns
src/prefect/server/orchestration/core_policy.py,class,B,6,0,884,922,WaitForScheduledTime
src/prefect/server/orchestration/core_policy.py,method,B,6,4,1315,1329,before_transition
src/prefect/server/orchestration/core_policy.py,class,B,6,0,1333,1375,PreventRunningTasksFromStoppedFlows
src/prefect/server/orchestration/core_policy.py,method,B,6,4,1466,1489,before_transition
src/prefect/server/orchestration/core_policy.py,class,A,5,0,569,612,CacheInsertion
src/prefect/server/orchestration/core_policy.py,method,A,5,4,628,661,before_transition
src/prefect/server/orchestration/core_policy.py,class,A,5,0,793,821,EnqueueScheduledTasks
src/prefect/server/orchestration/core_policy.py,method,A,5,4,835,851,before_transition
src/prefect/server/orchestration/core_policy.py,class,A,5,0,854,880,CopyScheduledTime
src/prefect/server/orchestration/core_policy.py,method,A,5,4,900,922,before_transition
src/prefect/server/orchestration/core_policy.py,class,A,5,0,926,949,CopyTaskParametersID
src/prefect/server/orchestration/core_policy.py,method,A,5,4,1344,1375,before_transition
src/prefect/server/orchestration/core_policy.py,method,A,4,4,577,592,before_transition
src/prefect/server/orchestration/core_policy.py,method,A,4,4,595,612,after_transition
src/prefect/server/orchestration/core_policy.py,method,A,4,4,801,821,after_transition
src/prefect/server/orchestration/core_policy.py,method,A,4,4,867,880,before_transition
src/prefect/server/orchestration/core_policy.py,method,A,4,4,938,949,before_transition
src/prefect/server/orchestration/core_policy.py,class,A,4,0,1093,1115,UpdateFlowRunTrackerOnTasks
src/prefect/server/orchestration/core_policy.py,class,A,4,0,1262,1305,PreventPendingTransitions
src/prefect/server/orchestration/core_policy.py,method,A,3,4,351,364,cleanup
src/prefect/server/orchestration/core_policy.py,method,A,3,4,1101,1115,after_transition
src/prefect/server/orchestration/core_policy.py,method,A,3,4,1292,1305,before_transition
src/prefect/server/orchestration/core_policy.py,class,A,2,0,54,87,CoreFlowPolicyWithoutDeploymentConcurrency
src/prefect/server/orchestration/core_policy.py,class,A,2,0,92,127,CoreFlowPolicy
src/prefect/server/orchestration/core_policy.py,class,A,2,0,132,164,CoreTaskPolicy
src/prefect/server/orchestration/core_policy.py,class,A,2,0,169,201,ClientSideTaskOrchestrationPolicy
src/prefect/server/orchestration/core_policy.py,class,A,2,0,206,238,BackgroundTaskPolicy
src/prefect/server/orchestration/core_policy.py,class,A,2,0,243,254,MinimalFlowPolicy
src/prefect/server/orchestration/core_policy.py,class,A,2,0,258,268,MarkLateRunsPolicy
src/prefect/server/orchestration/core_policy.py,class,A,2,0,272,281,MinimalTaskPolicy
src/prefect/server/orchestration/core_policy.py,class,A,2,0,1380,1401,EnforceCancellingToCancelledTransition
src/prefect/server/orchestration/core_policy.py,method,A,1,4,60,87,priority
src/prefect/server/orchestration/core_policy.py,method,A,1,4,98,127,priority
src/prefect/server/orchestration/core_policy.py,method,A,1,4,138,164,priority
src/prefect/server/orchestration/core_policy.py,method,A,1,4,176,201,priority
src/prefect/server/orchestration/core_policy.py,method,A,1,4,212,238,priority
src/prefect/server/orchestration/core_policy.py,method,A,1,4,245,254,priority
src/prefect/server/orchestration/core_policy.py,method,A,1,4,260,268,priority
src/prefect/server/orchestration/core_policy.py,method,A,1,4,274,281,priority
src/prefect/server/orchestration/core_policy.py,method,A,1,4,1008,1016,after_transition
src/prefect/server/orchestration/core_policy.py,method,A,1,4,1082,1090,after_transition
src/prefect/server/orchestration/core_policy.py,method,A,1,4,1174,1181,cleanup
src/prefect/server/orchestration/core_policy.py,method,A,1,4,1253,1259,cleanup
src/prefect/server/orchestration/core_policy.py,method,A,1,4,1388,1401,before_transition
src/prefect/server/orchestration/rules.py,method,B,10,4,449,495,_validate_proposed_state
src/prefect/server/orchestration/rules.py,method,B,9,4,292,334,_validate_proposed_state
src/prefect/server/orchestration/rules.py,method,A,4,4,149,175,safe_copy
src/prefect/server/orchestration/rules.py,class,A,4,0,368,530,TaskOrchestrationContext
src/prefect/server/orchestration/rules.py,method,A,4,4,766,787,invalid
src/prefect/server/orchestration/rules.py,method,A,4,4,824,860,reject_transition
src/prefect/server/orchestration/rules.py,class,A,3,0,211,365,FlowOrchestrationContext
src/prefect/server/orchestration/rules.py,method,A,3,4,252,288,validate_proposed_state
src/prefect/server/orchestration/rules.py,method,A,3,4,409,445,validate_proposed_state
src/prefect/server/orchestration/rules.py,class,A,3,0,534,942,BaseOrchestrationRule
src/prefect/server/orchestration/rules.py,method,A,3,4,631,662,__aenter__
src/prefect/server/orchestration/rules.py,method,A,3,4,664,688,__aexit__
src/prefect/server/orchestration/rules.py,class,A,2,0,72,208,OrchestrationContext
src/prefect/server/orchestration/rules.py,method,A,2,4,126,129,initial_state_type
src/prefect/server/orchestration/rules.py,method,A,2,4,132,135,proposed_state_type
src/prefect/server/orchestration/rules.py,method,A,2,4,138,140,validated_state_type
src/prefect/server/orchestration/rules.py,method,A,2,4,525,530,flow_run
src/prefect/server/orchestration/rules.py,method,A,2,4,789,803,fizzled
src/prefect/server/orchestration/rules.py,method,A,2,4,805,821,invalid_transition
src/prefect/server/orchestration/rules.py,method,A,2,4,862,891,delay_transition
src/prefect/server/orchestration/rules.py,method,A,2,4,894,916,abort_transition
src/prefect/server/orchestration/rules.py,method,A,2,4,918,928,rename_state
src/prefect/server/orchestration/rules.py,class,A,2,0,963,1081,BaseUniversalTransform
src/prefect/server/orchestration/rules.py,method,A,2,4,1020,1036,__aexit__
src/prefect/server/orchestration/rules.py,method,A,1,4,143,146,run_settings
src/prefect/server/orchestration/rules.py,method,A,1,4,177,190,entry_context
src/prefect/server/orchestration/rules.py,method,A,1,4,192,205,exit_context
src/prefect/server/orchestration/rules.py,method,A,1,4,207,208,flow_run
src/prefect/server/orchestration/rules.py,method,A,1,4,336,353,safe_copy
src/prefect/server/orchestration/rules.py,method,A,1,4,356,359,run_settings
src/prefect/server/orchestration/rules.py,method,A,1,4,361,362,task_run
src/prefect/server/orchestration/rules.py,method,A,1,4,364,365,flow_run
src/prefect/server/orchestration/rules.py,method,A,1,4,497,514,safe_copy
src/prefect/server/orchestration/rules.py,method,A,1,4,517,520,run_settings
src/prefect/server/orchestration/rules.py,method,A,1,4,522,523,task_run
src/prefect/server/orchestration/rules.py,method,A,1,4,620,629,__init__
src/prefect/server/orchestration/rules.py,method,A,1,4,690,696,before_transition
src/prefect/server/orchestration/rules.py,method,A,1,4,721,727,after_transition
src/prefect/server/orchestration/rules.py,method,A,1,4,741,747,cleanup
src/prefect/server/orchestration/rules.py,method,A,1,4,930,942,update_context_parameters
src/prefect/server/orchestration/rules.py,class,A,1,0,945,948,FlowRunOrchestrationRule
src/prefect/server/orchestration/rules.py,class,A,1,0,951,954,TaskRunOrchestrationRule
src/prefect/server/orchestration/rules.py,class,A,1,0,957,960,GenericOrchestrationRule
src/prefect/server/orchestration/rules.py,method,A,1,4,995,1003,__init__
src/prefect/server/orchestration/rules.py,method,A,1,4,1005,1018,__aenter__
src/prefect/server/orchestration/rules.py,method,A,1,4,1038,1039,before_transition
src/prefect/server/orchestration/rules.py,method,A,1,4,1049,1050,after_transition
src/prefect/server/orchestration/rules.py,method,A,1,4,1060,1071,nullified_transition
src/prefect/server/orchestration/rules.py,method,A,1,4,1073,1081,exception_in_transition
src/prefect/server/orchestration/rules.py,class,A,1,0,1084,1087,TaskRunUniversalTransform
src/prefect/server/orchestration/rules.py,class,A,1,0,1090,1093,FlowRunUniversalTransform
src/prefect/server/orchestration/rules.py,class,A,1,0,1096,1101,GenericUniversalTransform
src/prefect/server/orchestration/policies.py,class,A,4,0,31,67,BaseOrchestrationPolicy
src/prefect/server/orchestration/policies.py,method,A,4,4,52,67,compile_transition_rules
src/prefect/server/orchestration/policies.py,method,A,1,4,42,49,priority
src/prefect/server/orchestration/policies.py,class,A,1,0,70,73,TaskRunOrchestrationPolicy
src/prefect/server/orchestration/policies.py,class,A,1,0,76,79,FlowRunOrchestrationPolicy
src/prefect/server/orchestration/policies.py,class,A,1,0,82,87,GenericOrchestrationPolicy
src/prefect/server/orchestration/dependencies.py,function,A,3,0,57,75,provide_flow_policy
src/prefect/server/orchestration/dependencies.py,function,A,2,0,46,54,provide_task_policy
src/prefect/server/orchestration/dependencies.py,function,A,2,0,78,86,provide_task_orchestration_parameters
src/prefect/server/orchestration/dependencies.py,function,A,2,0,89,97,provide_flow_orchestration_parameters
src/prefect/server/orchestration/dependencies.py,function,A,1,0,101,111,temporary_task_policy
src/prefect/server/orchestration/dependencies.py,function,A,1,0,115,125,temporary_flow_policy
src/prefect/server/orchestration/dependencies.py,function,A,1,0,129,146,temporary_task_orchestration_parameters
src/prefect/server/orchestration/dependencies.py,function,A,1,0,151,168,temporary_flow_orchestration_parameters
src/prefect/server/orchestration/dependencies.py,class,A,1,0,23,27,OrchestrationDependencies
src/prefect/server/orchestration/instrumentation_policies.py,class,C,11,0,25,65,InstrumentFlowRunStateTransitions
src/prefect/server/orchestration/instrumentation_policies.py,method,B,10,4,28,65,after_transition
src/prefect/server/api/task_run_states.py,function,A,2,0,21,40,read_task_run_state
src/prefect/server/api/task_run_states.py,function,A,1,0,44,53,read_task_run_states
src/prefect/server/api/task_runs.py,function,C,12,0,282,344,scheduled_task_subscription
src/prefect/server/api/task_runs.py,function,A,4,0,46,86,create_task_run
src/prefect/server/api/task_runs.py,function,A,3,0,128,169,task_run_history
src/prefect/server/api/task_runs.py,function,A,3,0,234,278,set_task_run_state
src/prefect/server/api/task_runs.py,function,A,2,0,90,103,update_task_run
src/prefect/server/api/task_runs.py,function,A,2,0,174,187,read_task_run
src/prefect/server/api/task_runs.py,function,A,2,0,218,230,delete_task_run
src/prefect/server/api/task_runs.py,function,A,1,0,107,123,count_task_runs
src/prefect/server/api/task_runs.py,function,A,1,0,191,213,read_task_runs
src/prefect/server/api/server.py,method,C,16,4,805,865,start
src/prefect/server/api/server.py,function,C,11,0,569,749,create_app
src/prefect/server/api/server.py,function,B,10,0,300,408,create_api_app
src/prefect/server/api/server.py,function,B,7,0,411,485,create_ui_app
src/prefect/server/api/server.py,function,B,6,0,187,213,is_client_retryable_exception
src/prefect/server/api/server.py,function,B,6,0,216,240,replace_placeholder_string_in_files
src/prefect/server/api/server.py,function,B,6,0,243,260,copy_directory
src/prefect/server/api/server.py,method,A,5,4,899,914,stop
src/prefect/server/api/server.py,class,A,4,0,755,921,SubprocessASGIServer
src/prefect/server/api/server.py,function,A,3,0,263,284,custom_internal_exception_handler
src/prefect/server/api/server.py,class,A,3,0,123,135,SPAStaticFiles
src/prefect/server/api/server.py,method,A,3,4,777,784,find_available_port
src/prefect/server/api/server.py,method,A,2,4,131,135,get_response
src/prefect/server/api/server.py,class,A,2,0,138,153,RequestLimitMiddleware
src/prefect/server/api/server.py,method,A,2,4,759,767,__new__
src/prefect/server/api/server.py,method,A,2,4,769,775,__init__
src/prefect/server/api/server.py,method,A,2,4,787,795,is_port_available
src/prefect/server/api/server.py,function,A,1,0,156,166,validation_exception_handler
src/prefect/server/api/server.py,function,A,1,0,172,183,integrity_exception_handler
src/prefect/server/api/server.py,function,A,1,0,288,293,prefect_object_not_found_exception_handler
src/prefect/server/api/server.py,function,A,1,0,491,566,_memoize_block_auto_registration
src/prefect/server/api/server.py,method,A,1,4,147,149,__init__
src/prefect/server/api/server.py,method,A,1,4,151,153,__call__
src/prefect/server/api/server.py,method,A,1,4,798,799,address
src/prefect/server/api/server.py,method,A,1,4,802,803,api_url
src/prefect/server/api/server.py,method,A,1,4,867,895,_run_uvicorn_command
src/prefect/server/api/server.py,method,A,1,4,916,918,__enter__
src/prefect/server/api/server.py,method,A,1,4,920,921,__exit__
src/prefect/server/api/csrf_token.py,function,A,2,0,21,38,create_csrf_token
src/prefect/server/api/block_capabilities.py,function,A,1,0,19,29,read_available_block_capabilities
src/prefect/server/api/flow_runs.py,function,C,17,0,357,503,resume_flow_run
src/prefect/server/api/flow_runs.py,function,B,8,0,108,158,update_flow_run
src/prefect/server/api/flow_runs.py,function,A,4,0,187,244,average_flow_run_lateness
src/prefect/server/api/flow_runs.py,function,A,3,0,62,103,create_flow_run
src/prefect/server/api/flow_runs.py,function,A,3,0,248,293,flow_run_history
src/prefect/server/api/flow_runs.py,function,A,3,0,568,615,set_flow_run_state
src/prefect/server/api/flow_runs.py,function,A,3,0,619,650,create_flow_run_input
src/prefect/server/api/flow_runs.py,function,A,2,0,298,312,read_flow_run
src/prefect/server/api/flow_runs.py,function,A,2,0,331,352,read_flow_run_graph_v2
src/prefect/server/api/flow_runs.py,function,A,2,0,507,546,read_flow_runs
src/prefect/server/api/flow_runs.py,function,A,2,0,550,563,delete_flow_run
src/prefect/server/api/flow_runs.py,function,A,2,0,680,698,read_flow_run_input
src/prefect/server/api/flow_runs.py,function,A,2,0,703,720,delete_flow_run_input
src/prefect/server/api/flow_runs.py,function,A,2,0,725,785,paginate_flow_runs
src/prefect/server/api/flow_runs.py,function,A,2,0,792,852,download_logs
src/prefect/server/api/flow_runs.py,function,A,1,0,162,182,count_flow_runs
src/prefect/server/api/flow_runs.py,function,A,1,0,317,326,read_flow_run_graph_v1
src/prefect/server/api/flow_runs.py,function,A,1,0,655,675,filter_flow_run_input
src/prefect/server/api/flow_runs.py,function,A,1,0,858,868,update_flow_run_labels
src/prefect/server/api/variables.py,function,A,2,0,23,34,get_variable_or_404
src/prefect/server/api/variables.py,function,A,2,0,37,46,get_variable_by_name_or_404
src/prefect/server/api/variables.py,function,A,2,0,56,76,create_variable
src/prefect/server/api/variables.py,function,A,2,0,132,144,update_variable
src/prefect/server/api/variables.py,function,A,2,0,148,160,update_variable_by_name
src/prefect/server/api/variables.py,function,A,2,0,164,173,delete_variable
src/prefect/server/api/variables.py,function,A,2,0,177,186,delete_variable_by_name
src/prefect/server/api/variables.py,function,A,1,0,80,87,read_variable
src/prefect/server/api/variables.py,function,A,1,0,91,98,read_variable_by_name
src/prefect/server/api/variables.py,function,A,1,0,102,115,read_variables
src/prefect/server/api/variables.py,function,A,1,0,120,127,count_variables
src/prefect/server/api/events.py,function,C,14,0,81,162,stream_workspace_events_out
src/prefect/server/api/events.py,function,A,3,0,47,60,create_events
src/prefect/server/api/events.py,function,A,3,0,64,77,stream_events_in
src/prefect/server/api/events.py,function,A,3,0,165,176,verified_page_token
src/prefect/server/api/events.py,function,A,2,0,182,215,read_events
src/prefect/server/api/events.py,function,A,2,0,222,242,read_account_events_page
src/prefect/server/api/events.py,function,A,2,0,246,257,generate_next_page_link
src/prefect/server/api/events.py,function,A,2,0,285,303,handle_event_count_request
src/prefect/server/api/events.py,function,A,1,0,263,281,count_account_events
src/prefect/server/api/block_schemas.py,function,A,4,0,28,69,create_block_schema
src/prefect/server/api/block_schemas.py,function,A,3,0,73,97,delete_block_schema
src/prefect/server/api/block_schemas.py,function,A,2,0,122,135,read_block_schema_by_id
src/prefect/server/api/block_schemas.py,function,A,2,0,139,158,read_block_schema_by_checksum
src/prefect/server/api/block_schemas.py,function,A,1,0,102,118,read_block_schemas
src/prefect/server/api/templates.py,function,A,2,0,18,31,validate_template
src/prefect/server/api/concurrency_limits.py,function,C,12,0,184,262,increment_concurrency_limits_v1
src/prefect/server/api/concurrency_limits.py,function,A,4,0,267,290,decrement_concurrency_limits_v1
src/prefect/server/api/concurrency_limits.py,function,A,2,0,26,49,create_concurrency_limit
src/prefect/server/api/concurrency_limits.py,function,A,2,0,53,73,read_concurrency_limit
src/prefect/server/api/concurrency_limits.py,function,A,2,0,77,97,read_concurrency_limit_by_tag
src/prefect/server/api/concurrency_limits.py,function,A,2,0,121,136,reset_concurrency_limit_by_tag
src/prefect/server/api/concurrency_limits.py,function,A,2,0,141,153,delete_concurrency_limit
src/prefect/server/api/concurrency_limits.py,function,A,2,0,158,168,delete_concurrency_limit_by_tag
src/prefect/server/api/concurrency_limits.py,class,A,2,0,172,174,Abort
src/prefect/server/api/concurrency_limits.py,class,A,2,0,177,180,Delay
src/prefect/server/api/concurrency_limits.py,function,A,1,0,101,116,read_concurrency_limits
src/prefect/server/api/concurrency_limits.py,method,A,1,4,173,174,__init__
src/prefect/server/api/concurrency_limits.py,method,A,1,4,178,180,__init__
src/prefect/server/api/task_workers.py,function,A,3,0,18,35,read_task_workers
src/prefect/server/api/task_workers.py,class,A,1,0,13,14,TaskWorkerFilter
src/prefect/server/api/block_types.py,function,A,3,0,17,43,create_block_type
src/prefect/server/api/block_types.py,function,A,3,0,102,128,update_block_type
src/prefect/server/api/block_types.py,function,A,3,0,133,151,delete_block_type
src/prefect/server/api/block_types.py,function,A,2,0,47,60,read_block_type_by_id
src/prefect/server/api/block_types.py,function,A,2,0,64,77,read_block_type_by_slug
src/prefect/server/api/block_types.py,function,A,2,0,156,176,read_block_documents_for_block_type
src/prefect/server/api/block_types.py,function,A,2,0,184,203,read_block_document_by_name_for_block_type
src/prefect/server/api/block_types.py,function,A,1,0,81,97,read_block_types
src/prefect/server/api/block_types.py,function,A,1,0,207,213,install_system_block_types
src/prefect/server/api/concurrency_limits_v2.py,function,C,17,0,155,239,bulk_increment_active_slots
src/prefect/server/api/concurrency_limits_v2.py,function,A,5,0,38,64,read_concurrency_limit_v2
src/prefect/server/api/concurrency_limits_v2.py,function,A,5,0,89,115,update_concurrency_limit_v2
src/prefect/server/api/concurrency_limits_v2.py,function,A,5,0,120,144,delete_concurrency_limit_v2
src/prefect/server/api/concurrency_limits_v2.py,function,A,5,0,245,273,bulk_decrement_active_slots
src/prefect/server/api/concurrency_limits_v2.py,function,A,2,0,68,84,read_all_concurrency_limits_v2
src/prefect/server/api/concurrency_limits_v2.py,function,A,1,0,20,34,create_concurrency_limit_v2
src/prefect/server/api/concurrency_limits_v2.py,class,A,1,0,148,151,MinimalConcurrencyLimitResponse
src/prefect/server/api/admin.py,function,A,3,0,32,49,clear_database
src/prefect/server/api/admin.py,function,A,2,0,53,67,drop_database
src/prefect/server/api/admin.py,function,A,2,0,71,85,create_database
src/prefect/server/api/admin.py,function,A,1,0,16,22,read_settings
src/prefect/server/api/admin.py,function,A,1,0,26,28,read_version
src/prefect/server/api/collections.py,function,B,6,0,48,75,get_collection_view
src/prefect/server/api/collections.py,function,A,4,0,29,45,read_view_content
src/prefect/server/api/logs.py,function,A,2,0,19,30,create_logs
src/prefect/server/api/logs.py,function,A,1,0,34,46,read_logs
src/prefect/server/api/automations.py,function,B,9,0,38,91,create_automation
src/prefect/server/api/automations.py,function,B,8,0,95,131,update_automation
src/prefect/server/api/automations.py,function,A,3,0,138,157,patch_automation
src/prefect/server/api/automations.py,function,A,2,0,164,175,delete_automation
src/prefect/server/api/automations.py,function,A,2,0,205,217,read_automation
src/prefect/server/api/automations.py,function,A,1,0,179,192,read_automations
src/prefect/server/api/automations.py,function,A,1,0,197,201,count_automations
src/prefect/server/api/automations.py,function,A,1,0,221,228,read_automations_related_to_resource
src/prefect/server/api/automations.py,function,A,1,0,233,242,delete_automations_owned_by_resource
src/prefect/server/api/clients.py,method,B,8,4,180,215,read_workspace_variables
src/prefect/server/api/clients.py,class,A,3,0,30,62,BaseClient
src/prefect/server/api/clients.py,method,A,3,4,33,54,__init__
src/prefect/server/api/clients.py,method,A,3,4,69,79,read_deployment
src/prefect/server/api/clients.py,class,A,3,0,225,246,WorkPoolsOrchestrationClient
src/prefect/server/api/clients.py,method,A,3,4,229,246,read_work_pool
src/prefect/server/api/clients.py,class,A,2,0,65,221,OrchestrationClient
src/prefect/server/api/clients.py,method,A,2,4,142,147,read_work_pool
src/prefect/server/api/clients.py,method,A,1,4,57,59,__aenter__
src/prefect/server/api/clients.py,method,A,1,4,61,62,__aexit__
src/prefect/server/api/clients.py,method,A,1,4,66,67,read_deployment_raw
src/prefect/server/api/clients.py,method,A,1,4,81,82,read_flow_raw
src/prefect/server/api/clients.py,method,A,1,4,84,89,create_flow_run
src/prefect/server/api/clients.py,method,A,1,4,92,93,read_flow_run_raw
src/prefect/server/api/clients.py,method,A,1,4,95,96,read_task_run_raw
src/prefect/server/api/clients.py,method,A,1,4,98,103,resume_flow_run
src/prefect/server/api/clients.py,method,A,1,4,105,107,pause_deployment
src/prefect/server/api/clients.py,method,A,1,4,110,112,resume_deployment
src/prefect/server/api/clients.py,method,A,1,4,115,122,set_flow_run_state
src/prefect/server/api/clients.py,method,A,1,4,126,128,pause_work_pool
src/prefect/server/api/clients.py,method,A,1,4,131,133,resume_work_pool
src/prefect/server/api/clients.py,method,A,1,4,136,139,read_work_pool_raw
src/prefect/server/api/clients.py,method,A,1,4,149,150,read_work_queue_raw
src/prefect/server/api/clients.py,method,A,1,4,152,153,read_work_queue_status_raw
src/prefect/server/api/clients.py,method,A,1,4,155,158,pause_work_queue
src/prefect/server/api/clients.py,method,A,1,4,161,164,resume_work_queue
src/prefect/server/api/clients.py,method,A,1,4,167,174,read_block_document_raw
src/prefect/server/api/clients.py,method,A,1,4,217,221,read_concurrency_limit_v2_raw
src/prefect/server/api/clients.py,method,A,1,4,226,227,__aenter__
src/prefect/server/api/deployments.py,function,D,29,0,183,329,update_deployment
src/prefect/server/api/deployments.py,function,C,15,0,57,178,create_deployment
src/prefect/server/api/deployments.py,function,C,13,0,666,793,create_flow_run_from_deployment
src/prefect/server/api/deployments.py,function,A,4,0,846,876,create_deployment_schedules
src/prefect/server/api/deployments.py,function,A,3,0,880,911,update_deployment_schedule
src/prefect/server/api/deployments.py,function,A,3,0,916,943,delete_deployment_schedule
src/prefect/server/api/deployments.py,function,A,2,0,333,350,read_deployment_by_name
src/prefect/server/api/deployments.py,function,A,2,0,355,371,read_deployment
src/prefect/server/api/deployments.py,function,A,2,0,376,410,read_deployments
src/prefect/server/api/deployments.py,function,A,2,0,415,470,paginate_deployments
src/prefect/server/api/deployments.py,function,A,2,0,475,522,get_scheduled_flow_runs_for_deployments
src/prefect/server/api/deployments.py,function,A,2,0,551,564,delete_deployment
src/prefect/server/api/deployments.py,function,A,2,0,569,610,schedule_deployment
src/prefect/server/api/deployments.py,function,A,2,0,615,630,resume_deployment
src/prefect/server/api/deployments.py,function,A,2,0,634,662,pause_deployment
src/prefect/server/api/deployments.py,function,A,2,0,799,821,work_queue_check_for_deployment
src/prefect/server/api/deployments.py,function,A,2,0,825,841,read_deployment_schedules
src/prefect/server/api/deployments.py,function,A,1,0,44,49,_multiple_schedules_error
src/prefect/server/api/deployments.py,function,A,1,0,526,546,count_deployments
src/prefect/server/api/flows.py,function,A,2,0,23,43,create_flow
src/prefect/server/api/flows.py,function,A,2,0,47,61,update_flow
src/prefect/server/api/flows.py,function,A,2,0,89,102,read_flow_by_name
src/prefect/server/api/flows.py,function,A,2,0,106,119,read_flow
src/prefect/server/api/flows.py,function,A,2,0,152,163,delete_flow
src/prefect/server/api/flows.py,function,A,1,0,66,84,count_flows
src/prefect/server/api/flows.py,function,A,1,0,123,147,read_flows
src/prefect/server/api/flows.py,function,A,1,0,168,211,paginate_flows
src/prefect/server/api/artifacts.py,function,A,2,0,24,46,create_artifact
src/prefect/server/api/artifacts.py,function,A,2,0,50,66,read_artifact
src/prefect/server/api/artifacts.py,function,A,2,0,70,85,read_latest_artifact
src/prefect/server/api/artifacts.py,function,A,2,0,193,210,update_artifact
src/prefect/server/api/artifacts.py,function,A,2,0,214,229,delete_artifact
src/prefect/server/api/artifacts.py,function,A,1,0,89,113,read_artifacts
src/prefect/server/api/artifacts.py,function,A,1,0,118,142,read_latest_artifacts
src/prefect/server/api/artifacts.py,function,A,1,0,147,165,count_artifacts
src/prefect/server/api/artifacts.py,function,A,1,0,170,188,count_latest_artifacts
src/prefect/server/api/root.py,function,A,2,0,21,34,perform_readiness_check
src/prefect/server/api/root.py,function,A,1,0,15,17,hello
src/prefect/server/api/workers.py,function,B,9,0,322,393,get_scheduled_flow_runs
src/prefect/server/api/workers.py,function,A,3,0,157,194,create_work_pool
src/prefect/server/api/workers.py,function,A,3,0,257,288,update_work_pool
src/prefect/server/api/workers.py,function,A,3,0,574,608,worker_heartbeat
src/prefect/server/api/workers.py,class,A,3,0,53,144,WorkerLookups
src/prefect/server/api/workers.py,method,A,3,4,94,129,_get_work_queue_from_name
src/prefect/server/api/workers.py,function,A,2,0,219,238,read_work_pools
src/prefect/server/api/workers.py,function,A,2,0,293,317,delete_work_pool
src/prefect/server/api/workers.py,function,A,2,0,406,441,create_work_queue
src/prefect/server/api/workers.py,function,A,2,0,475,501,read_work_queues
src/prefect/server/api/workers.py,function,A,2,0,640,661,delete_worker
src/prefect/server/api/workers.py,method,A,2,4,54,72,_get_work_pool_id_from_name
src/prefect/server/api/workers.py,method,A,2,4,74,92,_get_default_work_queue_id_from_work_pool_name
src/prefect/server/api/workers.py,function,A,1,0,199,215,read_work_pool
src/prefect/server/api/workers.py,function,A,1,0,243,252,count_work_pools
src/prefect/server/api/workers.py,function,A,1,0,446,470,read_work_queue
src/prefect/server/api/workers.py,function,A,1,0,506,530,update_work_queue
src/prefect/server/api/workers.py,function,A,1,0,537,557,delete_work_queue
src/prefect/server/api/workers.py,function,A,1,0,613,633,read_workers
src/prefect/server/api/workers.py,method,A,1,4,131,144,_get_work_queue_id_from_name
src/prefect/server/api/flow_run_states.py,function,A,2,0,21,40,read_flow_run_state
src/prefect/server/api/flow_run_states.py,function,A,1,0,44,53,read_flow_run_states
src/prefect/server/api/work_queues.py,function,A,3,0,133,180,read_work_queue_runs
src/prefect/server/api/work_queues.py,function,A,2,0,39,64,create_work_queue
src/prefect/server/api/work_queues.py,function,A,2,0,69,86,update_work_queue
src/prefect/server/api/work_queues.py,function,A,2,0,91,107,read_work_queue_by_name
src/prefect/server/api/work_queues.py,function,A,2,0,112,128,read_work_queue
src/prefect/server/api/work_queues.py,function,A,2,0,184,200,read_work_queues
src/prefect/server/api/work_queues.py,function,A,2,0,205,218,delete_work_queue
src/prefect/server/api/work_queues.py,function,A,1,0,223,234,read_work_queue_status
src/prefect/server/api/flow_run_notification_policies.py,function,A,2,0,38,57,update_flow_run_notification_policy
src/prefect/server/api/flow_run_notification_policies.py,function,A,2,0,62,81,read_flow_run_notification_policy
src/prefect/server/api/flow_run_notification_policies.py,function,A,2,0,104,121,delete_flow_run_notification_policy
src/prefect/server/api/flow_run_notification_policies.py,function,A,1,0,22,33,create_flow_run_notification_policy
src/prefect/server/api/flow_run_notification_policies.py,function,A,1,0,85,99,read_flow_run_notification_policies
src/prefect/server/api/block_documents.py,function,A,3,0,21,46,create_block_document
src/prefect/server/api/block_documents.py,function,A,3,0,143,165,update_block_document_data
src/prefect/server/api/block_documents.py,function,A,2,0,105,122,read_block_document_by_id
src/prefect/server/api/block_documents.py,function,A,2,0,126,138,delete_block_document
src/prefect/server/api/block_documents.py,function,A,1,0,51,80,read_block_documents
src/prefect/server/api/block_documents.py,function,A,1,0,84,101,count_block_documents
src/prefect/server/api/middleware.py,class,B,8,0,15,73,CsrfMiddleware
src/prefect/server/api/middleware.py,method,B,7,4,23,73,dispatch
src/prefect/server/api/dependencies.py,function,A,5,0,132,151,get_created_by
src/prefect/server/api/dependencies.py,method,A,5,4,58,87,__call__
src/prefect/server/api/dependencies.py,function,A,4,0,21,38,provide_request_api_version
src/prefect/server/api/dependencies.py,function,A,3,0,154,167,get_updated_by
src/prefect/server/api/dependencies.py,function,A,3,0,182,196,get_prefect_client_version
src/prefect/server/api/dependencies.py,class,A,3,0,41,99,EnforceMinimumAPIVersion
src/prefect/server/api/dependencies.py,method,A,2,4,50,56,__init__
src/prefect/server/api/dependencies.py,function,A,1,0,103,129,LimitBody
src/prefect/server/api/dependencies.py,function,A,1,0,170,174,is_ephemeral_request
src/prefect/server/api/dependencies.py,method,A,1,4,91,93,_notify_of_invalid_value
src/prefect/server/api/dependencies.py,method,A,1,4,96,99,_notify_of_outdated_version
src/prefect/server/api/saved_searches.py,function,A,2,0,21,45,create_saved_search
src/prefect/server/api/saved_searches.py,function,A,2,0,49,64,read_saved_search
src/prefect/server/api/saved_searches.py,function,A,2,0,85,98,delete_saved_search
src/prefect/server/api/saved_searches.py,function,A,1,0,68,80,read_saved_searches
src/prefect/server/api/run_history.py,function,B,7,0,26,170,run_history
src/prefect/server/api/validation.py,function,B,10,0,66,109,_get_base_config_defaults
src/prefect/server/api/validation.py,function,B,9,0,334,381,validate_job_variables_for_run_deployment_action
src/prefect/server/api/validation.py,function,B,8,0,112,155,_resolve_default_reference
src/prefect/server/api/validation.py,function,B,8,0,158,218,_validate_work_pool_job_variables
src/prefect/server/api/validation.py,function,B,7,0,222,261,validate_job_variables_for_deployment_flow_run
src/prefect/server/api/validation.py,function,A,5,0,264,298,validate_job_variables_for_deployment
src/prefect/server/api/validation.py,function,A,2,0,301,331,validate_job_variable_defaults_for_work_pool
src/prefect/server/api/ui/task_runs.py,function,B,6,0,41,157,read_dashboard_task_run_counts
src/prefect/server/api/ui/task_runs.py,class,A,2,0,26,36,TaskRunCount
src/prefect/server/api/ui/task_runs.py,function,A,1,0,161,174,read_task_run_counts_by_state
src/prefect/server/api/ui/task_runs.py,method,A,1,4,33,36,ser_model
src/prefect/server/api/ui/flow_runs.py,function,A,3,0,48,92,read_flow_run_history
src/prefect/server/api/ui/flow_runs.py,function,A,3,0,97,127,count_task_runs_by_flow_run
src/prefect/server/api/ui/flow_runs.py,class,A,1,0,27,43,SimpleFlowRun
src/prefect/server/api/ui/schemas.py,function,A,3,0,27,64,validate_obj
src/prefect/server/api/ui/flows.py,function,A,4,0,142,173,next_runs_by_flow
src/prefect/server/api/ui/flows.py,function,A,3,0,47,71,count_deployments_by_flow
src/prefect/server/api/ui/flows.py,class,A,3,0,28,43,SimpleNextFlowRun
src/prefect/server/api/ui/flows.py,method,A,2,4,40,43,validate_next_scheduled_start_time
src/prefect/server/api/ui/flows.py,function,A,1,0,75,107,_get_postgres_next_runs_query
src/prefect/server/api/ui/flows.py,function,A,1,0,110,138,_get_sqlite_next_runs_query
src/prefect/server/events/triggers.py,function,C,18,0,74,266,evaluate
src/prefect/server/events/triggers.py,function,C,12,0,474,583,reactive_evaluation
src/prefect/server/events/triggers.py,function,B,9,0,281,359,evaluate_composite_trigger
src/prefect/server/events/triggers.py,function,B,9,0,364,411,act
src/prefect/server/events/triggers.py,function,B,6,0,1050,1099,proactive_evaluation
src/prefect/server/events/triggers.py,function,A,5,0,653,668,load_automation
src/prefect/server/events/triggers.py,function,A,5,0,1102,1128,evaluate_proactive_triggers
src/prefect/server/events/triggers.py,function,A,4,0,426,443,update_events_clock
src/prefect/server/events/triggers.py,function,A,4,0,725,755,read_buckets_for_automation
src/prefect/server/events/triggers.py,function,A,4,0,799,846,increment_bucket
src/prefect/server/events/triggers.py,function,A,4,0,907,956,ensure_bucket
src/prefect/server/events/triggers.py,function,A,3,0,270,277,fire
src/prefect/server/events/triggers.py,function,A,3,0,451,464,get_events_clock_offset
src/prefect/server/events/triggers.py,function,A,3,0,614,626,evaluate_periodically
src/prefect/server/events/triggers.py,function,A,3,0,648,650,find_interested_triggers
src/prefect/server/events/triggers.py,function,A,3,0,671,676,forget_automation
src/prefect/server/events/triggers.py,function,A,3,0,679,690,automation_changed
src/prefect/server/events/triggers.py,function,A,3,0,850,903,start_new_bucket
src/prefect/server/events/triggers.py,function,A,2,0,419,423,_events_clock_lock
src/prefect/server/events/triggers.py,function,A,2,0,593,611,periodic_evaluation
src/prefect/server/events/triggers.py,function,A,2,0,641,645,_automations_lock
src/prefect/server/events/triggers.py,function,A,2,0,694,705,load_automations
src/prefect/server/events/triggers.py,function,A,2,0,710,719,remove_buckets_exceeding_threshold
src/prefect/server/events/triggers.py,function,A,2,0,776,795,read_bucket_by_trigger_id
src/prefect/server/events/triggers.py,function,A,1,0,446,448,get_events_clock
src/prefect/server/events/triggers.py,function,A,1,0,467,471,reset_events_clock
src/prefect/server/events/triggers.py,function,A,1,0,588,590,get_lost_followers
src/prefect/server/events/triggers.py,function,A,1,0,759,771,read_bucket
src/prefect/server/events/triggers.py,function,A,1,0,960,968,remove_bucket
src/prefect/server/events/triggers.py,function,A,1,0,974,980,sweep_closed_buckets
src/prefect/server/events/triggers.py,function,A,1,0,984,989,reset
src/prefect/server/events/triggers.py,function,A,1,0,992,993,causal_ordering
src/prefect/server/events/triggers.py,function,A,1,0,997,1047,consumer
src/prefect/server/events/counting.py,method,B,6,4,41,53,as_timedelta
src/prefect/server/events/counting.py,class,A,5,0,175,305,Countable
src/prefect/server/events/counting.py,method,A,5,4,267,283,_database_value_expression
src/prefect/server/events/counting.py,method,A,5,4,285,305,_database_label_expression
src/prefect/server/events/counting.py,class,A,4,0,34,172,TimeUnit
src/prefect/server/events/counting.py,method,A,3,4,55,75,validate_buckets
src/prefect/server/events/counting.py,method,A,3,4,78,108,get_interval_spans
src/prefect/server/events/counting.py,method,A,3,4,110,143,database_value_expression
src/prefect/server/events/counting.py,method,A,3,4,145,172,database_label_expression
src/prefect/server/events/counting.py,class,A,2,0,26,31,InvalidEventCountParameters
src/prefect/server/events/counting.py,method,A,2,4,183,265,get_database_query
src/prefect/server/events/counting.py,method,A,1,4,29,31,__init__
src/prefect/server/events/actions.py,method,C,11,4,904,923,_upgrade_v1_templates
src/prefect/server/events/actions.py,method,B,10,4,480,553,_get_object_from_prefect_api
src/prefect/server/events/actions.py,method,B,10,4,824,851,_collect_errors
src/prefect/server/events/actions.py,method,B,9,4,436,478,instantiate_object
src/prefect/server/events/actions.py,class,B,9,0,719,948,RunDeployment
src/prefect/server/events/actions.py,method,B,9,4,925,948,_collect_placeholders
src/prefect/server/events/actions.py,method,B,7,4,321,337,reason_from_response
src/prefect/server/events/actions.py,method,B,7,4,415,434,templates_in_dictionary
src/prefect/server/events/actions.py,method,B,7,4,853,901,render_parameters
src/prefect/server/events/actions.py,class,B,6,0,385,626,JinjaTemplateAction
src/prefect/server/events/actions.py,method,B,6,4,556,602,_relevant_native_objects
src/prefect/server/events/actions.py,class,B,6,0,630,672,DeploymentAction
src/prefect/server/events/actions.py,method,B,6,4,659,672,deployment_id_to_use
src/prefect/server/events/actions.py,method,B,6,4,796,819,validate_parameters
src/prefect/server/events/actions.py,class,B,6,0,983,999,FlowRunAction
src/prefect/server/events/actions.py,class,B,6,0,1306,1348,WorkPoolAction
src/prefect/server/events/actions.py,method,B,6,4,1335,1348,work_pool_id_to_use
src/prefect/server/events/actions.py,class,B,6,0,1440,1482,WorkQueueAction
src/prefect/server/events/actions.py,method,B,6,4,1469,1482,work_queue_id_to_use
src/prefect/server/events/actions.py,class,B,6,0,1559,1601,AutomationAction
src/prefect/server/events/actions.py,method,B,6,4,1588,1601,automation_id_to_use
src/prefect/server/events/actions.py,method,A,5,4,986,999,flow_run
src/prefect/server/events/actions.py,method,A,5,4,1216,1236,act
src/prefect/server/events/actions.py,class,A,4,0,291,337,ExternalDataAction
src/prefect/server/events/actions.py,method,A,4,4,741,793,command
src/prefect/server/events/actions.py,class,A,4,0,1139,1236,CallWebhook
src/prefect/server/events/actions.py,method,A,4,4,1181,1214,_get_webhook_block
src/prefect/server/events/actions.py,method,A,4,4,1255,1288,_get_notification_block
src/prefect/server/events/actions.py,function,A,3,0,341,347,_first_resource_of_kind
src/prefect/server/events/actions.py,function,A,3,0,363,370,_id_from_resource_id
src/prefect/server/events/actions.py,function,A,3,0,373,378,_id_of_first_resource_of_kind
src/prefect/server/events/actions.py,class,A,3,0,111,261,Action
src/prefect/server/events/actions.py,method,A,3,4,649,657,selected_deployment_requires_id
src/prefect/server/events/actions.py,class,A,3,0,675,716,DeploymentCommandAction
src/prefect/server/events/actions.py,class,A,3,0,1002,1040,FlowRunStateChangeAction
src/prefect/server/events/actions.py,method,A,3,4,1009,1040,act
src/prefect/server/events/actions.py,class,A,3,0,1043,1070,ChangeFlowRunState
src/prefect/server/events/actions.py,class,A,3,0,1105,1135,ResumeFlowRun
src/prefect/server/events/actions.py,method,A,3,4,1153,1166,ensure_payload_is_a_string
src/prefect/server/events/actions.py,class,A,3,0,1239,1303,SendNotification
src/prefect/server/events/actions.py,method,A,3,4,1250,1253,is_valid_template
src/prefect/server/events/actions.py,method,A,3,4,1326,1333,selected_work_pool_requires_id
src/prefect/server/events/actions.py,class,A,3,0,1351,1405,WorkPoolCommandAction
src/prefect/server/events/actions.py,method,A,3,4,1356,1368,target_work_pool
src/prefect/server/events/actions.py,method,A,3,4,1459,1467,selected_work_queue_requires_id
src/prefect/server/events/actions.py,class,A,3,0,1485,1524,WorkQueueCommandAction
src/prefect/server/events/actions.py,method,A,3,4,1578,1586,selected_automation_requires_id
src/prefect/server/events/actions.py,class,A,3,0,1604,1641,AutomationCommandAction
src/prefect/server/events/actions.py,function,A,2,0,350,360,_kind_and_id_from_resource
src/prefect/server/events/actions.py,class,A,2,0,106,108,ActionFailed
src/prefect/server/events/actions.py,method,A,2,4,127,181,fail
src/prefect/server/events/actions.py,method,A,2,4,185,244,succeed
src/prefect/server/events/actions.py,method,A,2,4,248,261,logging_context
src/prefect/server/events/actions.py,class,A,2,0,265,273,DoNothing
src/prefect/server/events/actions.py,class,A,2,0,277,288,EmitEventAction
src/prefect/server/events/actions.py,method,A,2,4,395,401,_register_filters_if_needed
src/prefect/server/events/actions.py,method,A,2,4,404,412,validate_template
src/prefect/server/events/actions.py,method,A,2,4,618,626,_render
src/prefect/server/events/actions.py,method,A,2,4,680,707,act
src/prefect/server/events/actions.py,class,A,2,0,951,964,PauseDeployment
src/prefect/server/events/actions.py,class,A,2,0,967,980,ResumeDeployment
src/prefect/server/events/actions.py,method,A,2,4,1061,1070,new_state
src/prefect/server/events/actions.py,class,A,2,0,1074,1082,CancelFlowRun
src/prefect/server/events/actions.py,class,A,2,0,1086,1101,SuspendFlowRun
src/prefect/server/events/actions.py,method,A,2,4,1110,1135,act
src/prefect/server/events/actions.py,method,A,2,4,1170,1179,validate_payload_templates
src/prefect/server/events/actions.py,method,A,2,4,1290,1300,act
src/prefect/server/events/actions.py,method,A,2,4,1370,1396,act
src/prefect/server/events/actions.py,class,A,2,0,1408,1421,PauseWorkPool
src/prefect/server/events/actions.py,class,A,2,0,1424,1437,ResumeWorkPool
src/prefect/server/events/actions.py,method,A,2,4,1488,1515,act
src/prefect/server/events/actions.py,class,A,2,0,1527,1540,PauseWorkQueue
src/prefect/server/events/actions.py,class,A,2,0,1543,1556,ResumeWorkQueue
src/prefect/server/events/actions.py,method,A,2,4,1607,1632,act
src/prefect/server/events/actions.py,class,A,2,0,1644,1657,PauseAutomation
src/prefect/server/events/actions.py,class,A,2,0,1660,1673,ResumeAutomation
src/prefect/server/events/actions.py,function,A,1,0,1702,1704,record_action_happening
src/prefect/server/events/actions.py,function,A,1,0,1707,1709,action_has_already_happened
src/prefect/server/events/actions.py,function,A,1,0,1713,1740,consumer
src/prefect/server/events/actions.py,method,A,1,4,107,108,__init__
src/prefect/server/events/actions.py,method,A,1,4,124,125,act
src/prefect/server/events/actions.py,method,A,1,4,270,273,act
src/prefect/server/events/actions.py,method,A,1,4,278,284,act
src/prefect/server/events/actions.py,method,A,1,4,287,288,create_event
src/prefect/server/events/actions.py,method,A,1,4,295,304,orchestration_client
src/prefect/server/events/actions.py,method,A,1,4,309,316,events_api_client
src/prefect/server/events/actions.py,method,A,1,4,604,616,_template_context
src/prefect/server/events/actions.py,method,A,1,4,710,716,command
src/prefect/server/events/actions.py,method,A,1,4,958,964,command
src/prefect/server/events/actions.py,method,A,1,4,974,980,command
src/prefect/server/events/actions.py,method,A,1,4,1006,1007,new_state
src/prefect/server/events/actions.py,method,A,1,4,1079,1082,new_state
src/prefect/server/events/actions.py,method,A,1,4,1091,1101,new_state
src/prefect/server/events/actions.py,method,A,1,4,1302,1303,render
src/prefect/server/events/actions.py,method,A,1,4,1399,1405,command
src/prefect/server/events/actions.py,method,A,1,4,1415,1421,command
src/prefect/server/events/actions.py,method,A,1,4,1431,1437,command
src/prefect/server/events/actions.py,method,A,1,4,1518,1524,command
src/prefect/server/events/actions.py,method,A,1,4,1534,1540,command
src/prefect/server/events/actions.py,method,A,1,4,1550,1556,command
src/prefect/server/events/actions.py,method,A,1,4,1635,1641,command
src/prefect/server/events/actions.py,method,A,1,4,1651,1657,command
src/prefect/server/events/actions.py,method,A,1,4,1667,1673,command
src/prefect/server/events/stream.py,method,A,4,4,154,162,start
src/prefect/server/events/stream.py,function,A,3,0,121,136,stop_distributor
src/prefect/server/events/stream.py,function,A,2,0,109,118,start_distributor
src/prefect/server/events/stream.py,class,A,2,0,139,165,Distributor
src/prefect/server/events/stream.py,function,A,1,0,38,50,subscribed
src/prefect/server/events/stream.py,function,A,1,0,54,77,events
src/prefect/server/events/stream.py,function,A,1,0,81,102,distributor
src/prefect/server/events/stream.py,function,A,1,0,168,178,run_distributor
src/prefect/server/events/stream.py,method,A,1,4,143,144,service_settings
src/prefect/server/events/stream.py,method,A,1,4,147,148,environment_variable_name
src/prefect/server/events/stream.py,method,A,1,4,151,152,enabled
src/prefect/server/events/stream.py,method,A,1,4,164,165,stop
src/prefect/server/events/jinja_filters.py,function,B,6,0,39,66,ui_resource_events_url
src/prefect/server/events/jinja_filters.py,function,A,1,0,33,35,ui_url
src/prefect/server/events/pipeline.py,class,A,2,0,7,36,EventsPipeline
src/prefect/server/events/pipeline.py,method,A,2,4,9,18,events_to_messages
src/prefect/server/events/pipeline.py,method,A,2,4,24,26,process_messages
src/prefect/server/events/pipeline.py,method,A,1,4,20,22,process_events
src/prefect/server/events/pipeline.py,method,A,1,4,28,36,process_message
src/prefect/server/events/clients.py,method,B,8,4,120,120,assert_emitted_event_with
src/prefect/server/events/clients.py,method,A,4,4,199,209,assert_no_emitted_event_with
src/prefect/server/events/clients.py,class,A,3,0,62,209,AssertingEventsClient
src/prefect/server/events/clients.py,class,A,2,0,37,52,EventsClient
src/prefect/server/events/clients.py,class,A,2,0,55,59,NullEventsClient
src/prefect/server/events/clients.py,method,A,2,4,85,92,emit
src/prefect/server/events/clients.py,method,A,2,4,108,109,emitted_events_count
src/prefect/server/events/clients.py,method,A,2,4,112,112,assert_emitted_event_count
src/prefect/server/events/clients.py,class,A,2,0,214,241,PrefectServerEventsClient
src/prefect/server/events/clients.py,method,A,2,4,232,241,emit
src/prefect/server/events/clients.py,class,A,2,0,244,276,PrefectServerEventsAPIClient
src/prefect/server/events/clients.py,method,A,1,4,41,41,emit
src/prefect/server/events/clients.py,method,A,1,4,43,44,__aenter__
src/prefect/server/events/clients.py,method,A,1,4,46,52,__aexit__
src/prefect/server/events/clients.py,method,A,1,4,58,59,emit
src/prefect/server/events/clients.py,method,A,1,4,73,77,__init__
src/prefect/server/events/clients.py,method,A,1,4,80,83,reset
src/prefect/server/events/clients.py,method,A,1,4,94,96,__aenter__
src/prefect/server/events/clients.py,method,A,1,4,98,105,__aexit__
src/prefect/server/events/clients.py,method,A,1,4,217,220,__aenter__
src/prefect/server/events/clients.py,method,A,1,4,222,230,__aexit__
src/prefect/server/events/clients.py,method,A,1,4,247,259,__init__
src/prefect/server/events/clients.py,method,A,1,4,262,264,__aenter__
src/prefect/server/events/clients.py,method,A,1,4,266,267,__aexit__
src/prefect/server/events/clients.py,method,A,1,4,269,271,pause_automation
src/prefect/server/events/clients.py,method,A,1,4,274,276,resume_automation
src/prefect/server/events/ordering.py,method,B,7,4,151,210,preceding_event_confirmed
src/prefect/server/events/ordering.py,class,A,3,0,62,210,CausalOrdering
src/prefect/server/events/ordering.py,class,A,2,0,46,48,EventArrivedEarly
src/prefect/server/events/ordering.py,class,A,2,0,51,53,MaxDepthExceeded
src/prefect/server/events/ordering.py,class,A,2,0,56,59,event_handler
src/prefect/server/events/ordering.py,method,A,2,4,72,74,event_has_been_seen
src/prefect/server/events/ordering.py,method,A,2,4,80,93,record_follower
src/prefect/server/events/ordering.py,method,A,2,4,98,108,forget_follower
src/prefect/server/events/ordering.py,method,A,1,4,47,48,__init__
src/prefect/server/events/ordering.py,method,A,1,4,52,53,__init__
src/prefect/server/events/ordering.py,method,A,1,4,57,59,__call__
src/prefect/server/events/ordering.py,method,A,1,4,69,70,__init__
src/prefect/server/events/ordering.py,method,A,1,4,76,77,record_event_as_seen
src/prefect/server/events/ordering.py,method,A,1,4,113,124,get_followers
src/prefect/server/events/ordering.py,method,A,1,4,127,148,get_lost_followers
src/prefect/server/events/filters.py,class,D,24,0,332,428,EventRelatedFilter
src/prefect/server/events/filters.py,method,D,23,4,350,428,build_where_clauses
src/prefect/server/events/filters.py,method,D,21,4,467,532,build_where_clauses
src/prefect/server/events/filters.py,method,C,19,4,261,329,build_where_clauses
src/prefect/server/events/filters.py,class,C,15,0,225,329,EventResourceFilter
src/prefect/server/events/filters.py,method,C,13,4,155,172,includes
src/prefect/server/events/filters.py,class,C,12,0,431,532,EventAnyResourceFilter
src/prefect/server/events/filters.py,class,C,11,0,140,197,EventNameFilter
src/prefect/server/events/filters.py,method,B,9,4,243,258,includes
src/prefect/server/events/filters.py,method,B,9,4,451,464,_includes
src/prefect/server/events/filters.py,method,B,7,4,175,197,build_where_clauses
src/prefect/server/events/filters.py,method,A,5,4,85,93,get_filters
src/prefect/server/events/filters.py,class,A,5,0,207,222,LabelOperations
src/prefect/server/events/filters.py,class,A,4,0,59,77,AutomationFilter
src/prefect/server/events/filters.py,method,A,4,4,212,222,__post_init__
src/prefect/server/events/filters.py,class,A,4,0,535,556,EventIDFilter
src/prefect/server/events/filters.py,method,A,4,4,540,545,includes
src/prefect/server/events/filters.py,class,A,3,0,29,42,AutomationFilterCreated
src/prefect/server/events/filters.py,class,A,3,0,45,56,AutomationFilterName
src/prefect/server/events/filters.py,method,A,3,4,67,77,_get_filter_list
src/prefect/server/events/filters.py,class,A,3,0,80,108,EventDataFilter
src/prefect/server/events/filters.py,method,A,3,4,445,449,includes
src/prefect/server/events/filters.py,class,A,3,0,564,619,EventFilter
src/prefect/server/events/filters.py,method,A,3,4,610,619,logical_limit
src/prefect/server/events/filters.py,method,A,2,4,37,42,_get_filter_list
src/prefect/server/events/filters.py,method,A,2,4,53,56,_get_filter_list
src/prefect/server/events/filters.py,method,A,2,4,95,97,includes
src/prefect/server/events/filters.py,method,A,2,4,103,108,build_where_clauses
src/prefect/server/events/filters.py,class,A,2,0,111,136,EventOccurredFilter
src/prefect/server/events/filters.py,method,A,2,4,548,556,build_where_clauses
src/prefect/server/events/filters.py,method,A,1,4,99,101,excludes
src/prefect/server/events/filters.py,method,A,1,4,122,125,clamp
src/prefect/server/events/filters.py,method,A,1,4,127,128,includes
src/prefect/server/events/filters.py,method,A,1,4,131,136,build_where_clauses
src/prefect/server/events/filters.py,class,A,1,0,201,203,LabelSet
src/prefect/server/events/filters.py,class,A,1,0,559,561,EventOrder
src/prefect/server/events/filters.py,method,A,1,4,593,599,build_where_clauses
src/prefect/server/events/filters.py,method,A,1,4,601,607,_scoped_event_resources
src/prefect/server/events/messaging.py,function,A,2,0,19,23,publish
src/prefect/server/events/messaging.py,class,A,2,0,26,73,EventPublisher
src/prefect/server/events/messaging.py,method,A,2,4,29,31,__init__
src/prefect/server/events/messaging.py,method,A,2,4,44,73,publish_event
src/prefect/server/events/messaging.py,function,A,1,0,78,80,create_event_publisher
src/prefect/server/events/messaging.py,function,A,1,0,83,84,create_actions_publisher
src/prefect/server/events/messaging.py,method,A,1,4,34,36,__aenter__
src/prefect/server/events/messaging.py,method,A,1,4,38,39,__aexit__
src/prefect/server/events/messaging.py,method,A,1,4,41,42,publish_data
src/prefect/server/events/models/automations.py,function,B,6,0,243,271,_sync_automation_related_resources
src/prefect/server/events/models/automations.py,function,A,5,0,31,54,read_automations_for_workspace
src/prefect/server/events/models/automations.py,function,A,5,0,132,172,update_automation
src/prefect/server/events/models/automations.py,function,A,4,0,307,333,read_automations_related_to_resource
src/prefect/server/events/models/automations.py,function,A,3,0,338,360,delete_automations_owned_by_resource
src/prefect/server/events/models/automations.py,function,A,2,0,59,67,count_automations_for_workspace
src/prefect/server/events/models/automations.py,function,A,2,0,71,81,read_automation
src/prefect/server/events/models/automations.py,function,A,2,0,85,95,read_automation_by_id
src/prefect/server/events/models/automations.py,function,A,2,0,98,113,_notify
src/prefect/server/events/models/automations.py,function,A,2,0,176,193,delete_automation
src/prefect/server/events/models/automations.py,function,A,2,0,197,207,delete_automations_for_workspace
src/prefect/server/events/models/automations.py,function,A,2,0,211,219,disable_automations_for_workspace
src/prefect/server/events/models/automations.py,function,A,2,0,223,239,disable_automation
src/prefect/server/events/models/automations.py,function,A,2,0,276,300,relate_automation_to_resource
src/prefect/server/events/models/automations.py,function,A,1,0,23,27,automations_session
src/prefect/server/events/models/automations.py,function,A,1,0,117,128,create_automation
src/prefect/server/events/models/composite_trigger_child_firing.py,function,A,1,0,17,61,upsert_child_firing
src/prefect/server/events/models/composite_trigger_child_firing.py,function,A,1,0,65,80,get_child_firings
src/prefect/server/events/models/composite_trigger_child_firing.py,function,A,1,0,84,94,clear_old_child_firings
src/prefect/server/events/models/composite_trigger_child_firing.py,function,A,1,0,100,110,clear_child_firings
src/prefect/server/events/schemas/labelling.py,method,B,6,4,25,47,__init__
src/prefect/server/events/schemas/labelling.py,class,A,3,0,6,71,LabelDiver
src/prefect/server/events/schemas/labelling.py,method,A,3,4,64,71,__getattr__
src/prefect/server/events/schemas/labelling.py,method,A,2,4,49,50,__str__
src/prefect/server/events/schemas/labelling.py,class,A,2,0,74,102,Labelled
src/prefect/server/events/schemas/labelling.py,method,A,2,4,94,95,as_label_value_array
src/prefect/server/events/schemas/labelling.py,method,A,2,4,101,102,has_all_labels
src/prefect/server/events/schemas/labelling.py,method,A,1,4,52,53,__repr__
src/prefect/server/events/schemas/labelling.py,method,A,1,4,55,56,__len__
src/prefect/server/events/schemas/labelling.py,method,A,1,4,58,59,__iter__
src/prefect/server/events/schemas/labelling.py,method,A,1,4,61,62,__getitem__
src/prefect/server/events/schemas/labelling.py,method,A,1,4,75,76,keys
src/prefect/server/events/schemas/labelling.py,method,A,1,4,78,79,items
src/prefect/server/events/schemas/labelling.py,method,A,1,4,81,82,__getitem__
src/prefect/server/events/schemas/labelling.py,method,A,1,4,84,86,__setitem__
src/prefect/server/events/schemas/labelling.py,method,A,1,4,88,89,__contains__
src/prefect/server/events/schemas/labelling.py,method,A,1,4,91,92,get
src/prefect/server/events/schemas/labelling.py,method,A,1,4,98,99,labels
src/prefect/server/events/schemas/events.py,method,B,6,4,262,270,matches_every_resource_of_kind
src/prefect/server/events/schemas/events.py,function,A,5,0,238,255,matches
src/prefect/server/events/schemas/events.py,method,A,4,4,184,194,find_resource_label
src/prefect/server/events/schemas/events.py,class,A,4,0,197,234,ReceivedEvent
src/prefect/server/events/schemas/events.py,method,A,4,4,272,278,includes
src/prefect/server/events/schemas/events.py,method,A,4,4,280,285,matches
src/prefect/server/events/schemas/events.py,class,A,3,0,45,83,Resource
src/prefect/server/events/schemas/events.py,method,A,3,4,59,65,requires_resource_id
src/prefect/server/events/schemas/events.py,method,A,3,4,75,83,prefect_object_id
src/prefect/server/events/schemas/events.py,class,A,3,0,86,102,RelatedResource
src/prefect/server/events/schemas/events.py,method,A,3,4,90,98,requires_resource_role
src/prefect/server/events/schemas/events.py,class,A,3,0,115,194,Event
src/prefect/server/events/schemas/events.py,method,A,3,4,217,234,as_database_resource_rows
src/prefect/server/events/schemas/events.py,class,A,3,0,258,328,ResourceSpecification
src/prefect/server/events/schemas/events.py,method,A,3,4,287,290,items
src/prefect/server/events/schemas/events.py,method,A,3,4,296,302,__getitem__
src/prefect/server/events/schemas/events.py,method,A,3,4,304,312,pop
src/prefect/server/events/schemas/events.py,method,A,3,4,314,322,get
src/prefect/server/events/schemas/events.py,function,A,2,0,105,112,_validate_event_name_length
src/prefect/server/events/schemas/events.py,method,A,2,4,49,56,enforce_maximum_labels
src/prefect/server/events/schemas/events.py,method,A,2,4,153,155,resource_in_role
src/prefect/server/events/schemas/events.py,method,A,2,4,158,163,resources_in_role
src/prefect/server/events/schemas/events.py,method,A,2,4,167,176,enforce_maximum_related_resources
src/prefect/server/events/schemas/events.py,method,A,2,4,178,182,receive
src/prefect/server/events/schemas/events.py,method,A,2,4,210,215,as_database_row
src/prefect/server/events/schemas/events.py,method,A,1,4,68,69,id
src/prefect/server/events/schemas/events.py,method,A,1,4,72,73,name
src/prefect/server/events/schemas/events.py,method,A,1,4,101,102,role
src/prefect/server/events/schemas/events.py,method,A,1,4,149,150,involved_resources
src/prefect/server/events/schemas/events.py,method,A,1,4,259,260,matches_every_resource
src/prefect/server/events/schemas/events.py,method,A,1,4,293,294,__contains__
src/prefect/server/events/schemas/events.py,method,A,1,4,324,325,__len__
src/prefect/server/events/schemas/events.py,method,A,1,4,327,328,deepcopy
src/prefect/server/events/schemas/events.py,class,A,1,0,331,340,EventPage
src/prefect/server/events/schemas/events.py,class,A,1,0,344,353,EventCount
src/prefect/server/events/schemas/automations.py,method,C,15,4,523,586,prevent_run_deployment_loops
src/prefect/server/events/schemas/automations.py,method,B,9,4,321,345,enforce_minimum_within_for_proactive_triggers
src/prefect/server/events/schemas/automations.py,class,B,6,0,471,586,AutomationCore
src/prefect/server/events/schemas/automations.py,class,A,5,0,256,461,EventTrigger
src/prefect/server/events/schemas/automations.py,method,A,5,4,410,417,meets_threshold
src/prefect/server/events/schemas/automations.py,class,A,4,0,179,208,CompoundTrigger
src/prefect/server/events/schemas/automations.py,method,A,4,4,199,208,validate_require
src/prefect/server/events/schemas/automations.py,class,A,4,0,228,253,ResourceTrigger
src/prefect/server/events/schemas/automations.py,method,A,4,4,364,382,event_pattern
src/prefect/server/events/schemas/automations.py,method,A,4,4,384,394,starts_after
src/prefect/server/events/schemas/automations.py,method,A,4,4,396,403,expects
src/prefect/server/events/schemas/automations.py,method,A,4,4,419,461,create_automation_state_change_event
src/prefect/server/events/schemas/automations.py,class,A,4,0,633,701,Firing
src/prefect/server/events/schemas/automations.py,method,A,4,4,698,701,all_events
src/prefect/server/events/schemas/automations.py,class,A,3,0,62,112,Trigger
src/prefect/server/events/schemas/automations.py,method,A,3,4,76,80,automation
src/prefect/server/events/schemas/automations.py,method,A,3,4,83,87,parent
src/prefect/server/events/schemas/automations.py,method,A,3,4,89,97,_set_parent
src/prefect/server/events/schemas/automations.py,class,A,3,0,115,176,CompositeTrigger
src/prefect/server/events/schemas/automations.py,method,A,3,4,124,156,create_automation_state_change_event
src/prefect/server/events/schemas/automations.py,method,A,3,4,164,165,all_triggers
src/prefect/server/events/schemas/automations.py,method,A,3,4,187,193,num_expected_firings
src/prefect/server/events/schemas/automations.py,class,A,3,0,211,225,SequenceTrigger
src/prefect/server/events/schemas/automations.py,method,A,3,4,244,253,covers_resources
src/prefect/server/events/schemas/automations.py,method,A,3,4,347,354,covers
src/prefect/server/events/schemas/automations.py,method,A,3,4,405,407,bucketing_key
src/prefect/server/events/schemas/automations.py,method,A,3,4,511,513,triggers_of_type
src/prefect/server/events/schemas/automations.py,method,A,3,4,515,520,trigger_by_id
src/prefect/server/events/schemas/automations.py,method,A,3,4,693,695,all_firings
src/prefect/server/events/schemas/automations.py,class,A,3,0,705,760,TriggeredAction
src/prefect/server/events/schemas/automations.py,method,A,2,4,99,103,reset_ids
src/prefect/server/events/schemas/automations.py,method,A,2,4,159,162,_set_parent
src/prefect/server/events/schemas/automations.py,method,A,2,4,168,169,child_trigger_ids
src/prefect/server/events/schemas/automations.py,method,A,2,4,218,219,expected_firing_order
src/prefect/server/events/schemas/automations.py,method,A,2,4,221,225,ready_to_fire
src/prefect/server/events/schemas/automations.py,method,A,2,4,357,359,immediate
src/prefect/server/events/schemas/automations.py,class,A,2,0,589,607,Automation
src/prefect/server/events/schemas/automations.py,method,A,2,4,688,691,validate_trigger_states
src/prefect/server/events/schemas/automations.py,method,A,2,4,756,757,all_firings
src/prefect/server/events/schemas/automations.py,method,A,2,4,759,760,all_events
src/prefect/server/events/schemas/automations.py,class,A,1,0,51,54,Posture
src/prefect/server/events/schemas/automations.py,class,A,1,0,57,59,TriggerState
src/prefect/server/events/schemas/automations.py,method,A,1,4,105,107,all_triggers
src/prefect/server/events/schemas/automations.py,method,A,1,4,110,112,create_automation_state_change_event
src/prefect/server/events/schemas/automations.py,method,A,1,4,172,173,num_expected_firings
src/prefect/server/events/schemas/automations.py,method,A,1,4,176,176,ready_to_fire
src/prefect/server/events/schemas/automations.py,method,A,1,4,195,196,ready_to_fire
src/prefect/server/events/schemas/automations.py,method,A,1,4,507,509,triggers
src/prefect/server/events/schemas/automations.py,method,A,1,4,590,592,__init__
src/prefect/server/events/schemas/automations.py,method,A,1,4,595,607,model_validate
src/prefect/server/events/schemas/automations.py,class,A,1,0,610,612,AutomationCreate
src/prefect/server/events/schemas/automations.py,class,A,1,0,616,617,AutomationUpdate
src/prefect/server/events/schemas/automations.py,class,A,1,0,620,621,AutomationPartialUpdate
src/prefect/server/events/schemas/automations.py,class,A,1,0,624,630,AutomationSort
src/prefect/server/events/schemas/automations.py,method,A,1,4,746,752,idempotency_key
src/prefect/server/events/storage/database.py,function,B,8,0,217,249,_write_sqlite_events
src/prefect/server/events/storage/database.py,function,B,6,0,253,285,_write_postgres_events
src/prefect/server/events/storage/database.py,function,A,5,0,35,44,build_distinct_queries
src/prefect/server/events/storage/database.py,function,A,5,0,130,197,read_events
src/prefect/server/events/storage/database.py,function,A,4,0,306,328,_in_safe_batches
src/prefect/server/events/storage/database.py,function,A,3,0,47,57,query_events
src/prefect/server/events/storage/database.py,function,A,3,0,60,69,query_next_page
src/prefect/server/events/storage/database.py,function,A,3,0,97,126,raw_count_events
src/prefect/server/events/storage/database.py,function,A,3,0,200,213,write_events
src/prefect/server/events/storage/database.py,function,A,2,0,72,93,count_events
src/prefect/server/events/storage/database.py,function,A,2,0,288,293,get_max_query_parameters
src/prefect/server/events/storage/database.py,function,A,1,0,297,298,get_number_of_event_fields
src/prefect/server/events/storage/database.py,function,A,1,0,302,303,get_number_of_resource_fields
src/prefect/server/events/storage/__init__.py,function,A,4,0,56,95,process_time_based_counts
src/prefect/server/events/storage/__init__.py,function,A,2,0,19,31,to_page_token
src/prefect/server/events/storage/__init__.py,function,A,2,0,37,52,from_page_token
src/prefect/server/events/storage/__init__.py,class,A,1,0,15,16,InvalidTokenError
src/prefect/server/events/storage/__init__.py,class,A,1,0,98,99,QueryRangeTooLarge
src/prefect/server/events/services/triggers.py,class,A,3,0,21,52,ReactiveTriggers
src/prefect/server/events/services/triggers.py,method,A,3,4,30,41,start
src/prefect/server/events/services/triggers.py,method,A,3,4,43,52,stop
src/prefect/server/events/services/triggers.py,class,A,2,0,55,72,ProactiveTriggers
src/prefect/server/events/services/triggers.py,method,A,2,4,62,68,__init__
src/prefect/server/events/services/triggers.py,method,A,1,4,27,28,service_settings
src/prefect/server/events/services/triggers.py,method,A,1,4,59,60,service_settings
src/prefect/server/events/services/triggers.py,method,A,1,4,71,72,run_once
src/prefect/server/events/services/actions.py,class,A,3,0,19,50,Actions
src/prefect/server/events/services/actions.py,method,A,3,4,28,39,start
src/prefect/server/events/services/actions.py,method,A,3,4,41,50,stop
src/prefect/server/events/services/actions.py,method,A,1,4,25,26,service_settings
src/prefect/server/events/services/event_persister.py,method,A,4,4,122,133,stop
src/prefect/server/events/services/event_persister.py,function,A,3,0,45,77,batch_delete
src/prefect/server/events/services/event_persister.py,class,A,3,0,80,133,EventPersister
src/prefect/server/events/services/event_persister.py,method,A,3,4,103,120,start
src/prefect/server/events/services/event_persister.py,function,A,2,0,137,244,create_handler
src/prefect/server/events/services/event_persister.py,method,A,2,4,94,97,started_event
src/prefect/server/events/services/event_persister.py,method,A,1,4,86,87,service_settings
src/prefect/server/events/services/event_persister.py,method,A,1,4,89,91,__init__
src/prefect/server/events/services/event_persister.py,method,A,1,4,100,101,started_event
src/prefect/server/events/services/event_logger.py,class,A,3,0,22,68,EventLogger
src/prefect/server/events/services/event_logger.py,method,A,3,4,31,57,start
src/prefect/server/events/services/event_logger.py,method,A,3,4,59,68,stop
src/prefect/server/events/services/event_logger.py,method,A,1,4,28,29,service_settings
src/prefect/server/services/pause_expirations.py,class,A,4,0,23,91,FailExpiredPauses
src/prefect/server/services/pause_expirations.py,method,A,4,4,43,72,run_once
src/prefect/server/services/pause_expirations.py,method,A,4,4,74,91,_mark_flow_run_as_failed
src/prefect/server/services/pause_expirations.py,method,A,2,4,32,40,__init__
src/prefect/server/services/pause_expirations.py,method,A,1,4,29,30,service_settings
src/prefect/server/services/late_runs.py,method,A,4,4,63,91,run_once
src/prefect/server/services/late_runs.py,class,A,3,0,34,138,MarkLateRuns
src/prefect/server/services/late_runs.py,method,A,2,4,47,60,__init__
src/prefect/server/services/late_runs.py,method,A,2,4,120,138,_mark_flow_run_as_late
src/prefect/server/services/late_runs.py,method,A,1,4,44,45,service_settings
src/prefect/server/services/late_runs.py,method,A,1,4,94,118,_get_select_late_flow_runs_query
src/prefect/server/services/foreman.py,method,B,6,4,43,75,__init__
src/prefect/server/services/foreman.py,class,A,3,0,34,240,Foreman
src/prefect/server/services/foreman.py,method,A,2,4,93,133,_mark_online_workers_without_a_recent_heartbeat_as_offline
src/prefect/server/services/foreman.py,method,A,2,4,136,171,_mark_work_pools_as_not_ready
src/prefect/server/services/foreman.py,method,A,1,4,40,41,service_settings
src/prefect/server/services/foreman.py,method,A,1,4,79,90,run_once
src/prefect/server/services/foreman.py,method,A,1,4,174,213,_mark_deployments_as_not_ready
src/prefect/server/services/foreman.py,method,A,1,4,217,240,_mark_work_queues_as_not_ready
src/prefect/server/services/task_run_recorder.py,method,A,5,4,260,274,stop
src/prefect/server/services/task_run_recorder.py,function,A,3,0,46,68,_insert_task_run
src/prefect/server/services/task_run_recorder.py,function,A,3,0,74,88,_insert_task_run_state
src/prefect/server/services/task_run_recorder.py,function,A,3,0,95,112,_update_task_run_with_state
src/prefect/server/services/task_run_recorder.py,class,A,3,0,220,274,TaskRunRecorder
src/prefect/server/services/task_run_recorder.py,method,A,3,4,244,258,start
src/prefect/server/services/task_run_recorder.py,function,A,2,0,116,139,task_run_from_event
src/prefect/server/services/task_run_recorder.py,function,A,2,0,144,186,record_task_run_event
src/prefect/server/services/task_run_recorder.py,method,A,2,4,235,238,started_event
src/prefect/server/services/task_run_recorder.py,function,A,1,0,39,41,causal_ordering
src/prefect/server/services/task_run_recorder.py,function,A,1,0,192,217,consumer
src/prefect/server/services/task_run_recorder.py,method,A,1,4,227,228,service_settings
src/prefect/server/services/task_run_recorder.py,method,A,1,4,230,232,__init__
src/prefect/server/services/task_run_recorder.py,method,A,1,4,241,242,started_event
src/prefect/server/services/telemetry.py,method,A,3,4,95,136,run_once
src/prefect/server/services/telemetry.py,class,A,2,0,26,136,Telemetry
src/prefect/server/services/telemetry.py,method,A,2,4,54,93,_fetch_or_set_telemetry_session
src/prefect/server/services/telemetry.py,method,A,1,4,36,37,service_settings
src/prefect/server/services/telemetry.py,method,A,1,4,40,41,environment_variable_name
src/prefect/server/services/telemetry.py,method,A,1,4,44,45,enabled
src/prefect/server/services/telemetry.py,method,A,1,4,47,50,__init__
src/prefect/server/services/cancellation_cleanup.py,method,B,10,4,158,197,_cancel_subflow
src/prefect/server/services/cancellation_cleanup.py,class,A,4,0,26,197,CancellationCleanup
src/prefect/server/services/cancellation_cleanup.py,method,A,4,4,59,82,clean_up_cancelled_flow_run_task_runs
src/prefect/server/services/cancellation_cleanup.py,method,A,4,4,84,128,clean_up_cancelled_subflow_runs
src/prefect/server/services/cancellation_cleanup.py,method,A,2,4,35,43,__init__
src/prefect/server/services/cancellation_cleanup.py,method,A,2,4,130,155,_cancel_child_runs
src/prefect/server/services/cancellation_cleanup.py,method,A,1,4,32,33,service_settings
src/prefect/server/services/cancellation_cleanup.py,method,A,1,4,46,57,run_once
src/prefect/server/services/flow_run_notifications.py,method,B,6,4,37,76,run_once
src/prefect/server/services/flow_run_notifications.py,method,A,5,4,79,129,send_flow_run_notification
src/prefect/server/services/flow_run_notifications.py,class,A,4,0,23,169,FlowRunNotifications
src/prefect/server/services/flow_run_notifications.py,method,A,3,4,132,157,construct_notification_message
src/prefect/server/services/flow_run_notifications.py,method,A,1,4,33,34,service_settings
src/prefect/server/services/flow_run_notifications.py,method,A,1,4,159,169,get_ui_url_for_flow_run_id
src/prefect/server/services/scheduler.py,method,B,6,4,76,124,run_once
src/prefect/server/services/scheduler.py,method,A,4,4,191,236,_collect_flow_runs
src/prefect/server/services/scheduler.py,class,A,3,0,38,301,Scheduler
src/prefect/server/services/scheduler.py,method,A,3,4,51,72,__init__
src/prefect/server/services/scheduler.py,class,A,2,0,305,361,RecentDeploymentsScheduler
src/prefect/server/services/scheduler.py,class,A,1,0,34,35,TryAgain
src/prefect/server/services/scheduler.py,method,A,1,4,48,49,service_settings
src/prefect/server/services/scheduler.py,method,A,1,4,127,189,_get_select_deployments_to_schedule_query
src/prefect/server/services/scheduler.py,method,A,1,4,239,285,_generate_scheduled_flow_runs
src/prefect/server/services/scheduler.py,method,A,1,4,288,301,_insert_scheduled_flow_runs
src/prefect/server/services/scheduler.py,method,A,1,4,322,323,service_settings
src/prefect/server/services/scheduler.py,method,A,1,4,326,361,_get_select_deployments_to_schedule_query
src/prefect/server/services/base.py,method,C,12,4,223,287,start
src/prefect/server/services/base.py,method,B,6,4,88,99,all_services
src/prefect/server/services/base.py,method,A,4,4,289,314,stop
src/prefect/server/services/base.py,class,A,3,0,68,144,Service
src/prefect/server/services/base.py,method,A,3,4,102,104,enabled_services
src/prefect/server/services/base.py,method,A,3,4,108,120,running
src/prefect/server/services/base.py,class,A,3,0,156,337,LoopService
src/prefect/server/services/base.py,method,A,3,4,168,189,__init__
src/prefect/server/services/base.py,function,A,2,0,340,353,run_multiple_services
src/prefect/server/services/base.py,method,A,2,4,123,130,run_services
src/prefect/server/services/base.py,function,A,1,0,29,64,_known_service_modules
src/prefect/server/services/base.py,method,A,1,4,74,76,service_settings
src/prefect/server/services/base.py,method,A,1,4,79,80,environment_variable_name
src/prefect/server/services/base.py,method,A,1,4,83,85,enabled
src/prefect/server/services/base.py,method,A,1,4,133,135,start
src/prefect/server/services/base.py,method,A,1,4,138,140,stop
src/prefect/server/services/base.py,method,A,1,4,142,144,__init__
src/prefect/server/services/base.py,class,A,1,0,147,153,RunInAllServers
src/prefect/server/services/base.py,method,A,1,4,191,197,_on_start
src/prefect/server/services/base.py,method,A,1,4,199,204,_on_stop
src/prefect/server/services/base.py,method,A,1,4,207,211,start
src/prefect/server/services/base.py,method,A,1,4,214,221,start
src/prefect/server/services/base.py,method,A,1,4,319,324,_stop
src/prefect/server/services/base.py,method,A,1,4,327,337,run_once
src/prefect/cli/worker.py,function,C,13,0,284,335,_get_worker_class
src/prefect/cli/worker.py,function,B,7,0,45,175,start
src/prefect/cli/worker.py,function,A,5,0,187,213,_check_work_queues_paused
src/prefect/cli/worker.py,function,A,5,0,264,281,_find_package_for_worker_type
src/prefect/cli/worker.py,function,A,4,0,216,242,_retrieve_worker_type_from_pool
src/prefect/cli/worker.py,function,A,2,0,178,184,_check_work_pool_paused
src/prefect/cli/worker.py,function,A,2,0,245,250,_load_worker_class
src/prefect/cli/worker.py,function,A,2,0,253,261,_install_package
src/prefect/cli/worker.py,class,A,1,0,37,41,InstallPolicy
src/prefect/cli/global_concurrency_limit.py,function,C,14,0,231,317,update_global_concurrency_limit
src/prefect/cli/global_concurrency_limit.py,function,B,7,0,321,397,create_global_concurrency_limit
src/prefect/cli/global_concurrency_limit.py,function,B,6,0,80,140,inspect_global_concurrency_limit
src/prefect/cli/global_concurrency_limit.py,function,A,5,0,38,76,list_global_concurrency_limits
src/prefect/cli/global_concurrency_limit.py,function,A,4,0,144,169,delete_global_concurrency_limit
src/prefect/cli/global_concurrency_limit.py,function,A,3,0,173,198,enable_global_concurrency_limit
src/prefect/cli/global_concurrency_limit.py,function,A,3,0,202,227,disable_global_concurrency_limit
src/prefect/cli/global_concurrency_limit.py,class,A,1,0,33,34,OutputFormat
src/prefect/cli/task.py,function,A,4,0,16,55,serve
src/prefect/cli/_types.py,method,A,4,4,69,93,__init__
src/prefect/cli/_types.py,class,A,3,0,62,206,PrefectTyper
src/prefect/cli/_types.py,method,A,3,4,96,119,add_typer
src/prefect/cli/_types.py,method,A,2,4,200,206,setup_console
src/prefect/cli/_types.py,function,A,1,0,20,32,SettingsOption
src/prefect/cli/_types.py,function,A,1,0,36,44,SettingsArgument
src/prefect/cli/_types.py,function,A,1,0,48,59,with_deprecated_message
src/prefect/cli/_types.py,method,A,1,4,122,198,command
src/prefect/cli/server.py,function,C,12,0,127,221,prestart_check
src/prefect/cli/server.py,function,B,10,0,226,305,start
src/prefect/cli/server.py,function,B,10,0,615,668,start_services
src/prefect/cli/server.py,function,B,8,0,674,709,stop_services
src/prefect/cli/server.py,function,A,4,0,77,124,generate_welcome_blurb
src/prefect/cli/server.py,function,A,4,0,592,611,list_services
src/prefect/cli/server.py,function,A,3,0,381,397,stop
src/prefect/cli/server.py,function,A,3,0,401,418,reset
src/prefect/cli/server.py,function,A,3,0,422,457,upgrade
src/prefect/cli/server.py,function,A,3,0,461,501,downgrade
src/prefect/cli/server.py,function,A,3,0,570,587,run_manager_process
src/prefect/cli/server.py,function,A,2,0,308,348,_run_in_background
src/prefect/cli/server.py,function,A,2,0,353,377,_run_in_foreground
src/prefect/cli/server.py,function,A,2,0,536,542,_is_process_running
src/prefect/cli/server.py,function,A,2,0,545,550,_read_pid_file
src/prefect/cli/server.py,function,A,2,0,559,565,_cleanup_pid_file
src/prefect/cli/server.py,function,A,1,0,505,523,revision
src/prefect/cli/server.py,function,A,1,0,527,533,stamp
src/prefect/cli/server.py,function,A,1,0,553,556,_write_pid_file
src/prefect/cli/config.py,function,C,15,0,173,298,view
src/prefect/cli/config.py,function,C,11,0,102,146,unset
src/prefect/cli/config.py,function,B,10,0,39,81,set_
src/prefect/cli/config.py,function,A,1,0,85,98,validate
src/prefect/cli/deploy.py,function,F,71,0,511,900,_run_single_deploy
src/prefect/cli/deploy.py,function,E,33,0,1564,1662,_apply_cli_options_to_deploy_config
src/prefect/cli/deploy.py,function,D,23,0,124,237,init
src/prefect/cli/deploy.py,function,C,16,0,241,508,deploy
src/prefect/cli/deploy.py,function,C,11,0,1058,1146,_generate_git_clone_pull_step
src/prefect/cli/deploy.py,function,B,10,0,971,1011,_schedule_config_to_deployment_schedule
src/prefect/cli/deploy.py,function,B,9,0,904,940,_run_multi_deploy
src/prefect/cli/deploy.py,function,B,9,0,1388,1445,_parse_name_from_pattern
src/prefect/cli/deploy.py,function,B,9,0,1488,1536,_pick_deploy_configs
src/prefect/cli/deploy.py,function,B,7,0,1364,1385,_filter_matching_deploy_config
src/prefect/cli/deploy.py,function,B,6,0,943,968,_construct_schedules
src/prefect/cli/deploy.py,function,B,6,0,1015,1055,_merge_with_default_deploy_config
src/prefect/cli/deploy.py,function,B,6,0,1239,1277,_generate_default_pull_action
src/prefect/cli/deploy.py,function,B,6,0,1448,1485,_handle_pick_deploy_with_name
src/prefect/cli/deploy.py,function,B,6,0,1665,1681,_check_for_matching_deployment_name_and_entrypoint_in_prefect_file
src/prefect/cli/deploy.py,function,B,6,0,1721,1753,_gather_deployment_trigger_definitions
src/prefect/cli/deploy.py,function,B,6,0,1756,1777,_handle_deprecated_schedule_fields
src/prefect/cli/deploy.py,function,B,6,0,1780,1802,_gather_deployment_sla_definitions
src/prefect/cli/deploy.py,function,A,5,0,1166,1180,_check_for_build_docker_image_step
src/prefect/cli/deploy.py,function,A,5,0,1319,1340,_handle_pick_deploy_without_name
src/prefect/cli/deploy.py,function,A,5,0,1805,1825,_initialize_deployment_slas
src/prefect/cli/deploy.py,function,A,4,0,1183,1236,_generate_actions_for_remote_flow_storage
src/prefect/cli/deploy.py,function,A,4,0,1539,1561,_extract_variable
src/prefect/cli/deploy.py,function,A,4,0,1695,1718,_create_deployment_triggers
src/prefect/cli/deploy.py,function,A,3,0,1283,1316,_load_deploy_configs_and_actions
src/prefect/cli/deploy.py,function,A,3,0,1343,1360,_log_missing_deployment_names
src/prefect/cli/deploy.py,function,A,2,0,1149,1163,_generate_pull_step_for_build_docker_image
src/prefect/cli/deploy.py,function,A,2,0,1684,1692,_initialize_deployment_triggers
src/prefect/cli/deploy.py,function,A,2,0,1828,1837,_create_slas
src/prefect/cli/deploy.py,class,A,2,0,93,120,_PullStepStorage
src/prefect/cli/deploy.py,method,A,1,4,98,100,__init__
src/prefect/cli/deploy.py,method,A,1,4,102,103,set_base_path
src/prefect/cli/deploy.py,method,A,1,4,106,107,destination
src/prefect/cli/deploy.py,method,A,1,4,110,111,pull_interval
src/prefect/cli/deploy.py,method,A,1,4,113,114,pull_code
src/prefect/cli/deploy.py,method,A,1,4,116,117,to_pull_step
src/prefect/cli/deploy.py,method,A,1,4,119,120,__eq__
src/prefect/cli/flow_run.py,function,C,20,0,227,345,logs
src/prefect/cli/flow_run.py,function,C,16,0,65,183,ls
src/prefect/cli/flow_run.py,function,B,6,0,349,375,execute
src/prefect/cli/flow_run.py,function,A,4,0,187,202,delete
src/prefect/cli/flow_run.py,function,A,3,0,48,61,inspect
src/prefect/cli/flow_run.py,function,A,3,0,206,223,cancel
src/prefect/cli/artifact.py,function,C,12,0,146,208,delete
src/prefect/cli/artifact.py,function,B,6,0,25,83,list_artifacts
src/prefect/cli/artifact.py,function,A,3,0,87,142,inspect
src/prefect/cli/deployment.py,function,D,29,0,675,913,run
src/prefect/cli/deployment.py,function,D,28,0,287,442,create_schedule
src/prefect/cli/deployment.py,function,B,10,0,918,962,delete
src/prefect/cli/deployment.py,function,B,9,0,89,107,get_deployment
src/prefect/cli/deployment.py,function,B,9,0,110,175,create_work_queue_and_set_concurrency_limit
src/prefect/cli/deployment.py,function,B,8,0,446,482,delete_schedule
src/prefect/cli/deployment.py,function,B,7,0,626,671,ls
src/prefect/cli/deployment.py,function,B,6,0,215,283,inspect
src/prefect/cli/deployment.py,function,B,6,0,486,512,pause_schedule
src/prefect/cli/deployment.py,function,B,6,0,517,541,resume_schedule
src/prefect/cli/deployment.py,function,B,6,0,589,622,clear_schedules
src/prefect/cli/deployment.py,function,A,5,0,180,200,check_work_pool_exists
src/prefect/cli/deployment.py,function,A,4,0,965,1021,_load_json_key_values
src/prefect/cli/deployment.py,function,A,3,0,546,585,list_schedules
src/prefect/cli/deployment.py,class,A,3,0,203,211,RichTextIO
src/prefect/cli/deployment.py,function,A,2,0,56,65,str_presenter
src/prefect/cli/deployment.py,function,A,2,0,82,85,assert_deployment_name_format
src/prefect/cli/deployment.py,method,A,2,4,208,211,write
src/prefect/cli/deployment.py,method,A,1,4,204,206,__init__
src/prefect/cli/work_pool.py,function,D,26,0,68,249,create
src/prefect/cli/work_pool.py,function,B,9,0,616,682,preview
src/prefect/cli/work_pool.py,function,B,6,0,254,301,ls
src/prefect/cli/work_pool.py,function,B,6,0,434,489,provision_infrastructure
src/prefect/cli/work_pool.py,function,A,5,0,377,430,update
src/prefect/cli/work_pool.py,function,A,4,0,494,519,delete
src/prefect/cli/work_pool.py,function,A,3,0,580,612,get_default_base_job_template
src/prefect/cli/work_pool.py,function,A,2,0,305,321,inspect
src/prefect/cli/work_pool.py,function,A,2,0,325,347,pause
src/prefect/cli/work_pool.py,function,A,2,0,351,373,resume
src/prefect/cli/work_pool.py,function,A,2,0,523,549,set_concurrency_limit
src/prefect/cli/work_pool.py,function,A,2,0,554,576,clear_concurrency_limit
src/prefect/cli/work_pool.py,function,A,1,0,40,48,set_work_pool_as_default
src/prefect/cli/work_pool.py,function,A,1,0,54,64,has_provisioner_for_type
src/prefect/cli/events.py,function,A,5,0,28,60,stream
src/prefect/cli/events.py,function,A,4,0,63,74,handle_event
src/prefect/cli/events.py,function,A,4,0,77,85,handle_error
src/prefect/cli/events.py,class,A,1,0,22,24,StreamFormat
src/prefect/cli/task_run.py,function,C,20,0,106,223,logs
src/prefect/cli/task_run.py,function,B,8,0,52,102,ls
src/prefect/cli/task_run.py,function,A,3,0,35,48,inspect
src/prefect/cli/profile.py,function,C,15,0,350,410,check_server_connection
src/prefect/cli/profile.py,function,B,8,0,293,336,populate_defaults
src/prefect/cli/profile.py,function,B,7,0,265,289,show_profile_changes
src/prefect/cli/profile.py,function,B,6,0,239,262,inspect
src/prefect/cli/profile.py,function,A,5,0,61,105,create
src/prefect/cli/profile.py,function,A,5,0,183,205,delete
src/prefect/cli/profile.py,function,A,5,0,209,235,rename
src/prefect/cli/profile.py,function,A,4,0,39,57,ls
src/prefect/cli/profile.py,function,A,2,0,112,179,use
src/prefect/cli/profile.py,class,A,1,0,339,347,ConnectionStatus
src/prefect/cli/shell.py,function,B,8,0,60,132,run_shell_process
src/prefect/cli/shell.py,function,A,5,0,171,246,serve
src/prefect/cli/shell.py,function,A,2,0,34,44,output_stream
src/prefect/cli/shell.py,function,A,2,0,47,56,output_collect
src/prefect/cli/shell.py,function,A,2,0,136,166,watch
src/prefect/cli/flow.py,function,B,7,0,55,187,serve
src/prefect/cli/flow.py,function,A,2,0,27,51,ls
src/prefect/cli/_prompts.py,function,D,28,0,81,164,find_flow_functions_in_file
src/prefect/cli/_prompts.py,function,C,13,0,235,329,prompt_select_from_table
src/prefect/cli/_prompts.py,function,C,12,0,888,985,prompt_select_blob_storage_credentials
src/prefect/cli/_prompts.py,function,C,11,0,618,714,prompt_push_custom_docker_image
src/prefect/cli/_prompts.py,function,B,6,0,167,198,search_for_flow_functions
src/prefect/cli/_prompts.py,function,B,6,0,493,526,prompt_schedules
src/prefect/cli/_prompts.py,function,B,6,0,827,884,prompt_select_remote_flow_storage
src/prefect/cli/_prompts.py,function,A,5,0,558,615,prompt_build_custom_docker_image
src/prefect/cli/_prompts.py,function,A,5,0,718,756,prompt_create_work_pool
src/prefect/cli/_prompts.py,function,A,4,0,530,555,prompt_select_work_pool
src/prefect/cli/_prompts.py,class,A,4,0,333,346,IntervalValuePrompt
src/prefect/cli/_prompts.py,class,A,4,0,759,776,EntrypointPrompt
src/prefect/cli/_prompts.py,function,A,3,0,779,823,prompt_entrypoint
src/prefect/cli/_prompts.py,method,A,3,4,339,346,process_response
src/prefect/cli/_prompts.py,class,A,3,0,371,380,CronStringPrompt
src/prefect/cli/_prompts.py,class,A,3,0,383,392,CronTimezonePrompt
src/prefect/cli/_prompts.py,class,A,3,0,413,422,RRuleStringPrompt
src/prefect/cli/_prompts.py,class,A,3,0,425,434,RRuleTimezonePrompt
src/prefect/cli/_prompts.py,method,A,3,4,763,776,process_response
src/prefect/cli/_prompts.py,method,A,2,4,375,380,process_response
src/prefect/cli/_prompts.py,method,A,2,4,387,392,process_response
src/prefect/cli/_prompts.py,method,A,2,4,417,422,process_response
src/prefect/cli/_prompts.py,method,A,2,4,429,434,process_response
src/prefect/cli/_prompts.py,function,A,1,0,201,203,prompt
src/prefect/cli/_prompts.py,function,A,1,0,206,208,confirm
src/prefect/cli/_prompts.py,function,A,1,0,212,220,prompt_select_from_table
src/prefect/cli/_prompts.py,function,A,1,0,224,232,prompt_select_from_table
src/prefect/cli/_prompts.py,function,A,1,0,349,365,prompt_interval_schedule
src/prefect/cli/_prompts.py,function,A,1,0,395,407,prompt_cron_schedule
src/prefect/cli/_prompts.py,function,A,1,0,437,449,prompt_rrule_schedule
src/prefect/cli/_prompts.py,function,A,1,0,455,490,prompt_schedule_type
src/prefect/cli/concurrency_limit.py,function,A,5,0,59,94,inspect
src/prefect/cli/concurrency_limit.py,function,A,4,0,98,126,ls
src/prefect/cli/concurrency_limit.py,function,A,4,0,145,163,delete
src/prefect/cli/concurrency_limit.py,function,A,2,0,130,141,reset
src/prefect/cli/concurrency_limit.py,function,A,1,0,27,52,create
src/prefect/cli/_utilities.py,function,A,1,0,18,26,exit_with_error
src/prefect/cli/_utilities.py,function,A,1,0,29,37,exit_with_success
src/prefect/cli/_utilities.py,function,A,1,0,40,55,with_cli_exception_handling
src/prefect/cli/variable.py,function,A,4,0,22,59,list_variables
src/prefect/cli/variable.py,function,A,4,0,115,151,_set
src/prefect/cli/variable.py,function,A,4,0,155,177,unset
src/prefect/cli/variable.py,function,A,2,0,63,80,inspect
src/prefect/cli/variable.py,function,A,2,0,84,101,get
src/prefect/cli/variable.py,function,A,2,0,104,111,parse_value
src/prefect/cli/dashboard.py,function,A,2,0,17,29,open
src/prefect/cli/dev.py,function,B,10,0,296,383,container
src/prefect/cli/dev.py,function,B,7,0,227,292,build_image
src/prefect/cli/dev.py,function,B,6,0,132,196,api
src/prefect/cli/dev.py,function,A,4,0,86,114,build_ui
src/prefect/cli/dev.py,function,A,3,0,43,52,exit_with_error_if_not_editable_install
src/prefect/cli/dev.py,function,A,3,0,200,223,start
src/prefect/cli/dev.py,function,A,2,0,57,77,build_docs
src/prefect/cli/dev.py,function,A,1,0,118,128,ui
src/prefect/cli/root.py,function,B,6,0,44,95,main
src/prefect/cli/root.py,function,B,6,0,99,143,version
src/prefect/cli/root.py,function,A,4,0,146,157,get_prefect_integrations
src/prefect/cli/root.py,function,A,3,0,160,169,display
src/prefect/cli/root.py,function,A,2,0,32,35,version_callback
src/prefect/cli/root.py,function,A,1,0,38,39,is_interactive
src/prefect/cli/block.py,function,C,13,0,159,250,register
src/prefect/cli/block.py,function,C,11,0,283,324,block_delete
src/prefect/cli/block.py,function,B,7,0,135,148,_register_blocks_in_module
src/prefect/cli/block.py,function,B,7,0,361,394,block_inspect
src/prefect/cli/block.py,function,B,6,0,465,486,blocktype_delete
src/prefect/cli/block.py,function,A,5,0,431,460,blocktype_inspect
src/prefect/cli/block.py,function,A,4,0,110,132,display_block_schema_extra_definitions
src/prefect/cli/block.py,function,A,4,0,328,356,block_create
src/prefect/cli/block.py,function,A,3,0,85,107,display_block_schema_properties
src/prefect/cli/block.py,function,A,3,0,398,427,list_types
src/prefect/cli/block.py,function,A,2,0,45,60,display_block
src/prefect/cli/block.py,function,A,2,0,63,82,display_block_type
src/prefect/cli/block.py,function,A,2,0,151,155,_build_registered_blocks_table
src/prefect/cli/block.py,function,A,2,0,254,279,block_ls
src/prefect/cli/work_queue.py,function,C,17,0,331,433,ls
src/prefect/cli/work_queue.py,function,B,10,0,437,520,preview
src/prefect/cli/work_queue.py,function,B,6,0,209,249,pause
src/prefect/cli/work_queue.py,function,B,6,0,525,562,delete
src/prefect/cli/work_queue.py,function,A,5,0,31,62,_get_work_queue_id_from_name_or_id
src/prefect/cli/work_queue.py,function,A,5,0,67,122,create
src/prefect/cli/work_queue.py,function,A,4,0,126,166,set_concurrency_limit
src/prefect/cli/work_queue.py,function,A,4,0,170,205,clear_concurrency_limit
src/prefect/cli/work_queue.py,function,A,4,0,253,287,resume
src/prefect/cli/work_queue.py,function,A,4,0,291,327,inspect
src/prefect/cli/work_queue.py,function,A,3,0,566,596,read_wq_runs
src/prefect/cli/cloud/ip_allowlist.py,function,B,7,0,217,250,_print_ip_allowlist_table
src/prefect/cli/cloud/ip_allowlist.py,function,B,6,0,122,162,add
src/prefect/cli/cloud/ip_allowlist.py,function,A,5,0,189,213,toggle
src/prefect/cli/cloud/ip_allowlist.py,function,A,4,0,54,76,enable
src/prefect/cli/cloud/ip_allowlist.py,function,A,4,0,167,184,remove
src/prefect/cli/cloud/ip_allowlist.py,function,A,4,0,253,262,_handle_update_error
src/prefect/cli/cloud/ip_allowlist.py,function,A,2,0,33,50,_require_access_to_ip_allowlisting
src/prefect/cli/cloud/ip_allowlist.py,function,A,1,0,28,30,require_access_to_ip_allowlisting
src/prefect/cli/cloud/ip_allowlist.py,function,A,1,0,80,85,disable
src/prefect/cli/cloud/ip_allowlist.py,function,A,1,0,89,95,ls
src/prefect/cli/cloud/ip_allowlist.py,function,A,1,0,104,107,parse_ip_network_argument
src/prefect/cli/cloud/ip_allowlist.py,class,A,1,0,99,101,IPNetworkArg
src/prefect/cli/cloud/webhook.py,function,A,5,0,182,202,delete
src/prefect/cli/cloud/webhook.py,function,A,4,0,153,178,update
src/prefect/cli/cloud/webhook.py,function,A,3,0,25,41,_render_webhooks_into_table
src/prefect/cli/cloud/webhook.py,function,A,2,0,73,107,create
src/prefect/cli/cloud/webhook.py,function,A,2,0,111,127,rotate
src/prefect/cli/cloud/webhook.py,function,A,1,0,45,55,ls
src/prefect/cli/cloud/webhook.py,function,A,1,0,59,69,get
src/prefect/cli/cloud/webhook.py,function,A,1,0,131,149,toggle
src/prefect/cli/cloud/__init__.py,function,F,52,0,396,593,login
src/prefect/cli/cloud/__init__.py,function,B,10,0,197,266,prompt_select_from_list
src/prefect/cli/cloud/__init__.py,function,B,10,0,340,392,_prompt_for_account_and_workspace
src/prefect/cli/cloud/__init__.py,function,B,10,0,677,730,set
src/prefect/cli/cloud/__init__.py,function,B,6,0,126,160,serve_login_api
src/prefect/cli/cloud/__init__.py,function,B,6,0,269,325,login_with_browser
src/prefect/cli/cloud/__init__.py,function,B,6,0,647,673,ls
src/prefect/cli/cloud/__init__.py,function,A,4,0,172,182,get_current_workspace
src/prefect/cli/cloud/__init__.py,function,A,2,0,163,167,confirm_logged_in
src/prefect/cli/cloud/__init__.py,function,A,2,0,328,337,check_key_is_valid_for_login
src/prefect/cli/cloud/__init__.py,function,A,2,0,598,615,logout
src/prefect/cli/cloud/__init__.py,function,A,2,0,624,643,open
src/prefect/cli/cloud/__init__.py,function,A,1,0,71,72,set_login_api_ready_event
src/prefect/cli/cloud/__init__.py,function,A,1,0,76,81,lifespan
src/prefect/cli/cloud/__init__.py,function,A,1,0,115,117,receive_login
src/prefect/cli/cloud/__init__.py,function,A,1,0,121,123,receive_failure
src/prefect/cli/cloud/__init__.py,function,A,1,0,186,188,prompt_select_from_list
src/prefect/cli/cloud/__init__.py,function,A,1,0,192,194,prompt_select_from_list
src/prefect/cli/cloud/__init__.py,class,A,1,0,97,98,LoginSuccess
src/prefect/cli/cloud/__init__.py,class,A,1,0,101,102,LoginFailed
src/prefect/cli/cloud/__init__.py,class,A,1,0,105,107,LoginResult
src/prefect/cli/cloud/__init__.py,class,A,1,0,110,111,ServerExit
src/prefect/utilities/services.py,function,C,12,0,21,156,critical_service_loop
src/prefect/utilities/services.py,function,A,3,0,162,174,start_client_metrics_server
src/prefect/utilities/services.py,function,A,2,0,177,185,stop_client_metrics_server
src/prefect/utilities/asyncutils.py,function,A,5,0,144,212,run_coro_as_sync
src/prefect/utilities/asyncutils.py,function,A,3,0,271,278,in_async_main_thread
src/prefect/utilities/asyncutils.py,function,A,3,0,281,361,sync_compatible
src/prefect/utilities/asyncutils.py,function,A,3,0,383,404,sync
src/prefect/utilities/asyncutils.py,function,A,3,0,533,544,gather
src/prefect/utilities/asyncutils.py,class,A,3,0,547,567,LazySemaphore
src/prefect/utilities/asyncutils.py,method,A,3,4,552,557,__aenter__
src/prefect/utilities/asyncutils.py,method,A,3,4,559,562,__aexit__
src/prefect/utilities/asyncutils.py,function,A,2,0,69,75,get_thread_limiter
src/prefect/utilities/asyncutils.py,function,A,2,0,407,453,add_event_loop_shutdown_callback
src/prefect/utilities/asyncutils.py,class,A,2,0,460,522,GatherTaskGroup
src/prefect/utilities/asyncutils.py,method,A,2,4,504,511,get_result
src/prefect/utilities/asyncutils.py,method,A,2,4,564,567,_initialize_semaphore
src/prefect/utilities/asyncutils.py,function,A,1,0,78,87,is_async_fn
src/prefect/utilities/asyncutils.py,function,A,1,0,90,97,is_async_gen_fn
src/prefect/utilities/asyncutils.py,function,A,1,0,100,123,create_task
src/prefect/utilities/asyncutils.py,function,A,1,0,127,132,run_coro_as_sync
src/prefect/utilities/asyncutils.py,function,A,1,0,136,141,run_coro_as_sync
src/prefect/utilities/asyncutils.py,function,A,1,0,215,238,run_sync_in_worker_thread
src/prefect/utilities/asyncutils.py,function,A,1,0,241,243,call_with_mark
src/prefect/utilities/asyncutils.py,function,A,1,0,246,254,run_async_from_worker_thread
src/prefect/utilities/asyncutils.py,function,A,1,0,257,260,run_async_in_new_loop
src/prefect/utilities/asyncutils.py,function,A,1,0,263,264,mark_as_worker_thread
src/prefect/utilities/asyncutils.py,function,A,1,0,267,268,in_async_worker_thread
src/prefect/utilities/asyncutils.py,function,A,1,0,365,367,asyncnullcontext
src/prefect/utilities/asyncutils.py,function,A,1,0,371,373,asyncnullcontext
src/prefect/utilities/asyncutils.py,function,A,1,0,377,380,asyncnullcontext
src/prefect/utilities/asyncutils.py,function,A,1,0,525,530,create_gather_task_group
src/prefect/utilities/asyncutils.py,class,A,1,0,456,457,GatherIncomplete
src/prefect/utilities/asyncutils.py,method,A,1,4,472,475,__init__
src/prefect/utilities/asyncutils.py,method,A,1,4,477,483,_run_and_store
src/prefect/utilities/asyncutils.py,method,A,1,4,485,495,start_soon
src/prefect/utilities/asyncutils.py,method,A,1,4,497,502,start
src/prefect/utilities/asyncutils.py,method,A,1,4,513,515,__aenter__
src/prefect/utilities/asyncutils.py,method,A,1,4,517,522,__aexit__
src/prefect/utilities/asyncutils.py,method,A,1,4,548,550,__init__
src/prefect/utilities/render_swagger.py,class,B,9,0,82,142,SwaggerPlugin
src/prefect/utilities/render_swagger.py,method,B,8,4,83,142,on_page_markdown
src/prefect/utilities/render_swagger.py,function,A,5,0,56,79,swagger_lib
src/prefect/utilities/processutils.py,function,B,10,0,189,246,open_process
src/prefect/utilities/processutils.py,function,B,9,0,352,370,stream_text
src/prefect/utilities/processutils.py,function,B,7,0,288,329,run_process
src/prefect/utilities/processutils.py,function,A,5,4,134,184,_open_anyio_process
src/prefect/utilities/processutils.py,method,A,4,8,92,100,aclose
src/prefect/utilities/processutils.py,function,A,3,4,43,57,_win32_ctrl_handler
src/prefect/utilities/processutils.py,function,A,3,0,332,348,consume_process_output
src/prefect/utilities/processutils.py,function,A,3,0,383,415,forward_signal_handler
src/prefect/utilities/processutils.py,class,A,3,4,61,72,StreamReaderWrapper
src/prefect/utilities/processutils.py,function,A,2,0,373,380,_register_signal
src/prefect/utilities/processutils.py,function,A,2,0,418,434,setup_signal_handlers_server
src/prefect/utilities/processutils.py,function,A,2,0,437,452,setup_signal_handlers_agent
src/prefect/utilities/processutils.py,function,A,2,0,455,472,setup_signal_handlers_worker
src/prefect/utilities/processutils.py,function,A,2,0,475,482,get_sys_executable
src/prefect/utilities/processutils.py,method,A,2,8,64,69,receive
src/prefect/utilities/processutils.py,class,A,2,4,75,83,StreamWriterWrapper
src/prefect/utilities/processutils.py,class,A,2,4,86,132,Process
src/prefect/utilities/processutils.py,function,A,1,0,250,259,run_process
src/prefect/utilities/processutils.py,function,A,1,0,263,272,run_process
src/prefect/utilities/processutils.py,function,A,1,0,276,285,run_process
src/prefect/utilities/processutils.py,method,A,1,8,71,72,aclose
src/prefect/utilities/processutils.py,method,A,1,8,78,80,send
src/prefect/utilities/processutils.py,method,A,1,8,82,83,aclose
src/prefect/utilities/processutils.py,method,A,1,8,102,103,wait
src/prefect/utilities/processutils.py,method,A,1,8,105,106,terminate
src/prefect/utilities/processutils.py,method,A,1,8,108,109,kill
src/prefect/utilities/processutils.py,method,A,1,8,111,112,send_signal
src/prefect/utilities/processutils.py,method,A,1,8,115,116,pid
src/prefect/utilities/processutils.py,method,A,1,8,119,120,returncode
src/prefect/utilities/processutils.py,method,A,1,8,123,124,stdin
src/prefect/utilities/processutils.py,method,A,1,8,127,128,stdout
src/prefect/utilities/processutils.py,method,A,1,8,131,132,stderr
src/prefect/utilities/_deprecated.py,class,A,2,0,11,38,JsonPatch
src/prefect/utilities/_deprecated.py,method,A,1,4,13,17,__get_pydantic_core_schema__
src/prefect/utilities/_deprecated.py,method,A,1,4,21,38,__get_pydantic_json_schema__
src/prefect/utilities/templating.py,function,D,23,0,126,232,apply_values
src/prefect/utilities/templating.py,function,D,22,0,236,381,resolve_block_document_references
src/prefect/utilities/templating.py,function,C,18,0,385,444,resolve_variables
src/prefect/utilities/templating.py,function,B,8,0,72,96,find_placeholders
src/prefect/utilities/templating.py,function,A,4,0,52,69,determine_placeholder_type
src/prefect/utilities/templating.py,function,A,1,0,100,105,apply_values
src/prefect/utilities/templating.py,function,A,1,0,109,114,apply_values
src/prefect/utilities/templating.py,function,A,1,0,118,123,apply_values
src/prefect/utilities/templating.py,class,A,1,0,39,43,PlaceholderType
src/prefect/utilities/templating.py,class,A,1,0,46,49,Placeholder
src/prefect/utilities/callables.py,function,D,24,0,453,610,_generate_signature_from_source
src/prefect/utilities/callables.py,function,C,13,0,653,722,expand_mapping_parameters
src/prefect/utilities/callables.py,function,B,8,0,613,650,_get_docstring_from_source
src/prefect/utilities/callables.py,function,B,6,0,132,173,collapse_variadic_parameters
src/prefect/utilities/callables.py,function,A,5,0,98,129,explode_variadic_parameter
src/prefect/utilities/callables.py,function,A,5,0,252,277,parameter_docstrings
src/prefect/utilities/callables.py,function,A,4,0,43,78,get_call_parameters
src/prefect/utilities/callables.py,function,A,4,0,280,307,process_v1_params
src/prefect/utilities/callables.py,function,A,4,0,353,384,parameter_schema_from_entrypoint
src/prefect/utilities/callables.py,function,A,4,0,387,436,generate_parameter_schema
src/prefect/utilities/callables.py,class,A,4,0,236,249,ParameterSchema
src/prefect/utilities/callables.py,function,A,3,0,81,95,get_parameter_defaults
src/prefect/utilities/callables.py,function,A,3,0,439,449,raise_for_reserved_arguments
src/prefect/utilities/callables.py,method,A,3,4,245,249,model_dump_for_openapi
src/prefect/utilities/callables.py,function,A,2,0,176,196,parameters_to_args_kwargs
src/prefect/utilities/callables.py,function,A,2,0,310,324,create_v1_schema
src/prefect/utilities/callables.py,function,A,2,0,327,350,parameter_schema
src/prefect/utilities/callables.py,function,A,1,0,199,208,call_with_parameters
src/prefect/utilities/callables.py,function,A,1,0,211,223,cloudpickle_wrapped_call
src/prefect/utilities/callables.py,function,A,1,0,226,233,_run_serialized_call
src/prefect/utilities/dispatch.py,function,B,9,0,140,194,register_type
src/prefect/utilities/dispatch.py,function,B,8,0,57,97,get_dispatch_key
src/prefect/utilities/dispatch.py,function,A,4,0,101,111,_register_subclass_of_base_type
src/prefect/utilities/dispatch.py,function,A,3,0,33,41,get_registry_for_type
src/prefect/utilities/dispatch.py,function,A,3,0,114,137,register_base_type
src/prefect/utilities/dispatch.py,function,A,3,0,197,213,lookup_type
src/prefect/utilities/dispatch.py,function,A,1,0,46,48,get_dispatch_key
src/prefect/utilities/dispatch.py,function,A,1,0,52,54,get_dispatch_key
src/prefect/utilities/filesystem.py,function,B,6,0,82,104,tmpchdir
src/prefect/utilities/filesystem.py,function,A,5,0,37,55,filter_files
src/prefect/utilities/filesystem.py,function,A,4,0,61,78,_normalize_path
src/prefect/utilities/filesystem.py,function,A,4,0,117,130,is_local_path
src/prefect/utilities/filesystem.py,function,A,3,0,107,114,filename
src/prefect/utilities/filesystem.py,function,A,3,0,133,147,to_display_path
src/prefect/utilities/filesystem.py,function,A,3,0,159,176,get_open_file_limit
src/prefect/utilities/filesystem.py,function,A,2,0,22,34,create_default_ignore_file
src/prefect/utilities/filesystem.py,function,A,1,0,150,156,relative_path_to_current_platform
src/prefect/utilities/timeout.py,function,A,3,0,19,32,timeout_async
src/prefect/utilities/timeout.py,function,A,3,0,36,49,timeout
src/prefect/utilities/timeout.py,function,A,2,0,11,14,fail_if_not_timeout_error
src/prefect/utilities/_engine.py,function,B,7,0,13,33,dynamic_key_for_task_run
src/prefect/utilities/_engine.py,function,B,6,0,58,85,resolve_custom_task_run_name
src/prefect/utilities/_engine.py,function,A,5,0,36,55,resolve_custom_flow_run_name
src/prefect/utilities/_engine.py,function,A,3,0,88,93,get_hook_name
src/prefect/utilities/importtools.py,function,E,37,0,314,471,safe_load_namespace
src/prefect/utilities/importtools.py,function,B,8,0,474,491,_is_main_block
src/prefect/utilities/importtools.py,function,B,7,0,194,244,lazy_import
src/prefect/utilities/importtools.py,function,B,6,0,81,125,load_script_as_module
src/prefect/utilities/importtools.py,function,A,4,0,143,169,import_object
src/prefect/utilities/importtools.py,class,A,4,0,262,292,AliasedModuleFinder
src/prefect/utilities/importtools.py,method,A,4,4,271,292,find_spec
src/prefect/utilities/importtools.py,function,A,3,0,32,47,to_qualified_name
src/prefect/utilities/importtools.py,function,A,3,0,50,78,from_qualified_name
src/prefect/utilities/importtools.py,class,A,3,0,172,191,DelayedImportErrorModule
src/prefect/utilities/importtools.py,class,A,3,0,296,311,AliasedModuleLoader
src/prefect/utilities/importtools.py,function,A,2,0,24,29,_get_sys_path_lock
src/prefect/utilities/importtools.py,method,A,2,4,182,186,__init__
src/prefect/utilities/importtools.py,method,A,2,4,188,191,__getattr__
src/prefect/utilities/importtools.py,method,A,2,4,307,311,exec_module
src/prefect/utilities/importtools.py,function,A,1,0,128,140,load_module
src/prefect/utilities/importtools.py,class,A,1,0,247,259,AliasedModuleDefinition
src/prefect/utilities/importtools.py,method,A,1,4,263,269,__init__
src/prefect/utilities/importtools.py,method,A,1,4,297,305,__init__
src/prefect/utilities/pydantic.py,function,B,8,0,110,195,add_type_dispatch
src/prefect/utilities/pydantic.py,function,A,5,0,259,274,custom_pydantic_encoder
src/prefect/utilities/pydantic.py,function,A,4,0,339,348,handle_secret_render
src/prefect/utilities/pydantic.py,function,A,3,0,93,106,get_class_fields_only
src/prefect/utilities/pydantic.py,function,A,3,0,277,336,parse_obj_as
src/prefect/utilities/pydantic.py,class,A,3,0,198,256,PartialModel
src/prefect/utilities/pydantic.py,function,A,2,0,64,90,add_cloudpickle_reduction
src/prefect/utilities/pydantic.py,function,A,2,0,351,367,__getattr__
src/prefect/utilities/pydantic.py,method,A,2,4,221,228,__init__
src/prefect/utilities/pydantic.py,method,A,2,4,230,234,finalize
src/prefect/utilities/pydantic.py,method,A,2,4,236,238,raise_if_already_set
src/prefect/utilities/pydantic.py,method,A,2,4,240,242,raise_if_not_in_model
src/prefect/utilities/pydantic.py,method,A,2,4,244,250,__setattr__
src/prefect/utilities/pydantic.py,method,A,2,4,252,256,__repr__
src/prefect/utilities/pydantic.py,function,A,1,0,32,43,_reduce_model
src/prefect/utilities/pydantic.py,function,A,1,0,48,51,_unreduce_model
src/prefect/utilities/pydantic.py,function,A,1,0,55,55,add_cloudpickle_reduction
src/prefect/utilities/pydantic.py,function,A,1,0,59,61,add_cloudpickle_reduction
src/prefect/utilities/visualization.py,function,B,6,0,72,101,_track_viz_task
src/prefect/utilities/visualization.py,function,A,5,0,152,182,build_task_dependencies
src/prefect/utilities/visualization.py,method,A,4,4,136,149,link_viz_return_value_to_viz_task
src/prefect/utilities/visualization.py,function,A,3,0,189,218,visualize_task_dependencies
src/prefect/utilities/visualization.py,class,A,3,0,104,111,VizTask
src/prefect/utilities/visualization.py,class,A,3,0,114,149,TaskVizTracker
src/prefect/utilities/visualization.py,function,A,2,0,57,69,track_viz_task
src/prefect/utilities/visualization.py,method,A,2,4,105,111,__init__
src/prefect/utilities/visualization.py,method,A,2,4,120,127,add_task
src/prefect/utilities/visualization.py,function,A,1,0,35,36,get_task_viz_tracker
src/prefect/utilities/visualization.py,function,A,1,0,40,45,track_viz_task
src/prefect/utilities/visualization.py,function,A,1,0,49,54,track_viz_task
src/prefect/utilities/visualization.py,class,A,1,0,15,16,FlowVisualizationError
src/prefect/utilities/visualization.py,class,A,1,0,19,20,VisualizationUnsupportedError
src/prefect/utilities/visualization.py,class,A,1,0,23,24,TaskVizTrackerState
src/prefect/utilities/visualization.py,class,A,1,0,27,28,GraphvizImportError
src/prefect/utilities/visualization.py,class,A,1,0,31,32,GraphvizExecutableNotFoundError
src/prefect/utilities/visualization.py,method,A,1,4,115,118,__init__
src/prefect/utilities/visualization.py,method,A,1,4,129,131,__enter__
src/prefect/utilities/visualization.py,method,A,1,4,133,134,__exit__
src/prefect/utilities/names.py,function,A,3,0,55,72,obfuscate_string
src/prefect/utilities/names.py,function,A,2,0,29,42,generate_slug
src/prefect/utilities/names.py,function,A,2,0,45,52,obfuscate
src/prefect/utilities/dockerutils.py,function,C,13,0,134,195,build_image
src/prefect/utilities/dockerutils.py,function,B,7,0,404,458,push_image
src/prefect/utilities/dockerutils.py,method,B,7,4,265,289,copy
src/prefect/utilities/dockerutils.py,function,B,6,0,41,74,get_prefect_image_name
src/prefect/utilities/dockerutils.py,function,B,6,0,523,551,split_repository_path
src/prefect/utilities/dockerutils.py,function,A,5,0,572,611,generate_default_dockerfile
src/prefect/utilities/dockerutils.py,method,A,5,4,207,237,__init__
src/prefect/utilities/dockerutils.py,function,A,4,0,461,482,to_run_command
src/prefect/utilities/dockerutils.py,function,A,4,0,485,520,parse_image_tag
src/prefect/utilities/dockerutils.py,class,A,4,0,198,396,ImageBuilder
src/prefect/utilities/dockerutils.py,method,A,4,4,341,341,assert_line_absent
src/prefect/utilities/dockerutils.py,function,A,3,0,106,120,docker_client
src/prefect/utilities/dockerutils.py,method,A,3,4,239,245,__enter__
src/prefect/utilities/dockerutils.py,method,A,3,4,291,300,write_text
src/prefect/utilities/dockerutils.py,method,A,3,4,302,329,build
src/prefect/utilities/dockerutils.py,method,A,3,4,331,331,assert_has_line
src/prefect/utilities/dockerutils.py,method,A,3,4,361,361,assert_line_before
src/prefect/utilities/dockerutils.py,method,A,2,4,247,255,__exit__
src/prefect/utilities/dockerutils.py,method,A,2,4,390,396,assert_has_file
src/prefect/utilities/dockerutils.py,function,A,1,0,33,34,python_version_minor
src/prefect/utilities/dockerutils.py,function,A,1,0,37,38,python_version_micro
src/prefect/utilities/dockerutils.py,function,A,1,0,78,94,silence_docker_warnings
src/prefect/utilities/dockerutils.py,function,A,1,0,554,568,format_outlier_version_name
src/prefect/utilities/dockerutils.py,class,A,1,0,123,124,BuildError
src/prefect/utilities/dockerutils.py,method,A,1,4,257,259,add_line
src/prefect/utilities/dockerutils.py,method,A,1,4,261,263,add_lines
src/prefect/utilities/dockerutils.py,method,A,1,4,386,388,assert_line_after
src/prefect/utilities/dockerutils.py,class,A,1,0,399,400,PushError
src/prefect/utilities/engine.py,function,C,19,0,290,399,propose_state
src/prefect/utilities/engine.py,function,C,19,0,403,509,propose_state_sync
src/prefect/utilities/engine.py,function,C,14,0,705,775,resolve_to_final_result
src/prefect/utilities/engine.py,function,B,10,0,176,283,resolve_inputs
src/prefect/utilities/engine.py,function,B,9,0,615,701,emit_task_run_state_change_event
src/prefect/utilities/engine.py,function,A,5,0,147,173,capture_sigterm
src/prefect/utilities/engine.py,function,A,5,0,778,815,resolve_inputs_sync
src/prefect/utilities/engine.py,function,A,4,0,597,612,check_api_reachable
src/prefect/utilities/engine.py,function,A,3,0,585,594,should_log_prints
src/prefect/utilities/engine.py,function,A,2,0,513,521,get_state_for_result
src/prefect/utilities/engine.py,function,A,2,0,524,582,link_state_to_result
src/prefect/utilities/engine.py,function,A,1,0,66,102,collect_task_run_inputs
src/prefect/utilities/engine.py,function,A,1,0,105,143,collect_task_run_inputs_sync
src/prefect/utilities/engine.py,function,A,1,0,286,287,_is_result_record
src/prefect/utilities/context.py,function,A,3,0,12,21,temporary_context
src/prefect/utilities/context.py,function,A,2,0,24,30,get_task_run_id
src/prefect/utilities/context.py,function,A,2,0,33,39,get_flow_run_id
src/prefect/utilities/context.py,function,A,1,0,42,49,get_task_and_flow_run_ids
src/prefect/utilities/collections.py,function,E,40,0,311,537,visit_collection
src/prefect/utilities/collections.py,function,A,5,0,183,213,extract_instances
src/prefect/utilities/collections.py,function,A,5,0,614,660,get_from_dict
src/prefect/utilities/collections.py,function,A,5,0,663,694,set_in_dict
src/prefect/utilities/collections.py,function,A,5,0,697,721,deep_merge
src/prefect/utilities/collections.py,function,A,4,0,118,149,flatdict_to_dict
src/prefect/utilities/collections.py,function,A,4,0,550,570,remove_nested_keys
src/prefect/utilities/collections.py,function,A,4,0,584,599,distinct
src/prefect/utilities/collections.py,function,A,3,0,155,169,isiterable
src/prefect/utilities/collections.py,function,A,3,0,172,176,ensure_iterable
src/prefect/utilities/collections.py,function,A,3,0,216,234,batched_iterable
src/prefect/utilities/collections.py,function,A,2,0,179,180,listrepr
src/prefect/utilities/collections.py,function,A,2,0,724,737,deep_merge_dicts
src/prefect/utilities/collections.py,class,A,2,0,45,77,AutoEnum
src/prefect/utilities/collections.py,function,A,1,0,89,115,dict_to_flatdict
src/prefect/utilities/collections.py,function,A,1,0,247,256,visit_collection
src/prefect/utilities/collections.py,function,A,1,0,260,269,visit_collection
src/prefect/utilities/collections.py,function,A,1,0,273,282,visit_collection
src/prefect/utilities/collections.py,function,A,1,0,286,295,visit_collection
src/prefect/utilities/collections.py,function,A,1,0,299,308,visit_collection
src/prefect/utilities/collections.py,function,A,1,0,541,543,remove_nested_keys
src/prefect/utilities/collections.py,function,A,1,0,547,547,remove_nested_keys
src/prefect/utilities/collections.py,function,A,1,0,575,577,distinct
src/prefect/utilities/collections.py,function,A,1,0,581,581,distinct
src/prefect/utilities/collections.py,function,A,1,0,603,605,get_from_dict
src/prefect/utilities/collections.py,function,A,1,0,609,611,get_from_dict
src/prefect/utilities/collections.py,method,A,1,4,66,67,_generate_next_value_
src/prefect/utilities/collections.py,method,A,1,4,70,74,auto
src/prefect/utilities/collections.py,method,A,1,4,76,77,__repr__
src/prefect/utilities/collections.py,class,A,1,0,237,238,StopVisiting
src/prefect/utilities/text.py,function,A,4,0,6,21,truncated_to
src/prefect/utilities/text.py,function,A,2,0,24,32,fuzzy_match_string
src/prefect/utilities/math.py,function,A,2,0,26,40,lower_clamp_multiple
src/prefect/utilities/math.py,function,A,2,0,43,61,clamped_poisson_interval
src/prefect/utilities/math.py,function,A,1,0,5,18,poisson_interval
src/prefect/utilities/math.py,function,A,1,0,21,23,exponential_cdf
src/prefect/utilities/math.py,function,A,1,0,64,76,bounded_poisson_interval
src/prefect/utilities/_git.py,function,A,2,0,7,21,get_git_remote_origin_url
src/prefect/utilities/_git.py,function,A,2,0,24,34,get_git_branch
src/prefect/utilities/urls.py,function,E,38,0,125,273,url_for
src/prefect/utilities/urls.py,function,B,10,0,68,112,validate_restricted_url
src/prefect/utilities/urls.py,function,A,4,0,116,122,convert_class_to_name
src/prefect/utilities/annotations.py,class,A,2,0,12,39,BaseAnnotation
src/prefect/utilities/annotations.py,method,A,2,4,33,36,__eq__
src/prefect/utilities/annotations.py,class,A,2,0,42,52,unmapped
src/prefect/utilities/annotations.py,class,A,2,0,70,95,quote
src/prefect/utilities/annotations.py,class,A,2,0,99,106,Quote
src/prefect/utilities/annotations.py,class,A,2,0,115,151,freeze
src/prefect/utilities/annotations.py,method,A,2,4,132,137,__new__
src/prefect/utilities/annotations.py,method,A,1,4,21,22,__new__
src/prefect/utilities/annotations.py,method,A,1,4,27,28,unwrap
src/prefect/utilities/annotations.py,method,A,1,4,30,31,rewrap
src/prefect/utilities/annotations.py,method,A,1,4,38,39,__repr__
src/prefect/utilities/annotations.py,method,A,1,4,50,52,__getitem__
src/prefect/utilities/annotations.py,class,A,1,0,55,56,allow_failure
src/prefect/utilities/annotations.py,method,A,1,4,94,95,unquote
src/prefect/utilities/annotations.py,method,A,1,4,100,106,__new__
src/prefect/utilities/annotations.py,class,A,1,0,109,110,NotSet
src/prefect/utilities/annotations.py,method,A,1,4,139,141,unfreeze
src/prefect/utilities/annotations.py,method,A,1,4,144,151,__get_pydantic_core_schema__
src/prefect/utilities/hashing.py,function,A,4,0,48,91,hash_objects
src/prefect/utilities/hashing.py,function,A,3,0,14,31,stable_hash
src/prefect/utilities/hashing.py,function,A,1,0,34,45,file_hash
src/prefect/utilities/generics.py,function,A,2,0,17,18,validate_list
src/prefect/utilities/schema_tools/hydration.py,function,B,10,0,298,320,_hydrate
src/prefect/utilities/schema_tools/hydration.py,function,B,6,0,226,253,jinja_handler
src/prefect/utilities/schema_tools/hydration.py,function,B,6,0,257,284,workspace_variable_handler
src/prefect/utilities/schema_tools/hydration.py,function,A,5,0,200,222,json_handler
src/prefect/utilities/schema_tools/hydration.py,function,A,4,0,180,187,call_handler
src/prefect/utilities/schema_tools/hydration.py,class,A,4,0,14,49,HydrationContext
src/prefect/utilities/schema_tools/hydration.py,method,A,3,4,25,49,build
src/prefect/utilities/schema_tools/hydration.py,class,A,3,0,125,131,InvalidJSON
src/prefect/utilities/schema_tools/hydration.py,class,A,3,0,134,140,InvalidJinja
src/prefect/utilities/schema_tools/hydration.py,class,A,3,0,143,151,WorkspaceVariableNotFound
src/prefect/utilities/schema_tools/hydration.py,class,A,3,0,154,160,WorkspaceVariable
src/prefect/utilities/schema_tools/hydration.py,class,A,3,0,164,169,ValidJinja
src/prefect/utilities/schema_tools/hydration.py,function,A,2,0,191,196,null_handler
src/prefect/utilities/schema_tools/hydration.py,function,A,2,0,287,295,hydrate
src/prefect/utilities/schema_tools/hydration.py,class,A,2,0,59,65,Placeholder
src/prefect/utilities/schema_tools/hydration.py,class,A,2,0,76,93,HydrationError
src/prefect/utilities/schema_tools/hydration.py,method,A,2,4,89,90,__eq__
src/prefect/utilities/schema_tools/hydration.py,class,A,2,0,96,104,KeyNotFound
src/prefect/utilities/schema_tools/hydration.py,class,A,2,0,107,110,ValueNotFound
src/prefect/utilities/schema_tools/hydration.py,class,A,2,0,113,116,TemplateNotFound
src/prefect/utilities/schema_tools/hydration.py,class,A,2,0,119,122,VariableNameNotFound
src/prefect/utilities/schema_tools/hydration.py,method,A,2,4,127,131,message
src/prefect/utilities/schema_tools/hydration.py,method,A,2,4,136,140,message
src/prefect/utilities/schema_tools/hydration.py,method,A,2,4,145,147,variable_name
src/prefect/utilities/schema_tools/hydration.py,method,A,2,4,158,160,__eq__
src/prefect/utilities/schema_tools/hydration.py,method,A,2,4,168,169,__eq__
src/prefect/utilities/schema_tools/hydration.py,function,A,1,0,72,73,_remove_value
src/prefect/utilities/schema_tools/hydration.py,function,A,1,0,172,177,handler
src/prefect/utilities/schema_tools/hydration.py,method,A,1,4,60,61,__eq__
src/prefect/utilities/schema_tools/hydration.py,method,A,1,4,64,65,is_error
src/prefect/utilities/schema_tools/hydration.py,class,A,1,0,68,69,RemoveValue
src/prefect/utilities/schema_tools/hydration.py,method,A,1,4,77,78,__init__
src/prefect/utilities/schema_tools/hydration.py,method,A,1,4,81,82,is_error
src/prefect/utilities/schema_tools/hydration.py,method,A,1,4,86,87,message
src/prefect/utilities/schema_tools/hydration.py,method,A,1,4,92,93,__str__
src/prefect/utilities/schema_tools/hydration.py,method,A,1,4,98,99,message
src/prefect/utilities/schema_tools/hydration.py,method,A,1,4,103,104,key
src/prefect/utilities/schema_tools/hydration.py,method,A,1,4,109,110,key
src/prefect/utilities/schema_tools/hydration.py,method,A,1,4,115,116,key
src/prefect/utilities/schema_tools/hydration.py,method,A,1,4,121,122,key
src/prefect/utilities/schema_tools/hydration.py,method,A,1,4,150,151,message
src/prefect/utilities/schema_tools/hydration.py,method,A,1,4,155,156,__init__
src/prefect/utilities/schema_tools/hydration.py,method,A,1,4,165,166,__init__
src/prefect/utilities/schema_tools/validation.py,function,C,16,0,141,197,build_error_obj
src/prefect/utilities/schema_tools/validation.py,function,B,8,0,74,109,validate
src/prefect/utilities/schema_tools/validation.py,function,B,7,0,117,138,prioritize_placeholder_errors
src/prefect/utilities/schema_tools/validation.py,function,B,6,0,200,216,_fix_null_typing
src/prefect/utilities/schema_tools/validation.py,function,B,6,0,246,297,preprocess_schema
src/prefect/utilities/schema_tools/validation.py,function,A,4,0,219,229,_fix_tuple_items
src/prefect/utilities/schema_tools/validation.py,function,A,3,0,65,71,is_valid_schema
src/prefect/utilities/schema_tools/validation.py,function,A,3,0,232,243,process_properties
src/prefect/utilities/schema_tools/validation.py,function,A,1,0,29,58,_build_validator
src/prefect/utilities/schema_tools/validation.py,function,A,1,0,112,114,is_valid
src/prefect/utilities/schema_tools/validation.py,class,A,1,0,18,19,CircularSchemaRefError
src/prefect/utilities/schema_tools/validation.py,class,A,1,0,22,23,ValidationError
src/prefect/testing/docker.py,function,A,1,0,9,20,capture_builders
src/prefect/testing/cli.py,function,D,28,0,51,195,invoke_and_assert
src/prefect/testing/cli.py,function,B,6,0,16,41,check_contains
src/prefect/testing/cli.py,function,A,1,0,199,206,temporary_console_width
src/prefect/testing/utilities.py,function,B,6,0,60,93,kubernetes_environments_equal
src/prefect/testing/utilities.py,function,B,6,0,219,219,assert_uses_result_serializer
src/prefect/testing/utilities.py,function,A,5,0,202,202,assert_blocks_equal
src/prefect/testing/utilities.py,function,A,5,0,255,278,assert_uses_result_storage
src/prefect/testing/utilities.py,function,A,4,0,97,116,assert_does_not_warn
src/prefect/testing/utilities.py,function,A,3,0,40,48,exceptions_equal
src/prefect/testing/utilities.py,function,A,3,0,185,199,get_most_recent_flow_run
src/prefect/testing/utilities.py,function,A,2,0,120,182,prefect_test_harness
src/prefect/testing/utilities.py,function,A,1,0,283,291,a_test_step
src/prefect/testing/utilities.py,function,A,1,0,294,296,b_test_step
src/prefect/testing/fixtures.py,function,C,11,0,66,141,hosted_api_server
src/prefect/testing/fixtures.py,function,A,2,0,472,477,reset_worker_events
src/prefect/testing/fixtures.py,class,A,2,0,262,272,Recorder
src/prefect/testing/fixtures.py,class,A,2,0,275,288,Puppeteer
src/prefect/testing/fixtures.py,function,A,1,0,46,57,add_prefect_loggers_to_caplog
src/prefect/testing/fixtures.py,function,A,1,0,60,62,is_port_in_use
src/prefect/testing/fixtures.py,function,A,1,0,145,155,use_hosted_api_server
src/prefect/testing/fixtures.py,function,A,1,0,159,168,disable_hosted_api_server
src/prefect/testing/fixtures.py,function,A,1,0,172,185,enable_ephemeral_server
src/prefect/testing/fixtures.py,function,A,1,0,189,259,mock_anyio_sleep
src/prefect/testing/fixtures.py,function,A,1,0,292,293,recorder
src/prefect/testing/fixtures.py,function,A,1,0,297,298,puppeteer
src/prefect/testing/fixtures.py,function,A,1,0,302,371,events_server
src/prefect/testing/fixtures.py,function,A,1,0,375,376,events_api_url
src/prefect/testing/fixtures.py,function,A,1,0,380,381,events_cloud_api_url
src/prefect/testing/fixtures.py,function,A,1,0,385,389,mock_should_emit_events
src/prefect/testing/fixtures.py,function,A,1,0,393,402,asserting_events_worker
src/prefect/testing/fixtures.py,function,A,1,0,406,415,asserting_and_emitting_events_worker
src/prefect/testing/fixtures.py,function,A,1,0,419,452,events_pipeline
src/prefect/testing/fixtures.py,function,A,1,0,456,468,emitting_events_pipeline
src/prefect/testing/fixtures.py,function,A,1,0,481,484,enable_lineage_events
src/prefect/testing/fixtures.py,method,A,1,4,269,272,__init__
src/prefect/testing/fixtures.py,method,A,1,4,284,288,__init__
src/prefect/testing/standard_test_suites/blocks.py,method,A,5,4,23,29,test_all_fields_have_a_description
src/prefect/testing/standard_test_suites/blocks.py,class,A,4,0,11,58,BlockStandardTestSuite
src/prefect/testing/standard_test_suites/blocks.py,method,A,4,4,37,37,test_has_a_valid_code_example
src/prefect/testing/standard_test_suites/blocks.py,method,A,4,4,58,58,test_has_a_valid_image
src/prefect/testing/standard_test_suites/blocks.py,method,A,2,4,17,17,test_has_a_description
src/prefect/testing/standard_test_suites/blocks.py,method,A,2,4,20,20,test_has_a_documentation_url
src/prefect/testing/standard_test_suites/blocks.py,method,A,1,4,14,15,block
src/prefect/concurrency/sync.py,function,A,3,0,50,109,concurrency
src/prefect/concurrency/sync.py,function,A,3,0,112,148,rate_limit
src/prefect/concurrency/sync.py,function,A,1,0,23,29,_release_concurrency_slots
src/prefect/concurrency/sync.py,function,A,1,0,32,46,_acquire_concurrency_slots
src/prefect/concurrency/services.py,method,B,7,4,35,64,acquire
src/prefect/concurrency/services.py,class,A,4,0,21,64,ConcurrencySlotAcquisitionService
src/prefect/concurrency/services.py,method,A,1,4,24,27,__init__
src/prefect/concurrency/services.py,method,A,1,4,30,33,_lifespan
src/prefect/concurrency/_asyncio.py,function,B,7,0,29,69,aacquire_concurrency_slots
src/prefect/concurrency/_asyncio.py,function,A,2,0,82,86,_response_to_minimal_concurrency_limit_response
src/prefect/concurrency/_asyncio.py,function,A,1,0,72,79,arelease_concurrency_slots
src/prefect/concurrency/_asyncio.py,class,A,1,0,14,15,ConcurrencySlotAcquisitionError
src/prefect/concurrency/_asyncio.py,class,A,1,0,18,19,AcquireConcurrencySlotTimeoutError
src/prefect/concurrency/asyncio.py,function,A,5,0,22,93,concurrency
src/prefect/concurrency/asyncio.py,function,A,3,0,96,132,rate_limit
src/prefect/concurrency/context.py,class,A,4,0,10,26,ConcurrencyContext
src/prefect/concurrency/context.py,method,A,3,4,18,26,__exit__
src/prefect/concurrency/_events.py,function,A,3,0,8,37,_emit_concurrency_event
src/prefect/concurrency/_events.py,function,A,2,0,41,50,emit_concurrency_acquisition_events
src/prefect/concurrency/_events.py,function,A,2,0,53,59,emit_concurrency_release_events
src/prefect/concurrency/v1/sync.py,function,A,4,0,19,72,concurrency
src/prefect/concurrency/v1/services.py,method,B,6,4,39,70,acquire
src/prefect/concurrency/v1/services.py,class,A,4,0,25,70,ConcurrencySlotAcquisitionService
src/prefect/concurrency/v1/services.py,class,A,1,0,21,22,ConcurrencySlotAcquisitionServiceError
src/prefect/concurrency/v1/services.py,method,A,1,4,28,31,__init__
src/prefect/concurrency/v1/services.py,method,A,1,4,34,37,_lifespan
src/prefect/concurrency/v1/_asyncio.py,function,A,4,0,23,41,acquire_concurrency_slots
src/prefect/concurrency/v1/_asyncio.py,function,A,4,0,57,62,_response_to_concurrency_limit_response
src/prefect/concurrency/v1/_asyncio.py,function,A,1,0,45,54,release_concurrency_slots
src/prefect/concurrency/v1/_asyncio.py,class,A,1,0,14,15,ConcurrencySlotAcquisitionError
src/prefect/concurrency/v1/_asyncio.py,class,A,1,0,18,19,AcquireConcurrencySlotTimeoutError
src/prefect/concurrency/v1/asyncio.py,function,B,9,0,26,93,concurrency
src/prefect/concurrency/v1/context.py,class,A,4,0,11,29,ConcurrencyContext
src/prefect/concurrency/v1/context.py,method,A,3,4,19,29,__exit__
src/prefect/concurrency/v1/_events.py,function,A,3,0,8,37,emit_concurrency_event
src/prefect/concurrency/v1/_events.py,function,A,2,0,41,50,emit_concurrency_acquisition_events
src/prefect/concurrency/v1/_events.py,function,A,2,0,53,59,emit_concurrency_release_events
src/prefect/workers/server.py,function,A,1,0,15,52,build_healthcheck_server
src/prefect/workers/server.py,function,A,1,0,55,68,start_healthcheck_server
src/prefect/workers/process.py,method,A,5,4,203,231,run
src/prefect/workers/process.py,class,A,4,0,108,242,ProcessWorker
src/prefect/workers/process.py,method,A,4,4,123,201,start
src/prefect/workers/process.py,class,A,3,0,48,82,ProcessJobConfiguration
src/prefect/workers/process.py,method,A,2,4,54,57,validate_working_dir
src/prefect/workers/process.py,method,A,2,4,59,73,prepare_for_flow_run
src/prefect/workers/process.py,method,A,1,4,77,82,_base_flow_run_command
src/prefect/workers/process.py,class,A,1,0,85,97,ProcessVariables
src/prefect/workers/process.py,class,A,1,0,104,105,ProcessWorkerResult
src/prefect/workers/process.py,method,A,1,4,234,239,__aenter__
src/prefect/workers/process.py,method,A,1,4,241,242,__aexit__
src/prefect/workers/utilities.py,function,B,7,0,32,59,get_default_base_job_template_for_infrastructure_type
src/prefect/workers/utilities.py,function,A,5,0,11,29,get_available_work_pool_types
src/prefect/workers/base.py,method,C,11,4,831,877,_send_worker_heartbeat
src/prefect/workers/base.py,method,C,11,4,931,985,_submit_scheduled_flow_runs
src/prefect/workers/base.py,method,B,10,4,765,810,_update_local_work_pool_info
src/prefect/workers/base.py,method,B,8,4,430,494,__init__
src/prefect/workers/base.py,method,B,8,4,989,1041,_submit_run
src/prefect/workers/base.py,method,B,8,4,1043,1106,_submit_run_and_capture_errors
src/prefect/workers/base.py,method,B,7,4,1133,1177,_get_configuration
src/prefect/workers/base.py,method,B,6,4,213,257,prepare_for_flow_run
src/prefect/workers/base.py,class,B,6,0,356,404,BaseVariables
src/prefect/workers/base.py,method,A,5,4,380,404,model_json_schema
src/prefect/workers/base.py,method,A,5,4,812,829,_worker_metadata
src/prefect/workers/base.py,method,A,5,4,1228,1244,_propose_crashed_state
src/prefect/workers/base.py,method,A,4,4,134,146,_get_base_config_defaults
src/prefect/workers/base.py,method,A,4,4,150,188,from_template_and_values
src/prefect/workers/base.py,method,A,4,4,342,353,_related_resources
src/prefect/workers/base.py,class,A,4,0,421,1417,BaseWorker
src/prefect/workers/base.py,method,A,4,4,533,547,get_default_base_job_template
src/prefect/workers/base.py,method,A,4,4,593,669,start
src/prefect/workers/base.py,method,A,4,4,691,709,setup
src/prefect/workers/base.py,method,A,4,4,711,727,teardown
src/prefect/workers/base.py,method,A,4,4,1179,1208,_propose_pending_state
src/prefect/workers/base.py,method,A,4,4,1247,1263,_mark_flow_run_as_cancelled
src/prefect/workers/base.py,method,A,4,4,1353,1374,_event_related_resources
src/prefect/workers/base.py,class,A,3,0,88,353,BaseJobConfiguration
src/prefect/workers/base.py,method,A,3,4,130,131,_coerce_env
src/prefect/workers/base.py,method,A,3,4,191,211,json_template
src/prefect/workers/base.py,method,A,3,4,297,311,_base_deployment_labels
src/prefect/workers/base.py,method,A,3,4,577,590,get_flow_run_logger
src/prefect/workers/base.py,method,A,3,4,879,893,sync_with_backend
src/prefect/workers/base.py,method,A,3,4,896,901,_should_get_worker_id
src/prefect/workers/base.py,method,A,3,4,1210,1225,_propose_failed_state
src/prefect/workers/base.py,method,A,3,4,1312,1330,_give_worker_labels_to_flow_run
src/prefect/workers/base.py,method,A,3,4,1385,1402,_emit_flow_run_executed_event
src/prefect/workers/base.py,method,A,2,4,120,121,is_using_a_runner
src/prefect/workers/base.py,method,A,2,4,287,294,_base_flow_run_environment
src/prefect/workers/base.py,method,A,2,4,314,320,_base_flow_labels
src/prefect/workers/base.py,method,A,2,4,324,331,_base_work_pool_labels
src/prefect/workers/base.py,method,A,2,4,335,340,_base_worker_name_label
src/prefect/workers/base.py,class,A,2,0,407,412,BaseWorkerResult
src/prefect/workers/base.py,method,A,2,4,497,502,client
src/prefect/workers/base.py,method,A,2,4,505,510,work_pool
src/prefect/workers/base.py,method,A,2,4,513,518,limiter
src/prefect/workers/base.py,method,A,2,4,551,561,get_worker_class_from_type
src/prefect/workers/base.py,method,A,2,4,564,572,get_all_available_worker_types
src/prefect/workers/base.py,method,A,2,4,686,689,__dispatch_key__
src/prefect/workers/base.py,method,A,2,4,729,756,is_worker_still_polling
src/prefect/workers/base.py,method,A,2,4,904,929,_get_scheduled_flow_runs
src/prefect/workers/base.py,method,A,2,4,1108,1114,_release_limit_slot
src/prefect/workers/base.py,method,A,2,4,1116,1129,get_status
src/prefect/workers/base.py,method,A,2,4,1278,1310,_schedule_task
src/prefect/workers/base.py,method,A,1,4,125,126,_coerce_command
src/prefect/workers/base.py,method,A,1,4,260,264,_base_flow_run_command
src/prefect/workers/base.py,method,A,1,4,267,274,_base_flow_run_labels
src/prefect/workers/base.py,method,A,1,4,278,284,_base_environment
src/prefect/workers/base.py,method,A,1,4,411,412,__bool__
src/prefect/workers/base.py,method,A,1,4,521,522,get_documentation_url
src/prefect/workers/base.py,method,A,1,4,525,526,get_logo_url
src/prefect/workers/base.py,method,A,1,4,529,530,get_description
src/prefect/workers/base.py,method,A,1,4,574,575,get_name_slug
src/prefect/workers/base.py,method,A,1,4,672,682,run
src/prefect/workers/base.py,method,A,1,4,758,763,get_and_submit_flow_runs
src/prefect/workers/base.py,method,A,1,4,1266,1274,_set_work_pool_template
src/prefect/workers/base.py,method,A,1,4,1332,1336,__aenter__
src/prefect/workers/base.py,method,A,1,4,1338,1340,__aexit__
src/prefect/workers/base.py,method,A,1,4,1342,1343,__repr__
src/prefect/workers/base.py,method,A,1,4,1345,1350,_event_resource
src/prefect/workers/base.py,method,A,1,4,1376,1382,_emit_flow_run_submitted_event
src/prefect/workers/base.py,method,A,1,4,1405,1409,_emit_worker_started_event
src/prefect/workers/base.py,method,A,1,4,1412,1417,_emit_worker_stopped_event
src/prefect/telemetry/bootstrap.py,function,B,6,0,18,47,setup_telemetry
src/prefect/telemetry/logging.py,function,A,2,0,22,26,add_telemetry_log_handler
src/prefect/telemetry/logging.py,function,A,1,0,10,13,set_log_handler
src/prefect/telemetry/logging.py,function,A,1,0,16,19,get_log_handler
src/prefect/telemetry/instrumentation.py,function,A,5,0,34,47,extract_account_and_workspace_id
src/prefect/telemetry/instrumentation.py,function,A,1,0,51,52,_url_join
src/prefect/telemetry/instrumentation.py,function,A,1,0,55,78,setup_exporters
src/prefect/telemetry/instrumentation.py,function,A,1,0,81,91,_setup_trace_provider
src/prefect/telemetry/instrumentation.py,function,A,1,0,94,106,_setup_meter_provider
src/prefect/telemetry/instrumentation.py,function,A,1,0,109,124,_setup_logger_provider
src/prefect/telemetry/services.py,class,A,3,0,23,43,BaseQueueingExporter
src/prefect/telemetry/services.py,class,A,3,0,46,57,QueueingSpanExporter
src/prefect/telemetry/services.py,method,A,3,4,52,57,export
src/prefect/telemetry/services.py,class,A,3,0,60,70,QueueingLogExporter
src/prefect/telemetry/services.py,method,A,3,4,66,70,export
src/prefect/telemetry/services.py,class,A,2,0,17,20,OTLPExporter
src/prefect/telemetry/services.py,method,A,2,4,31,36,_handle_batch
src/prefect/telemetry/services.py,method,A,2,4,38,43,shutdown
src/prefect/telemetry/services.py,method,A,1,4,18,18,export
src/prefect/telemetry/services.py,method,A,1,4,20,20,shutdown
src/prefect/telemetry/services.py,method,A,1,4,27,29,__init__
src/prefect/telemetry/services.py,method,A,1,4,49,50,__init__
src/prefect/telemetry/services.py,method,A,1,4,63,64,__init__
src/prefect/telemetry/run_telemetry.py,method,B,9,4,94,146,_start_span
src/prefect/telemetry/run_telemetry.py,method,B,6,4,217,247,_parent_run
src/prefect/telemetry/run_telemetry.py,method,A,5,4,194,205,update_state
src/prefect/telemetry/run_telemetry.py,class,A,4,0,45,247,RunTelemetry
src/prefect/telemetry/run_telemetry.py,method,A,4,4,58,74,async_start_span
src/prefect/telemetry/run_telemetry.py,method,A,4,4,76,92,start_span
src/prefect/telemetry/run_telemetry.py,method,A,3,4,151,159,_trace_context_from_labels
src/prefect/telemetry/run_telemetry.py,method,A,3,4,176,185,end_span_on_failure
src/prefect/telemetry/run_telemetry.py,class,A,2,0,35,41,OTELSetter
src/prefect/telemetry/run_telemetry.py,method,A,2,4,148,149,_run_type
src/prefect/telemetry/run_telemetry.py,method,A,2,4,167,174,end_span_on_success
src/prefect/telemetry/run_telemetry.py,method,A,2,4,187,192,record_exception
src/prefect/telemetry/run_telemetry.py,method,A,2,4,209,215,update_run_name
src/prefect/telemetry/run_telemetry.py,method,A,1,4,40,41,set
src/prefect/telemetry/run_telemetry.py,method,A,1,4,162,165,traceparent_from_span
src/prefect/telemetry/processors.py,method,A,4,4,22,30,_export_periodically
src/prefect/telemetry/processors.py,class,A,3,0,13,60,InFlightSpanProcessor
src/prefect/telemetry/processors.py,method,A,3,4,41,45,on_start
src/prefect/telemetry/processors.py,method,A,3,4,47,52,on_end
src/prefect/telemetry/processors.py,method,A,2,4,32,39,_readable_span
src/prefect/telemetry/processors.py,method,A,1,4,14,20,__init__
src/prefect/telemetry/processors.py,method,A,1,4,54,57,shutdown
src/prefect/telemetry/processors.py,method,A,1,4,59,60,force_flush
src/prefect/events/worker.py,method,B,6,4,100,130,instance
src/prefect/events/worker.py,function,A,3,0,29,33,should_emit_events
src/prefect/events/worker.py,class,A,3,0,53,130,EventsWorker
src/prefect/events/worker.py,method,A,3,4,85,96,attach_related_resources_from_context
src/prefect/events/worker.py,function,A,2,0,37,40,emit_events_to_cloud
src/prefect/events/worker.py,method,A,2,4,65,72,_lifespan
src/prefect/events/worker.py,function,A,1,0,44,46,should_emit_events_to_running_server
src/prefect/events/worker.py,function,A,1,0,49,50,should_emit_events_to_ephemeral_server
src/prefect/events/worker.py,method,A,1,4,54,62,__init__
src/prefect/events/worker.py,method,A,1,4,74,76,_prepare_item
src/prefect/events/worker.py,method,A,1,4,78,83,_handle
src/prefect/events/related.py,function,C,19,0,56,186,related_resources_from_run_context
src/prefect/events/related.py,function,A,5,0,189,226,_get_and_cache_related_object
src/prefect/events/related.py,function,A,2,0,32,40,tags_as_related_resources
src/prefect/events/related.py,function,A,1,0,44,51,object_as_related_resource
src/prefect/events/actions.py,class,A,4,0,28,55,DeploymentAction
src/prefect/events/actions.py,class,A,4,0,184,211,WorkQueueAction
src/prefect/events/actions.py,class,A,4,0,226,253,AutomationAction
src/prefect/events/actions.py,method,A,3,4,47,55,selected_deployment_requires_id
src/prefect/events/actions.py,method,A,3,4,203,211,selected_work_queue_requires_id
src/prefect/events/actions.py,method,A,3,4,245,253,selected_automation_requires_id
src/prefect/events/actions.py,class,A,2,0,12,19,Action
src/prefect/events/actions.py,method,A,1,4,17,19,describe_for_cli
src/prefect/events/actions.py,class,A,1,0,22,25,DoNothing
src/prefect/events/actions.py,class,A,1,0,58,73,RunDeployment
src/prefect/events/actions.py,class,A,1,0,79,82,PauseDeployment
src/prefect/events/actions.py,class,A,1,0,85,88,ResumeDeployment
src/prefect/events/actions.py,class,A,1,0,91,106,ChangeFlowRunState
src/prefect/events/actions.py,class,A,1,0,110,113,CancelFlowRun
src/prefect/events/actions.py,class,A,1,0,116,119,ResumeFlowRun
src/prefect/events/actions.py,class,A,1,0,122,125,SuspendFlowRun
src/prefect/events/actions.py,class,A,1,0,128,137,CallWebhook
src/prefect/events/actions.py,class,A,1,0,141,149,SendNotification
src/prefect/events/actions.py,class,A,1,0,152,168,WorkPoolAction
src/prefect/events/actions.py,class,A,1,0,172,175,PauseWorkPool
src/prefect/events/actions.py,class,A,1,0,178,181,ResumeWorkPool
src/prefect/events/actions.py,class,A,1,0,214,217,PauseWorkQueue
src/prefect/events/actions.py,class,A,1,0,220,223,ResumeWorkQueue
src/prefect/events/actions.py,class,A,1,0,256,259,PauseAutomation
src/prefect/events/actions.py,class,A,1,0,262,265,ResumeAutomation
src/prefect/events/actions.py,class,A,1,0,268,271,DeclareIncident
src/prefect/events/clients.py,method,C,12,4,97,140,__init__
src/prefect/events/clients.py,method,C,12,4,691,739,__anext__
src/prefect/events/clients.py,method,B,8,4,435,480,_emit
src/prefect/events/clients.py,class,B,6,0,96,155,WebsocketProxyConnect
src/prefect/events/clients.py,method,B,6,4,630,677,_reconnect
src/prefect/events/clients.py,function,A,5,0,162,189,get_events_client
src/prefect/events/clients.py,function,A,5,0,193,219,get_events_subscriber
src/prefect/events/clients.py,function,A,5,0,306,317,_get_api_url_and_key
src/prefect/events/clients.py,class,A,4,0,320,480,PrefectEventsClient
src/prefect/events/clients.py,method,A,4,4,374,413,_reconnect
src/prefect/events/clients.py,class,A,4,0,559,739,PrefectEventSubscriber
src/prefect/events/clients.py,method,A,4,4,582,615,__init__
src/prefect/events/clients.py,method,A,3,4,326,351,__init__
src/prefect/events/clients.py,method,A,3,4,415,433,_checkpoint
src/prefect/events/clients.py,method,A,2,4,142,152,_proxy_connect
src/prefect/events/clients.py,class,A,2,0,223,258,EventsClient
src/prefect/events/clients.py,method,A,2,4,230,241,emit
src/prefect/events/clients.py,class,A,2,0,261,265,NullEventsClient
src/prefect/events/clients.py,class,A,2,0,268,303,AssertingEventsClient
src/prefect/events/clients.py,class,A,2,0,483,521,AssertingPassthroughEventsClient
src/prefect/events/clients.py,class,A,2,0,524,551,PrefectCloudEventsClient
src/prefect/events/clients.py,class,A,2,0,742,765,PrefectCloudEventSubscriber
src/prefect/events/clients.py,class,A,2,0,768,793,PrefectCloudAccountEventSubscriber
src/prefect/events/clients.py,function,A,1,0,84,85,http_to_ws
src/prefect/events/clients.py,function,A,1,0,88,89,events_in_socket_from_api_url
src/prefect/events/clients.py,function,A,1,0,92,93,events_out_socket_from_api_url
src/prefect/events/clients.py,function,A,1,0,158,159,websocket_connect
src/prefect/events/clients.py,method,A,1,4,154,155,__await__
src/prefect/events/clients.py,method,A,1,4,227,228,client_name
src/prefect/events/clients.py,method,A,1,4,244,245,_emit
src/prefect/events/clients.py,method,A,1,4,247,249,__aenter__
src/prefect/events/clients.py,method,A,1,4,251,258,__aexit__
src/prefect/events/clients.py,method,A,1,4,264,265,_emit
src/prefect/events/clients.py,method,A,1,4,279,283,__init__
src/prefect/events/clients.py,method,A,1,4,286,290,reset
src/prefect/events/clients.py,method,A,1,4,292,295,pop_events
src/prefect/events/clients.py,method,A,1,4,297,298,_emit
src/prefect/events/clients.py,method,A,1,4,300,303,__aenter__
src/prefect/events/clients.py,method,A,1,4,353,358,__aenter__
src/prefect/events/clients.py,method,A,1,4,360,368,__aexit__
src/prefect/events/clients.py,method,A,1,4,370,372,_log_debug
src/prefect/events/clients.py,method,A,1,4,494,499,__init__
src/prefect/events/clients.py,method,A,1,4,502,504,reset
src/prefect/events/clients.py,method,A,1,4,506,509,pop_events
src/prefect/events/clients.py,method,A,1,4,511,516,_emit
src/prefect/events/clients.py,method,A,1,4,518,521,__aenter__
src/prefect/events/clients.py,method,A,1,4,527,551,__init__
src/prefect/events/clients.py,method,A,1,4,618,619,client_name
src/prefect/events/clients.py,method,A,1,4,621,628,__aenter__
src/prefect/events/clients.py,method,A,1,4,679,686,__aexit__
src/prefect/events/clients.py,method,A,1,4,688,689,__aiter__
src/prefect/events/clients.py,method,A,1,4,743,765,__init__
src/prefect/events/clients.py,method,A,1,4,769,793,__init__
src/prefect/events/utilities.py,function,B,9,0,21,91,emit_event
src/prefect/events/filters.py,class,C,14,0,74,107,EventNameFilter
src/prefect/events/filters.py,method,C,13,4,90,107,includes
src/prefect/events/filters.py,class,B,10,0,110,143,EventResourceFilter
src/prefect/events/filters.py,method,B,9,4,128,143,includes
src/prefect/events/filters.py,method,B,9,4,188,201,_includes
src/prefect/events/filters.py,class,B,7,0,167,201,EventAnyResourceFilter
src/prefect/events/filters.py,class,A,5,0,204,214,EventIDFilter
src/prefect/events/filters.py,method,A,4,4,43,49,get_filters
src/prefect/events/filters.py,method,A,4,4,209,214,includes
src/prefect/events/filters.py,class,A,3,0,40,57,EventDataFilter
src/prefect/events/filters.py,method,A,3,4,182,186,includes
src/prefect/events/filters.py,method,A,2,4,51,53,includes
src/prefect/events/filters.py,class,A,2,0,60,71,EventOccurredFilter
src/prefect/events/filters.py,class,A,1,0,13,18,AutomationFilterCreated
src/prefect/events/filters.py,class,A,1,0,22,27,AutomationFilterName
src/prefect/events/filters.py,class,A,1,0,31,36,AutomationFilter
src/prefect/events/filters.py,method,A,1,4,55,57,excludes
src/prefect/events/filters.py,method,A,1,4,70,71,includes
src/prefect/events/filters.py,class,A,1,0,146,163,EventRelatedFilter
src/prefect/events/filters.py,class,A,1,0,217,219,EventOrder
src/prefect/events/filters.py,class,A,1,0,222,250,EventFilter
src/prefect/events/cli/automations.py,function,C,14,0,105,175,inspect
src/prefect/events/cli/automations.py,function,C,12,0,290,337,delete
src/prefect/events/cli/automations.py,function,C,11,0,180,230,resume
src/prefect/events/cli/automations.py,function,C,11,0,235,285,pause
src/prefect/events/cli/automations.py,function,B,10,0,46,100,ls
src/prefect/events/cli/automations.py,function,A,1,0,31,41,requires_automations
src/prefect/events/schemas/labelling.py,method,B,6,4,25,47,__init__
src/prefect/events/schemas/labelling.py,class,A,3,0,6,71,LabelDiver
src/prefect/events/schemas/labelling.py,method,A,3,4,64,71,__getattr__
src/prefect/events/schemas/labelling.py,method,A,2,4,49,50,__str__
src/prefect/events/schemas/labelling.py,class,A,2,0,74,102,Labelled
src/prefect/events/schemas/labelling.py,method,A,2,4,94,95,as_label_value_array
src/prefect/events/schemas/labelling.py,method,A,2,4,101,102,has_all_labels
src/prefect/events/schemas/labelling.py,method,A,1,4,52,53,__repr__
src/prefect/events/schemas/labelling.py,method,A,1,4,55,56,__len__
src/prefect/events/schemas/labelling.py,method,A,1,4,58,59,__iter__
src/prefect/events/schemas/labelling.py,method,A,1,4,61,62,__getitem__
src/prefect/events/schemas/labelling.py,method,A,1,4,75,76,keys
src/prefect/events/schemas/labelling.py,method,A,1,4,78,79,items
src/prefect/events/schemas/labelling.py,method,A,1,4,81,82,__getitem__
src/prefect/events/schemas/labelling.py,method,A,1,4,84,86,__setitem__
src/prefect/events/schemas/labelling.py,method,A,1,4,88,89,__contains__
src/prefect/events/schemas/labelling.py,method,A,1,4,91,92,get
src/prefect/events/schemas/labelling.py,method,A,1,4,98,99,labels
src/prefect/events/schemas/events.py,method,B,6,4,217,225,matches_every_resource_of_kind
src/prefect/events/schemas/events.py,function,A,5,0,193,210,matches
src/prefect/events/schemas/events.py,method,A,4,4,168,178,find_resource_label
src/prefect/events/schemas/events.py,method,A,4,4,227,233,includes
src/prefect/events/schemas/events.py,method,A,4,4,235,240,matches
src/prefect/events/schemas/events.py,class,A,3,0,42,80,Resource
src/prefect/events/schemas/events.py,method,A,3,4,56,62,requires_resource_id
src/prefect/events/schemas/events.py,method,A,3,4,72,80,prefect_object_id
src/prefect/events/schemas/events.py,class,A,3,0,83,99,RelatedResource
src/prefect/events/schemas/events.py,method,A,3,4,87,95,requires_resource_role
src/prefect/events/schemas/events.py,class,A,3,0,113,178,Event
src/prefect/events/schemas/events.py,class,A,3,0,213,283,ResourceSpecification
src/prefect/events/schemas/events.py,method,A,3,4,242,245,items
src/prefect/events/schemas/events.py,method,A,3,4,251,257,__getitem__
src/prefect/events/schemas/events.py,method,A,3,4,259,267,pop
src/prefect/events/schemas/events.py,method,A,3,4,269,277,get
src/prefect/events/schemas/events.py,function,A,2,0,102,110,_validate_related_resources
src/prefect/events/schemas/events.py,method,A,2,4,46,53,enforce_maximum_labels
src/prefect/events/schemas/events.py,method,A,2,4,156,158,resource_in_role
src/prefect/events/schemas/events.py,method,A,2,4,161,166,resources_in_role
src/prefect/events/schemas/events.py,method,A,1,4,65,66,id
src/prefect/events/schemas/events.py,method,A,1,4,69,70,name
src/prefect/events/schemas/events.py,method,A,1,4,98,99,role
src/prefect/events/schemas/events.py,method,A,1,4,152,153,involved_resources
src/prefect/events/schemas/events.py,class,A,1,0,181,189,ReceivedEvent
src/prefect/events/schemas/events.py,method,A,1,4,214,215,matches_every_resource
src/prefect/events/schemas/events.py,method,A,1,4,248,249,__contains__
src/prefect/events/schemas/events.py,method,A,1,4,279,280,__len__
src/prefect/events/schemas/events.py,method,A,1,4,282,283,deepcopy
src/prefect/events/schemas/automations.py,method,B,10,4,177,203,enforce_minimum_within_for_proactive_triggers
src/prefect/events/schemas/automations.py,class,B,7,0,112,224,EventTrigger
src/prefect/events/schemas/automations.py,method,A,4,4,72,91,as_automation
src/prefect/events/schemas/automations.py,class,A,4,0,335,368,CompoundTrigger
src/prefect/events/schemas/automations.py,method,A,4,4,343,352,validate_require
src/prefect/events/schemas/automations.py,class,A,3,0,38,91,Trigger
src/prefect/events/schemas/automations.py,class,A,3,0,241,285,MetricTriggerQuery
src/prefect/events/schemas/automations.py,class,A,3,0,372,392,SequenceTrigger
src/prefect/events/schemas/automations.py,method,A,2,4,61,68,actions
src/prefect/events/schemas/automations.py,method,A,2,4,205,224,describe_for_cli
src/prefect/events/schemas/automations.py,method,A,2,4,282,285,enforce_minimum_range
src/prefect/events/schemas/automations.py,class,A,2,0,288,314,MetricTrigger
src/prefect/events/schemas/automations.py,method,A,2,4,354,368,describe_for_cli
src/prefect/events/schemas/automations.py,method,A,2,4,378,392,describe_for_cli
src/prefect/events/schemas/automations.py,class,A,1,0,32,35,Posture
src/prefect/events/schemas/automations.py,method,A,1,4,47,48,describe_for_cli
src/prefect/events/schemas/automations.py,method,A,1,4,55,56,set_deployment_id
src/prefect/events/schemas/automations.py,method,A,1,4,58,59,owner_resource
src/prefect/events/schemas/automations.py,class,A,1,0,95,108,ResourceTrigger
src/prefect/events/schemas/automations.py,class,A,1,0,228,232,MetricTriggerOperator
src/prefect/events/schemas/automations.py,class,A,1,0,235,238,PrefectMetric
src/prefect/events/schemas/automations.py,method,A,1,4,305,314,describe_for_cli
src/prefect/events/schemas/automations.py,class,A,1,0,318,328,CompositeTrigger
src/prefect/events/schemas/automations.py,class,A,1,0,405,442,AutomationCore
src/prefect/events/schemas/automations.py,class,A,1,0,446,447,Automation
src/prefect/events/schemas/deployment_triggers.py,class,A,1,0,36,67,BaseDeploymentTrigger
src/prefect/events/schemas/deployment_triggers.py,class,A,1,0,73,79,DeploymentEventTrigger
src/prefect/events/schemas/deployment_triggers.py,class,A,1,0,82,87,DeploymentMetricTrigger
src/prefect/events/schemas/deployment_triggers.py,class,A,1,0,90,94,DeploymentCompoundTrigger
src/prefect/events/schemas/deployment_triggers.py,class,A,1,0,97,101,DeploymentSequenceTrigger
src/prefect/infrastructure/provisioners/coiled.py,method,C,13,4,138,249,provision
src/prefect/infrastructure/provisioners/coiled.py,method,A,4,4,89,135,_create_coiled_credentials_block
src/prefect/infrastructure/provisioners/coiled.py,class,A,3,0,26,249,CoiledPushProvisioner
src/prefect/infrastructure/provisioners/coiled.py,method,A,2,4,43,54,_is_coiled_installed
src/prefect/infrastructure/provisioners/coiled.py,method,A,1,4,31,32,__init__
src/prefect/infrastructure/provisioners/coiled.py,method,A,1,4,35,36,console
src/prefect/infrastructure/provisioners/coiled.py,method,A,1,4,39,40,console
src/prefect/infrastructure/provisioners/coiled.py,method,A,1,4,56,73,_install_coiled
src/prefect/infrastructure/provisioners/coiled.py,method,A,1,4,75,81,_get_coiled_token
src/prefect/infrastructure/provisioners/coiled.py,method,A,1,4,83,87,_create_new_coiled_token
src/prefect/infrastructure/provisioners/__init__.py,function,A,2,0,38,56,get_infrastructure_provisioner_for_work_pool_type
src/prefect/infrastructure/provisioners/__init__.py,class,A,2,0,23,35,Provisioner
src/prefect/infrastructure/provisioners/__init__.py,method,A,1,4,25,25,console
src/prefect/infrastructure/provisioners/__init__.py,method,A,1,4,28,28,console
src/prefect/infrastructure/provisioners/__init__.py,method,A,1,4,30,35,provision
src/prefect/infrastructure/provisioners/cloud_run.py,method,B,7,4,298,441,provision
src/prefect/infrastructure/provisioners/cloud_run.py,method,A,5,4,73,84,_verify_gcloud_ready
src/prefect/infrastructure/provisioners/cloud_run.py,class,A,3,0,34,441,CloudRunPushProvisioner
src/prefect/infrastructure/provisioners/cloud_run.py,method,A,3,4,51,71,_run_command
src/prefect/infrastructure/provisioners/cloud_run.py,method,A,3,4,131,143,_create_service_account
src/prefect/infrastructure/provisioners/cloud_run.py,method,A,3,4,193,206,_create_artifact_registry_repository
src/prefect/infrastructure/provisioners/cloud_run.py,method,A,2,4,87,113,_get_project
src/prefect/infrastructure/provisioners/cloud_run.py,method,A,2,4,115,117,_get_default_region
src/prefect/infrastructure/provisioners/cloud_run.py,method,A,2,4,119,129,_enable_cloud_run_api
src/prefect/infrastructure/provisioners/cloud_run.py,method,A,2,4,145,161,_create_service_account_key
src/prefect/infrastructure/provisioners/cloud_run.py,method,A,2,4,163,179,_assign_roles
src/prefect/infrastructure/provisioners/cloud_run.py,method,A,2,4,181,191,_enable_artifact_registry_api
src/prefect/infrastructure/provisioners/cloud_run.py,method,A,2,4,208,218,_login_to_artifact_registry
src/prefect/infrastructure/provisioners/cloud_run.py,method,A,2,4,220,246,_create_gcp_credentials_block
src/prefect/infrastructure/provisioners/cloud_run.py,method,A,2,4,248,272,_create_provision_table
src/prefect/infrastructure/provisioners/cloud_run.py,method,A,1,4,35,41,__init__
src/prefect/infrastructure/provisioners/cloud_run.py,method,A,1,4,44,45,console
src/prefect/infrastructure/provisioners/cloud_run.py,method,A,1,4,48,49,console
src/prefect/infrastructure/provisioners/cloud_run.py,method,A,1,4,275,294,_customize_resource_names
src/prefect/infrastructure/provisioners/modal.py,method,C,12,4,145,251,provision
src/prefect/infrastructure/provisioners/modal.py,method,A,4,4,93,142,_create_modal_credentials_block
src/prefect/infrastructure/provisioners/modal.py,class,A,3,0,26,251,ModalPushProvisioner
src/prefect/infrastructure/provisioners/modal.py,method,A,2,4,43,54,_is_modal_installed
src/prefect/infrastructure/provisioners/modal.py,method,A,1,4,31,32,__init__
src/prefect/infrastructure/provisioners/modal.py,method,A,1,4,35,36,console
src/prefect/infrastructure/provisioners/modal.py,method,A,1,4,39,40,console
src/prefect/infrastructure/provisioners/modal.py,method,A,1,4,56,73,_install_modal
src/prefect/infrastructure/provisioners/modal.py,method,A,1,4,75,83,_get_modal_token_id_and_secret
src/prefect/infrastructure/provisioners/modal.py,method,A,1,4,85,91,_create_new_modal_token
src/prefect/infrastructure/provisioners/container_instance.py,method,B,10,4,62,127,run_command
src/prefect/infrastructure/provisioners/container_instance.py,method,B,9,4,857,1080,provision
src/prefect/infrastructure/provisioners/container_instance.py,method,B,8,4,321,378,_create_app_registration
src/prefect/infrastructure/provisioners/container_instance.py,class,B,7,0,47,127,AzureCLI
src/prefect/infrastructure/provisioners/container_instance.py,method,B,7,4,608,663,_assign_contributor_role
src/prefect/infrastructure/provisioners/container_instance.py,class,A,4,0,130,1080,ContainerInstancePushProvisioner
src/prefect/infrastructure/provisioners/container_instance.py,method,A,4,4,218,277,_select_subscription
src/prefect/infrastructure/provisioners/container_instance.py,method,A,3,4,175,190,set_location
src/prefect/infrastructure/provisioners/container_instance.py,method,A,3,4,192,215,_verify_az_ready
src/prefect/infrastructure/provisioners/container_instance.py,method,A,3,4,418,461,_get_or_create_service_principal_object_id
src/prefect/infrastructure/provisioners/container_instance.py,method,A,3,4,464,509,_get_or_create_identity
src/prefect/infrastructure/provisioners/container_instance.py,method,A,3,4,513,529,_generate_acr_name
src/prefect/infrastructure/provisioners/container_instance.py,method,A,3,4,531,587,_get_or_create_registry
src/prefect/infrastructure/provisioners/container_instance.py,method,A,3,4,686,760,_create_aci_credentials_block
src/prefect/infrastructure/provisioners/container_instance.py,method,A,3,4,784,788,_validate_user_input
src/prefect/infrastructure/provisioners/container_instance.py,method,A,3,4,818,853,_customize_resource_names
src/prefect/infrastructure/provisioners/container_instance.py,method,A,2,4,281,318,_create_resource_group
src/prefect/infrastructure/provisioners/container_instance.py,method,A,2,4,380,416,_generate_secret_for_app
src/prefect/infrastructure/provisioners/container_instance.py,method,A,2,4,762,782,_aci_credentials_block_exists
src/prefect/infrastructure/provisioners/container_instance.py,method,A,1,4,59,60,__init__
src/prefect/infrastructure/provisioners/container_instance.py,method,A,1,4,155,165,__init__
src/prefect/infrastructure/provisioners/container_instance.py,method,A,1,4,168,169,console
src/prefect/infrastructure/provisioners/container_instance.py,method,A,1,4,172,173,console
src/prefect/infrastructure/provisioners/container_instance.py,method,A,1,4,589,605,_log_into_registry
src/prefect/infrastructure/provisioners/container_instance.py,method,A,1,4,666,683,_assign_acr_pull_role
src/prefect/infrastructure/provisioners/container_instance.py,method,A,1,4,790,815,_create_provision_table
src/prefect/infrastructure/provisioners/ecs.py,method,C,20,4,1169,1357,provision
src/prefect/infrastructure/provisioners/ecs.py,method,B,6,4,287,362,provision
src/prefect/infrastructure/provisioners/ecs.py,method,B,6,4,655,682,_find_non_overlapping_cidr
src/prefect/infrastructure/provisioners/ecs.py,method,A,5,4,721,839,provision
src/prefect/infrastructure/provisioners/ecs.py,class,A,5,0,1106,1357,ElasticContainerServicePushProvisioner
src/prefect/infrastructure/provisioners/ecs.py,method,A,4,4,82,90,_get_policy_by_name
src/prefect/infrastructure/provisioners/ecs.py,method,A,4,4,260,272,requires_provisioning
src/prefect/infrastructure/provisioners/ecs.py,method,A,4,4,543,560,requires_provisioning
src/prefect/infrastructure/provisioners/ecs.py,method,A,4,4,630,640,_default_vpc_exists
src/prefect/infrastructure/provisioners/ecs.py,method,A,4,4,684,703,requires_provisioning
src/prefect/infrastructure/provisioners/ecs.py,class,A,3,0,56,163,IamPolicyResource
src/prefect/infrastructure/provisioners/ecs.py,method,A,3,4,92,109,requires_provisioning
src/prefect/infrastructure/provisioners/ecs.py,method,A,3,4,126,159,provision
src/prefect/infrastructure/provisioners/ecs.py,class,A,3,0,166,241,IamUserResource
src/prefect/infrastructure/provisioners/ecs.py,method,A,3,4,188,204,requires_provisioning
src/prefect/infrastructure/provisioners/ecs.py,class,A,3,0,244,367,CredentialsBlockResource
src/prefect/infrastructure/provisioners/ecs.py,class,A,3,0,370,524,AuthenticationResource
src/prefect/infrastructure/provisioners/ecs.py,method,A,3,4,458,469,get_planned_actions
src/prefect/infrastructure/provisioners/ecs.py,method,A,3,4,520,524,next_steps
src/prefect/infrastructure/provisioners/ecs.py,class,A,3,0,528,606,ClusterResource
src/prefect/infrastructure/provisioners/ecs.py,class,A,3,0,609,844,VpcResource
src/prefect/infrastructure/provisioners/ecs.py,method,A,3,4,876,891,requires_provisioning
src/prefect/infrastructure/provisioners/ecs.py,class,A,3,0,997,1103,ExecutionRoleResource
src/prefect/infrastructure/provisioners/ecs.py,method,A,3,4,1024,1042,requires_provisioning
src/prefect/infrastructure/provisioners/ecs.py,method,A,2,4,73,80,get_task_count
src/prefect/infrastructure/provisioners/ecs.py,method,A,2,4,111,124,get_planned_actions
src/prefect/infrastructure/provisioners/ecs.py,method,A,2,4,179,186,get_task_count
src/prefect/infrastructure/provisioners/ecs.py,method,A,2,4,206,219,get_planned_actions
src/prefect/infrastructure/provisioners/ecs.py,method,A,2,4,221,237,provision
src/prefect/infrastructure/provisioners/ecs.py,method,A,2,4,250,257,get_task_count
src/prefect/infrastructure/provisioners/ecs.py,method,A,2,4,274,284,get_planned_actions
src/prefect/infrastructure/provisioners/ecs.py,method,A,2,4,371,423,__init__
src/prefect/infrastructure/provisioners/ecs.py,method,A,2,4,438,445,get_task_count
src/prefect/infrastructure/provisioners/ecs.py,method,A,2,4,447,455,requires_provisioning
src/prefect/infrastructure/provisioners/ecs.py,method,A,2,4,472,516,provision
src/prefect/infrastructure/provisioners/ecs.py,method,A,2,4,534,541,get_task_count
src/prefect/infrastructure/provisioners/ecs.py,method,A,2,4,562,575,get_planned_actions
src/prefect/infrastructure/provisioners/ecs.py,method,A,2,4,577,601,provision
src/prefect/infrastructure/provisioners/ecs.py,method,A,2,4,621,628,get_task_count
src/prefect/infrastructure/provisioners/ecs.py,method,A,2,4,651,653,_get_existing_vpc_cidrs
src/prefect/infrastructure/provisioners/ecs.py,method,A,2,4,705,719,get_planned_actions
src/prefect/infrastructure/provisioners/ecs.py,class,A,2,0,847,994,ContainerRepositoryResource
src/prefect/infrastructure/provisioners/ecs.py,method,A,2,4,855,862,get_task_count
src/prefect/infrastructure/provisioners/ecs.py,method,A,2,4,864,874,_get_prefect_created_registry
src/prefect/infrastructure/provisioners/ecs.py,method,A,2,4,893,906,get_planned_actions
src/prefect/infrastructure/provisioners/ecs.py,method,A,2,4,908,947,provision
src/prefect/infrastructure/provisioners/ecs.py,method,A,2,4,1015,1022,get_task_count
src/prefect/infrastructure/provisioners/ecs.py,method,A,2,4,1044,1057,get_planned_actions
src/prefect/infrastructure/provisioners/ecs.py,method,A,2,4,1059,1099,provision
src/prefect/infrastructure/provisioners/ecs.py,method,A,2,4,1130,1138,is_boto3_installed
src/prefect/infrastructure/provisioners/ecs.py,function,A,1,0,48,53,console_context
src/prefect/infrastructure/provisioners/ecs.py,method,A,1,4,64,71,__init__
src/prefect/infrastructure/provisioners/ecs.py,method,A,1,4,162,163,next_steps
src/prefect/infrastructure/provisioners/ecs.py,method,A,1,4,174,177,__init__
src/prefect/infrastructure/provisioners/ecs.py,method,A,1,4,240,241,next_steps
src/prefect/infrastructure/provisioners/ecs.py,method,A,1,4,245,248,__init__
src/prefect/infrastructure/provisioners/ecs.py,method,A,1,4,366,367,next_steps
src/prefect/infrastructure/provisioners/ecs.py,method,A,1,4,426,435,resources
src/prefect/infrastructure/provisioners/ecs.py,method,A,1,4,529,532,__init__
src/prefect/infrastructure/provisioners/ecs.py,method,A,1,4,605,606,next_steps
src/prefect/infrastructure/provisioners/ecs.py,method,A,1,4,610,619,__init__
src/prefect/infrastructure/provisioners/ecs.py,method,A,1,4,642,649,_get_prefect_created_vpc
src/prefect/infrastructure/provisioners/ecs.py,method,A,1,4,843,844,next_steps
src/prefect/infrastructure/provisioners/ecs.py,method,A,1,4,848,853,__init__
src/prefect/infrastructure/provisioners/ecs.py,method,A,1,4,949,987,_update_next_steps
src/prefect/infrastructure/provisioners/ecs.py,method,A,1,4,993,994,next_steps
src/prefect/infrastructure/provisioners/ecs.py,method,A,1,4,998,1013,__init__
src/prefect/infrastructure/provisioners/ecs.py,method,A,1,4,1102,1103,next_steps
src/prefect/infrastructure/provisioners/ecs.py,method,A,1,4,1111,1112,__init__
src/prefect/infrastructure/provisioners/ecs.py,method,A,1,4,1115,1116,console
src/prefect/infrastructure/provisioners/ecs.py,method,A,1,4,1119,1120,console
src/prefect/infrastructure/provisioners/ecs.py,method,A,1,4,1122,1127,_prompt_boto3_installation
src/prefect/infrastructure/provisioners/ecs.py,method,A,1,4,1140,1165,_generate_resources
src/prefect/client/cloud.py,function,B,6,0,29,53,get_cloud_client
src/prefect/client/cloud.py,method,B,6,4,67,89,__init__
src/prefect/client/cloud.py,method,A,5,4,180,198,request
src/prefect/client/cloud.py,method,A,3,4,121,127,read_current_workspace
src/prefect/client/cloud.py,class,A,2,0,63,198,CloudClient
src/prefect/client/cloud.py,method,A,2,4,92,96,account_base_url
src/prefect/client/cloud.py,method,A,2,4,99,103,workspace_base_url
src/prefect/client/cloud.py,method,A,2,4,174,174,__exit__
src/prefect/client/cloud.py,class,A,1,0,57,58,CloudUnauthorizedError
src/prefect/client/cloud.py,method,A,1,4,105,113,api_healthcheck
src/prefect/client/cloud.py,method,A,1,4,115,119,read_workspaces
src/prefect/client/cloud.py,method,A,1,4,129,133,read_worker_metadata
src/prefect/client/cloud.py,method,A,1,4,135,137,read_account_settings
src/prefect/client/cloud.py,method,A,1,4,139,143,update_account_settings
src/prefect/client/cloud.py,method,A,1,4,146,148,read_account_ip_allowlist
src/prefect/client/cloud.py,method,A,1,4,150,154,update_account_ip_allowlist
src/prefect/client/cloud.py,method,A,1,4,157,159,check_ip_allowlist_access
src/prefect/client/cloud.py,method,A,1,4,161,163,__aenter__
src/prefect/client/cloud.py,method,A,1,4,165,166,__aexit__
src/prefect/client/cloud.py,method,A,1,4,168,170,__enter__
src/prefect/client/cloud.py,method,A,1,4,177,178,get
src/prefect/client/subscriptions.py,method,C,13,4,72,117,_ensure_connected
src/prefect/client/subscriptions.py,class,A,5,0,23,120,Subscription
src/prefect/client/subscriptions.py,method,A,4,4,54,70,__anext__
src/prefect/client/subscriptions.py,method,A,2,4,24,43,__init__
src/prefect/client/subscriptions.py,method,A,2,4,49,52,websocket
src/prefect/client/subscriptions.py,method,A,1,4,45,46,__aiter__
src/prefect/client/subscriptions.py,method,A,1,4,119,120,__repr__
src/prefect/client/collections.py,function,A,2,0,17,31,get_collections_metadata_client
src/prefect/client/collections.py,class,A,2,0,9,14,CollectionsMetadataClient
src/prefect/client/collections.py,method,A,1,4,10,10,read_worker_metadata
src/prefect/client/collections.py,method,A,1,4,12,12,__aenter__
src/prefect/client/collections.py,method,A,1,4,14,14,__aexit__
src/prefect/client/utilities.py,function,A,5,0,31,60,get_or_create_client
src/prefect/client/utilities.py,function,A,1,0,21,28,_current_async_client
src/prefect/client/utilities.py,function,A,1,0,63,71,client_injector
src/prefect/client/utilities.py,function,A,1,0,74,101,inject_client
src/prefect/client/base.py,method,D,21,4,209,308,_send_with_retry
src/prefect/client/base.py,method,D,21,4,428,527,_send_with_retry
src/prefect/client/base.py,class,B,9,0,178,394,PrefectHttpxAsyncClient
src/prefect/client/base.py,method,B,9,4,358,394,_add_csrf_headers
src/prefect/client/base.py,class,B,9,0,397,613,PrefectHttpxSyncClient
src/prefect/client/base.py,method,B,9,4,577,613,_add_csrf_headers
src/prefect/client/base.py,function,A,4,0,62,142,app_lifespan_context
src/prefect/client/base.py,function,A,4,0,623,643,determine_server_type
src/prefect/client/base.py,class,A,3,0,145,175,PrefectResponse
src/prefect/client/base.py,class,A,2,0,57,58,ASGIApp
src/prefect/client/base.py,method,A,2,4,152,162,raise_for_status
src/prefect/client/base.py,method,A,2,4,310,356,send
src/prefect/client/base.py,method,A,2,4,529,575,send
src/prefect/client/base.py,method,A,1,4,58,58,__call__
src/prefect/client/base.py,method,A,1,4,165,175,from_httpx_response
src/prefect/client/base.py,method,A,1,4,189,207,__init__
src/prefect/client/base.py,method,A,1,4,408,426,__init__
src/prefect/client/base.py,class,A,1,0,616,620,ServerType
src/prefect/client/schemas/responses.py,class,A,3,0,150,303,FlowRunResponse
src/prefect/client/schemas/responses.py,method,A,2,4,291,303,__eq__
src/prefect/client/schemas/responses.py,class,A,1,0,18,24,SetStateStatus
src/prefect/client/schemas/responses.py,class,A,1,0,27,33,StateAcceptDetails
src/prefect/client/schemas/responses.py,class,A,1,0,39,50,StateRejectDetails
src/prefect/client/schemas/responses.py,class,A,1,0,54,65,StateAbortDetails
src/prefect/client/schemas/responses.py,class,A,1,0,69,87,StateWaitDetails
src/prefect/client/schemas/responses.py,class,A,1,0,91,107,HistoryResponseState
src/prefect/client/schemas/responses.py,class,A,1,0,113,123,HistoryResponse
src/prefect/client/schemas/responses.py,class,A,1,0,132,139,OrchestrationResult
src/prefect/client/schemas/responses.py,class,A,1,0,142,147,WorkerFlowRunResponse
src/prefect/client/schemas/responses.py,class,A,1,0,306,420,DeploymentResponse
src/prefect/client/schemas/responses.py,class,A,1,0,424,429,MinimalConcurrencyLimitResponse
src/prefect/client/schemas/responses.py,class,A,1,0,432,447,GlobalConcurrencyLimitResponse
src/prefect/client/schemas/sorting.py,class,A,1,0,4,15,FlowRunSort
src/prefect/client/schemas/sorting.py,class,A,1,0,18,27,TaskRunSort
src/prefect/client/schemas/sorting.py,class,A,1,0,30,36,AutomationSort
src/prefect/client/schemas/sorting.py,class,A,1,0,39,43,LogSort
src/prefect/client/schemas/sorting.py,class,A,1,0,46,52,FlowSort
src/prefect/client/schemas/sorting.py,class,A,1,0,55,63,DeploymentSort
src/prefect/client/schemas/sorting.py,class,A,1,0,66,73,ArtifactSort
src/prefect/client/schemas/sorting.py,class,A,1,0,76,83,ArtifactCollectionSort
src/prefect/client/schemas/sorting.py,class,A,1,0,86,92,VariableSort
src/prefect/client/schemas/sorting.py,class,A,1,0,95,100,BlockDocumentSort
src/prefect/client/schemas/actions.py,method,B,8,4,334,352,check_valid_configuration
src/prefect/client/schemas/actions.py,method,B,7,4,261,278,check_valid_configuration
src/prefect/client/schemas/actions.py,class,B,6,0,281,352,DeploymentUpdate
src/prefect/client/schemas/actions.py,method,A,4,4,131,166,from_schedule
src/prefect/client/schemas/actions.py,class,A,4,0,199,278,DeploymentCreate
src/prefect/client/schemas/actions.py,class,A,3,0,93,166,DeploymentScheduleCreate
src/prefect/client/schemas/actions.py,class,A,3,0,644,663,LogCreate
src/prefect/client/schemas/actions.py,method,A,2,4,115,120,validate_active
src/prefect/client/schemas/actions.py,class,A,2,0,170,195,DeploymentScheduleUpdate
src/prefect/client/schemas/actions.py,class,A,2,0,552,562,BlockTypeUpdate
src/prefect/client/schemas/actions.py,class,A,2,0,582,611,BlockDocumentCreate
src/prefect/client/schemas/actions.py,method,A,2,4,655,663,model_dump
src/prefect/client/schemas/actions.py,class,A,2,0,750,782,FlowRunNotificationPolicyCreate
src/prefect/client/schemas/actions.py,class,A,1,0,56,64,StateCreate
src/prefect/client/schemas/actions.py,class,A,1,0,68,80,FlowCreate
src/prefect/client/schemas/actions.py,class,A,1,0,83,89,FlowUpdate
src/prefect/client/schemas/actions.py,method,A,1,4,125,127,validate_max_scheduled_runs
src/prefect/client/schemas/actions.py,method,A,1,4,193,195,validate_max_scheduled_runs
src/prefect/client/schemas/actions.py,method,A,1,4,204,205,remove_old_fields
src/prefect/client/schemas/actions.py,method,A,1,4,209,212,convert_to_strings
src/prefect/client/schemas/actions.py,method,A,1,4,286,287,remove_old_fields
src/prefect/client/schemas/actions.py,class,A,1,0,355,366,FlowRunUpdate
src/prefect/client/schemas/actions.py,class,A,1,0,369,410,TaskRunCreate
src/prefect/client/schemas/actions.py,class,A,1,0,413,416,TaskRunUpdate
src/prefect/client/schemas/actions.py,class,A,1,0,419,445,FlowRunCreate
src/prefect/client/schemas/actions.py,class,A,1,0,448,476,DeploymentFlowRunCreate
src/prefect/client/schemas/actions.py,class,A,1,0,479,484,SavedSearchCreate
src/prefect/client/schemas/actions.py,class,A,1,0,488,494,ConcurrencyLimitCreate
src/prefect/client/schemas/actions.py,class,A,1,0,497,513,ConcurrencyLimitV2Create
src/prefect/client/schemas/actions.py,class,A,1,0,517,525,ConcurrencyLimitV2Update
src/prefect/client/schemas/actions.py,class,A,1,0,528,549,BlockTypeCreate
src/prefect/client/schemas/actions.py,method,A,1,4,561,562,updatable_fields
src/prefect/client/schemas/actions.py,class,A,1,0,565,578,BlockSchemaCreate
src/prefect/client/schemas/actions.py,method,A,1,4,608,611,validate_name_is_present_if_not_anonymous
src/prefect/client/schemas/actions.py,class,A,1,0,614,625,BlockDocumentUpdate
src/prefect/client/schemas/actions.py,class,A,1,0,629,640,BlockDocumentReferenceCreate
src/prefect/client/schemas/actions.py,class,A,1,0,666,685,WorkPoolCreate
src/prefect/client/schemas/actions.py,class,A,1,0,689,695,WorkPoolUpdate
src/prefect/client/schemas/actions.py,class,A,1,0,698,723,WorkQueueCreate
src/prefect/client/schemas/actions.py,class,A,1,0,727,746,WorkQueueUpdate
src/prefect/client/schemas/actions.py,method,A,1,4,781,782,validate_message_template_variables
src/prefect/client/schemas/actions.py,class,A,1,0,785,792,FlowRunNotificationPolicyUpdate
src/prefect/client/schemas/actions.py,class,A,1,0,795,806,ArtifactCreate
src/prefect/client/schemas/actions.py,class,A,1,0,809,814,ArtifactUpdate
src/prefect/client/schemas/actions.py,class,A,1,0,817,834,VariableCreate
src/prefect/client/schemas/actions.py,class,A,1,0,837,854,VariableUpdate
src/prefect/client/schemas/actions.py,class,A,1,0,857,878,GlobalConcurrencyLimitCreate
src/prefect/client/schemas/actions.py,class,A,1,0,884,891,GlobalConcurrencyLimitUpdate
src/prefect/client/schemas/__init__.py,function,A,5,0,80,91,__getattr__
src/prefect/client/schemas/objects.py,class,B,7,0,1332,1376,WorkQueueHealthPolicy
src/prefect/client/schemas/objects.py,method,B,6,4,1348,1376,evaluate_health_status
src/prefect/client/schemas/objects.py,method,A,5,4,424,441,__str__
src/prefect/client/schemas/objects.py,method,A,5,4,686,702,populate_deprecated_fields
src/prefect/client/schemas/objects.py,method,A,4,4,328,335,default_name_from_type
src/prefect/client/schemas/objects.py,function,A,3,0,190,193,data_discriminator
src/prefect/client/schemas/objects.py,method,A,3,4,338,342,default_scheduled_start_time
src/prefect/client/schemas/objects.py,method,A,3,4,345,348,set_unpersisted_results_to_none
src/prefect/client/schemas/objects.py,class,A,3,0,454,492,FlowRunPolicy
src/prefect/client/schemas/objects.py,class,A,3,0,495,654,FlowRun
src/prefect/client/schemas/objects.py,class,A,3,0,657,714,TaskRunPolicy
src/prefect/client/schemas/objects.py,class,A,3,0,984,1034,BlockDocument
src/prefect/client/schemas/objects.py,class,A,3,0,1207,1231,BlockDocumentReference
src/prefect/client/schemas/objects.py,class,A,2,0,110,119,WorkPoolStatus
src/prefect/client/schemas/objects.py,class,A,2,0,196,449,State
src/prefect/client/schemas/objects.py,method,A,2,4,380,391,model_copy
src/prefect/client/schemas/objects.py,method,A,2,4,407,422,__repr__
src/prefect/client/schemas/objects.py,method,A,2,4,489,492,populate_deprecated_fields
src/prefect/client/schemas/objects.py,method,A,2,4,637,649,__eq__
src/prefect/client/schemas/objects.py,class,A,2,0,717,727,TaskRunInput
src/prefect/client/schemas/objects.py,class,A,2,0,751,860,TaskRun
src/prefect/client/schemas/objects.py,class,A,2,0,863,907,Workspace
src/prefect/client/schemas/objects.py,method,A,2,4,1026,1034,serialize_data
src/prefect/client/schemas/objects.py,method,A,2,4,1228,1231,validate_parent_and_ref_are_different
src/prefect/client/schemas/objects.py,class,A,2,0,1395,1427,FlowRunNotificationPolicy
src/prefect/client/schemas/objects.py,class,A,2,0,1448,1491,WorkPool
src/prefect/client/schemas/objects.py,class,A,2,0,1520,1561,Artifact
src/prefect/client/schemas/objects.py,class,A,2,0,1620,1640,FlowRunInput
src/prefect/client/schemas/objects.py,class,A,1,0,88,99,StateType
src/prefect/client/schemas/objects.py,method,A,1,4,118,119,display_name
src/prefect/client/schemas/objects.py,class,A,1,0,122,126,WorkerStatus
src/prefect/client/schemas/objects.py,class,A,1,0,129,133,DeploymentStatus
src/prefect/client/schemas/objects.py,class,A,1,0,136,141,WorkQueueStatus
src/prefect/client/schemas/objects.py,class,A,1,0,144,148,ConcurrencyLimitStrategy
src/prefect/client/schemas/objects.py,class,A,1,0,151,156,ConcurrencyOptions
src/prefect/client/schemas/objects.py,class,A,1,0,159,165,ConcurrencyLimitConfig
src/prefect/client/schemas/objects.py,class,A,1,0,168,187,StateDetails
src/prefect/client/schemas/objects.py,method,A,1,4,215,220,result
src/prefect/client/schemas/objects.py,method,A,1,4,223,228,result
src/prefect/client/schemas/objects.py,method,A,1,4,231,236,result
src/prefect/client/schemas/objects.py,method,A,1,4,245,324,result
src/prefect/client/schemas/objects.py,method,A,1,4,350,351,is_scheduled
src/prefect/client/schemas/objects.py,method,A,1,4,353,354,is_pending
src/prefect/client/schemas/objects.py,method,A,1,4,356,357,is_running
src/prefect/client/schemas/objects.py,method,A,1,4,359,360,is_completed
src/prefect/client/schemas/objects.py,method,A,1,4,362,363,is_failed
src/prefect/client/schemas/objects.py,method,A,1,4,365,366,is_crashed
src/prefect/client/schemas/objects.py,method,A,1,4,368,369,is_cancelled
src/prefect/client/schemas/objects.py,method,A,1,4,371,372,is_cancelling
src/prefect/client/schemas/objects.py,method,A,1,4,374,375,is_final
src/prefect/client/schemas/objects.py,method,A,1,4,377,378,is_paused
src/prefect/client/schemas/objects.py,method,A,1,4,393,404,fresh_copy
src/prefect/client/schemas/objects.py,method,A,1,4,443,449,__hash__
src/prefect/client/schemas/objects.py,method,A,1,4,653,654,set_default_name
src/prefect/client/schemas/objects.py,method,A,1,4,706,709,validate_configured_retry_delays
src/prefect/client/schemas/objects.py,method,A,1,4,713,714,validate_jitter_factor
src/prefect/client/schemas/objects.py,class,A,1,0,730,734,TaskRunResult
src/prefect/client/schemas/objects.py,class,A,1,0,737,741,Parameter
src/prefect/client/schemas/objects.py,class,A,1,0,744,748,Constant
src/prefect/client/schemas/objects.py,method,A,1,4,859,860,set_default_name
src/prefect/client/schemas/objects.py,method,A,1,4,880,884,handle
src/prefect/client/schemas/objects.py,method,A,1,4,886,893,api_url
src/prefect/client/schemas/objects.py,method,A,1,4,896,903,ui_url
src/prefect/client/schemas/objects.py,method,A,1,4,906,907,__hash__
src/prefect/client/schemas/objects.py,class,A,1,0,910,918,IPAllowlistEntry
src/prefect/client/schemas/objects.py,class,A,1,0,922,929,IPAllowlist
src/prefect/client/schemas/objects.py,class,A,1,0,932,936,IPAllowlistMyAccessResponse
src/prefect/client/schemas/objects.py,class,A,1,0,939,959,BlockType
src/prefect/client/schemas/objects.py,class,A,1,0,963,980,BlockSchema
src/prefect/client/schemas/objects.py,method,A,1,4,1020,1023,validate_name_is_present_if_not_anonymous
src/prefect/client/schemas/objects.py,class,A,1,0,1037,1048,Flow
src/prefect/client/schemas/objects.py,class,A,1,0,1051,1072,DeploymentSchedule
src/prefect/client/schemas/objects.py,class,A,1,0,1076,1169,Deployment
src/prefect/client/schemas/objects.py,class,A,1,0,1174,1183,ConcurrencyLimit
src/prefect/client/schemas/objects.py,class,A,1,0,1187,1203,BlockSchemaReference
src/prefect/client/schemas/objects.py,class,A,1,0,1234,1238,Configuration
src/prefect/client/schemas/objects.py,class,A,1,0,1241,1254,SavedSearchFilter
src/prefect/client/schemas/objects.py,class,A,1,0,1258,1263,SavedSearch
src/prefect/client/schemas/objects.py,class,A,1,0,1267,1278,Log
src/prefect/client/schemas/objects.py,class,A,1,0,1282,1291,QueueFilter
src/prefect/client/schemas/objects.py,class,A,1,0,1295,1328,WorkQueue
src/prefect/client/schemas/objects.py,class,A,1,0,1379,1390,WorkQueueStatusDetail
src/prefect/client/schemas/objects.py,method,A,1,4,1426,1427,validate_message_template_variables
src/prefect/client/schemas/objects.py,class,A,1,0,1430,1444,Agent
src/prefect/client/schemas/objects.py,method,A,1,4,1481,1482,is_push_pool
src/prefect/client/schemas/objects.py,method,A,1,4,1485,1486,is_managed_pool
src/prefect/client/schemas/objects.py,method,A,1,4,1490,1491,helpful_error_for_missing_default_queue_id
src/prefect/client/schemas/objects.py,class,A,1,0,1494,1512,Worker
src/prefect/client/schemas/objects.py,method,A,1,4,1558,1561,validate_metadata_length
src/prefect/client/schemas/objects.py,class,A,1,0,1564,1597,ArtifactCollection
src/prefect/client/schemas/objects.py,class,A,1,0,1601,1616,Variable
src/prefect/client/schemas/objects.py,method,A,1,4,1627,1634,decoded_value
src/prefect/client/schemas/objects.py,method,A,1,4,1638,1640,validate_name_characters
src/prefect/client/schemas/objects.py,class,A,1,0,1643,1664,GlobalConcurrencyLimit
src/prefect/client/schemas/objects.py,class,A,1,0,1670,1679,CsrfToken
src/prefect/client/schemas/objects.py,class,A,1,0,1686,1690,Integration
src/prefect/client/schemas/objects.py,class,A,1,0,1693,1704,WorkerMetadata
src/prefect/client/schemas/filters.py,class,A,1,0,16,20,Operator
src/prefect/client/schemas/filters.py,class,A,1,0,23,28,OperatorMixin
src/prefect/client/schemas/filters.py,class,A,1,0,32,36,FlowFilterId
src/prefect/client/schemas/filters.py,class,A,1,0,40,56,FlowFilterName
src/prefect/client/schemas/filters.py,class,A,1,0,60,72,FlowFilterTags
src/prefect/client/schemas/filters.py,class,A,1,0,76,86,FlowFilter
src/prefect/client/schemas/filters.py,class,A,1,0,90,97,FlowRunFilterId
src/prefect/client/schemas/filters.py,class,A,1,0,101,117,FlowRunFilterName
src/prefect/client/schemas/filters.py,class,A,1,0,121,138,FlowRunFilterTags
src/prefect/client/schemas/filters.py,class,A,1,0,142,150,FlowRunFilterDeploymentId
src/prefect/client/schemas/filters.py,class,A,1,0,154,164,FlowRunFilterWorkQueueName
src/prefect/client/schemas/filters.py,class,A,1,0,168,175,FlowRunFilterStateType
src/prefect/client/schemas/filters.py,class,A,1,0,179,184,FlowRunFilterStateName
src/prefect/client/schemas/filters.py,class,A,1,0,188,193,FlowRunFilterState
src/prefect/client/schemas/filters.py,class,A,1,0,197,201,FlowRunFilterFlowVersion
src/prefect/client/schemas/filters.py,class,A,1,0,205,217,FlowRunFilterStartTime
src/prefect/client/schemas/filters.py,class,A,1,0,221,230,FlowRunFilterExpectedStartTime
src/prefect/client/schemas/filters.py,class,A,1,0,234,247,FlowRunFilterNextScheduledStartTime
src/prefect/client/schemas/filters.py,class,A,1,0,253,257,FlowRunFilterParentFlowRunId
src/prefect/client/schemas/filters.py,class,A,1,0,261,269,FlowRunFilterParentTaskRunId
src/prefect/client/schemas/filters.py,class,A,1,0,273,280,FlowRunFilterIdempotencyKey
src/prefect/client/schemas/filters.py,class,A,1,0,284,325,FlowRunFilter
src/prefect/client/schemas/filters.py,class,A,1,0,329,338,TaskRunFilterFlowRunId
src/prefect/client/schemas/filters.py,class,A,1,0,342,346,TaskRunFilterId
src/prefect/client/schemas/filters.py,class,A,1,0,350,366,TaskRunFilterName
src/prefect/client/schemas/filters.py,class,A,1,0,370,382,TaskRunFilterTags
src/prefect/client/schemas/filters.py,class,A,1,0,386,390,TaskRunFilterStateType
src/prefect/client/schemas/filters.py,class,A,1,0,394,396,TaskRunFilterStateName
src/prefect/client/schemas/filters.py,class,A,1,0,400,402,TaskRunFilterState
src/prefect/client/schemas/filters.py,class,A,1,0,405,411,TaskRunFilterSubFlowRuns
src/prefect/client/schemas/filters.py,class,A,1,0,417,429,TaskRunFilterStartTime
src/prefect/client/schemas/filters.py,class,A,1,0,433,455,TaskRunFilter
src/prefect/client/schemas/filters.py,class,A,1,0,459,463,DeploymentFilterId
src/prefect/client/schemas/filters.py,class,A,1,0,467,483,DeploymentFilterName
src/prefect/client/schemas/filters.py,class,A,1,0,487,493,DeploymentFilterWorkQueueName
src/prefect/client/schemas/filters.py,class,A,1,0,497,514,DeploymentFilterTags
src/prefect/client/schemas/filters.py,class,A,1,0,518,531,DeploymentFilterConcurrencyLimit
src/prefect/client/schemas/filters.py,class,A,1,0,535,553,DeploymentFilter
src/prefect/client/schemas/filters.py,class,A,1,0,557,563,LogFilterName
src/prefect/client/schemas/filters.py,class,A,1,0,567,579,LogFilterLevel
src/prefect/client/schemas/filters.py,class,A,1,0,583,592,LogFilterTimestamp
src/prefect/client/schemas/filters.py,class,A,1,0,596,600,LogFilterFlowRunId
src/prefect/client/schemas/filters.py,class,A,1,0,604,608,LogFilterTaskRunId
src/prefect/client/schemas/filters.py,class,A,1,0,612,625,LogFilter
src/prefect/client/schemas/filters.py,class,A,1,0,629,643,FilterSet
src/prefect/client/schemas/filters.py,class,A,1,0,647,657,BlockTypeFilterName
src/prefect/client/schemas/filters.py,class,A,1,0,661,665,BlockTypeFilterSlug
src/prefect/client/schemas/filters.py,class,A,1,0,669,677,BlockTypeFilter
src/prefect/client/schemas/filters.py,class,A,1,0,681,685,BlockSchemaFilterBlockTypeId
src/prefect/client/schemas/filters.py,class,A,1,0,689,693,BlockSchemaFilterId
src/prefect/client/schemas/filters.py,class,A,1,0,697,704,BlockSchemaFilterCapabilities
src/prefect/client/schemas/filters.py,class,A,1,0,710,716,BlockSchemaFilterVersion
src/prefect/client/schemas/filters.py,class,A,1,0,720,733,BlockSchemaFilter
src/prefect/client/schemas/filters.py,class,A,1,0,737,743,BlockDocumentFilterIsAnonymous
src/prefect/client/schemas/filters.py,class,A,1,0,748,752,BlockDocumentFilterBlockTypeId
src/prefect/client/schemas/filters.py,class,A,1,0,756,760,BlockDocumentFilterId
src/prefect/client/schemas/filters.py,class,A,1,0,764,776,BlockDocumentFilterName
src/prefect/client/schemas/filters.py,class,A,1,0,780,798,BlockDocumentFilter
src/prefect/client/schemas/filters.py,class,A,1,0,802,808,FlowRunNotificationPolicyFilterIsActive
src/prefect/client/schemas/filters.py,class,A,1,0,813,818,FlowRunNotificationPolicyFilter
src/prefect/client/schemas/filters.py,class,A,1,0,822,827,WorkQueueFilterId
src/prefect/client/schemas/filters.py,class,A,1,0,831,847,WorkQueueFilterName
src/prefect/client/schemas/filters.py,class,A,1,0,851,860,WorkQueueFilter
src/prefect/client/schemas/filters.py,class,A,1,0,864,868,WorkPoolFilterId
src/prefect/client/schemas/filters.py,class,A,1,0,872,876,WorkPoolFilterName
src/prefect/client/schemas/filters.py,class,A,1,0,880,884,WorkPoolFilterType
src/prefect/client/schemas/filters.py,class,A,1,0,888,896,WorkPoolFilter
src/prefect/client/schemas/filters.py,class,A,1,0,900,904,WorkerFilterWorkPoolId
src/prefect/client/schemas/filters.py,class,A,1,0,908,920,WorkerFilterLastHeartbeatTime
src/prefect/client/schemas/filters.py,class,A,1,0,925,932,WorkerFilterStatus
src/prefect/client/schemas/filters.py,class,A,1,0,936,946,WorkerFilter
src/prefect/client/schemas/filters.py,class,A,1,0,950,954,ArtifactFilterId
src/prefect/client/schemas/filters.py,class,A,1,0,958,977,ArtifactFilterKey
src/prefect/client/schemas/filters.py,class,A,1,0,983,987,ArtifactFilterFlowRunId
src/prefect/client/schemas/filters.py,class,A,1,0,991,995,ArtifactFilterTaskRunId
src/prefect/client/schemas/filters.py,class,A,1,0,999,1006,ArtifactFilterType
src/prefect/client/schemas/filters.py,class,A,1,0,1010,1026,ArtifactFilter
src/prefect/client/schemas/filters.py,class,A,1,0,1030,1034,ArtifactCollectionFilterLatestId
src/prefect/client/schemas/filters.py,class,A,1,0,1038,1057,ArtifactCollectionFilterKey
src/prefect/client/schemas/filters.py,class,A,1,0,1064,1068,ArtifactCollectionFilterFlowRunId
src/prefect/client/schemas/filters.py,class,A,1,0,1072,1076,ArtifactCollectionFilterTaskRunId
src/prefect/client/schemas/filters.py,class,A,1,0,1080,1087,ArtifactCollectionFilterType
src/prefect/client/schemas/filters.py,class,A,1,0,1091,1107,ArtifactCollectionFilter
src/prefect/client/schemas/filters.py,class,A,1,0,1111,1115,VariableFilterId
src/prefect/client/schemas/filters.py,class,A,1,0,1119,1131,VariableFilterName
src/prefect/client/schemas/filters.py,class,A,1,0,1135,1147,VariableFilterTags
src/prefect/client/schemas/filters.py,class,A,1,0,1151,1161,VariableFilter
src/prefect/client/schemas/schedules.py,method,D,24,4,200,247,from_rrule
src/prefect/client/schemas/schedules.py,function,C,16,0,336,385,construct_schedule
src/prefect/client/schemas/schedules.py,method,C,12,4,249,304,to_rrule
src/prefect/client/schemas/schedules.py,class,C,11,0,167,320,RRuleSchedule
src/prefect/client/schemas/schedules.py,class,A,3,0,45,96,IntervalSchedule
src/prefect/client/schemas/schedules.py,method,A,3,4,307,320,valid_timezone
src/prefect/client/schemas/schedules.py,function,A,2,0,28,42,is_valid_timezone
src/prefect/client/schemas/schedules.py,class,A,2,0,99,143,CronSchedule
src/prefect/client/schemas/schedules.py,function,A,1,0,149,152,_rrule_dt
src/prefect/client/schemas/schedules.py,function,A,1,0,155,158,_rrule
src/prefect/client/schemas/schedules.py,function,A,1,0,161,164,_rdates
src/prefect/client/schemas/schedules.py,function,A,1,0,332,333,is_schedule_type
src/prefect/client/schemas/schedules.py,method,A,1,4,84,86,validate_timezone
src/prefect/client/schemas/schedules.py,method,A,1,8,90,96,__init__
src/prefect/client/schemas/schedules.py,method,A,1,4,137,138,valid_timezone
src/prefect/client/schemas/schedules.py,method,A,1,4,142,143,valid_cron_string
src/prefect/client/schemas/schedules.py,method,A,1,4,196,197,validate_rrule_str
src/prefect/client/schemas/schedules.py,class,A,1,0,323,324,NoSchedule
src/prefect/client/orchestration/__init__.py,method,C,18,4,299,455,__init__
src/prefect/client/orchestration/__init__.py,method,C,18,4,1307,1442,__init__
src/prefect/client/orchestration/__init__.py,function,C,16,0,177,254,get_client
src/prefect/client/orchestration/__init__.py,method,B,9,4,485,537,create_work_queue
src/prefect/client/orchestration/__init__.py,method,B,8,4,759,830,create_task_run
src/prefect/client/orchestration/__init__.py,method,B,8,4,1027,1073,update_flow_run_notification_policy
src/prefect/client/orchestration/__init__.py,method,B,8,4,1555,1627,create_task_run
src/prefect/client/orchestration/__init__.py,method,B,7,4,1168,1196,raise_for_api_version_mismatch
src/prefect/client/orchestration/__init__.py,method,B,7,4,1518,1546,raise_for_api_version_mismatch
src/prefect/client/orchestration/__init__.py,method,B,6,4,1198,1243,__aenter__
src/prefect/client/orchestration/__init__.py,method,A,5,4,851,897,read_task_runs
src/prefect/client/orchestration/__init__.py,method,A,5,4,1110,1153,read_work_queues
src/prefect/client/orchestration/__init__.py,method,A,5,4,1648,1694,read_task_runs
src/prefect/client/orchestration/__init__.py,class,A,4,0,258,1262,PrefectClient
src/prefect/client/orchestration/__init__.py,method,A,4,4,539,572,read_work_queue_by_name
src/prefect/client/orchestration/__init__.py,method,A,4,4,574,598,update_work_queue
src/prefect/client/orchestration/__init__.py,method,A,4,4,600,638,get_runs_in_work_queue
src/prefect/client/orchestration/__init__.py,method,A,4,4,965,1004,create_flow_run_notification_policy
src/prefect/client/orchestration/__init__.py,class,A,4,0,1266,1739,SyncPrefectClient
src/prefect/client/orchestration/__init__.py,method,A,3,4,640,664,read_work_queue
src/prefect/client/orchestration/__init__.py,method,A,3,4,666,690,read_work_queue_status
src/prefect/client/orchestration/__init__.py,method,A,3,4,692,726,match_work_queues
src/prefect/client/orchestration/__init__.py,method,A,3,4,728,750,delete_work_queue_by_id
src/prefect/client/orchestration/__init__.py,method,A,3,4,832,849,read_task_run
src/prefect/client/orchestration/__init__.py,method,A,3,4,899,915,delete_task_run
src/prefect/client/orchestration/__init__.py,method,A,3,4,1006,1025,delete_flow_run_notification_policy
src/prefect/client/orchestration/__init__.py,method,A,3,4,1453,1478,__enter__
src/prefect/client/orchestration/__init__.py,method,A,3,4,1629,1646,read_task_run
src/prefect/client/orchestration/__init__.py,method,A,2,4,466,477,api_healthcheck
src/prefect/client/orchestration/__init__.py,method,A,2,4,1075,1107,read_flow_run_notification_policies
src/prefect/client/orchestration/__init__.py,method,A,2,4,1245,1254,__aexit__
src/prefect/client/orchestration/__init__.py,method,A,2,4,1262,1262,__exit__
src/prefect/client/orchestration/__init__.py,method,A,2,4,1480,1488,__exit__
src/prefect/client/orchestration/__init__.py,method,A,2,4,1492,1503,api_healthcheck
src/prefect/client/orchestration/__init__.py,function,A,1,0,153,156,get_client
src/prefect/client/orchestration/__init__.py,function,A,1,0,160,160,get_client
src/prefect/client/orchestration/__init__.py,function,A,1,0,164,164,get_client
src/prefect/client/orchestration/__init__.py,function,A,1,0,168,170,get_client
src/prefect/client/orchestration/__init__.py,function,A,1,0,174,174,get_client
src/prefect/client/orchestration/__init__.py,method,A,1,4,458,462,api_url
src/prefect/client/orchestration/__init__.py,method,A,1,4,479,483,hello
src/prefect/client/orchestration/__init__.py,method,A,1,4,752,756,set_task_run_name
src/prefect/client/orchestration/__init__.py,method,A,1,4,917,944,set_task_run_state
src/prefect/client/orchestration/__init__.py,method,A,1,4,946,962,read_task_run_states
src/prefect/client/orchestration/__init__.py,method,A,1,4,1155,1159,read_worker_metadata
src/prefect/client/orchestration/__init__.py,method,A,1,4,1161,1163,api_version
src/prefect/client/orchestration/__init__.py,method,A,1,4,1165,1166,client_version
src/prefect/client/orchestration/__init__.py,method,A,1,4,1256,1258,__enter__
src/prefect/client/orchestration/__init__.py,method,A,1,4,1445,1449,api_url
src/prefect/client/orchestration/__init__.py,method,A,1,4,1505,1509,hello
src/prefect/client/orchestration/__init__.py,method,A,1,4,1511,1513,api_version
src/prefect/client/orchestration/__init__.py,method,A,1,4,1515,1516,client_version
src/prefect/client/orchestration/__init__.py,method,A,1,4,1548,1552,set_task_run_name
src/prefect/client/orchestration/__init__.py,method,A,1,4,1696,1723,set_task_run_state
src/prefect/client/orchestration/__init__.py,method,A,1,4,1725,1739,read_task_run_states
src/prefect/client/orchestration/base.py,class,A,3,0,16,33,BaseClient
src/prefect/client/orchestration/base.py,class,A,3,0,36,53,BaseAsyncClient
src/prefect/client/orchestration/base.py,method,A,2,4,22,33,request
src/prefect/client/orchestration/base.py,method,A,2,4,42,53,request
src/prefect/client/orchestration/base.py,method,A,1,4,19,20,__init__
src/prefect/client/orchestration/base.py,method,A,1,4,39,40,__init__
src/prefect/client/orchestration/_blocks_types/client.py,method,A,5,4,122,144,delete_block_type
src/prefect/client/orchestration/_blocks_types/client.py,method,A,5,4,302,324,delete_block_type
src/prefect/client/orchestration/_blocks_types/client.py,class,A,3,0,23,200,BlocksTypeClient
src/prefect/client/orchestration/_blocks_types/client.py,method,A,3,4,57,76,create_block_type
src/prefect/client/orchestration/_blocks_types/client.py,method,A,3,4,78,95,read_block_type_by_slug
src/prefect/client/orchestration/_blocks_types/client.py,method,A,3,4,97,120,update_block_type
src/prefect/client/orchestration/_blocks_types/client.py,method,A,3,4,160,200,read_block_document_by_name
src/prefect/client/orchestration/_blocks_types/client.py,class,A,3,0,203,380,BlocksTypeAsyncClient
src/prefect/client/orchestration/_blocks_types/client.py,method,A,3,4,237,256,create_block_type
src/prefect/client/orchestration/_blocks_types/client.py,method,A,3,4,258,275,read_block_type_by_slug
src/prefect/client/orchestration/_blocks_types/client.py,method,A,3,4,277,300,update_block_type
src/prefect/client/orchestration/_blocks_types/client.py,method,A,3,4,340,380,read_block_document_by_name
src/prefect/client/orchestration/_blocks_types/client.py,method,A,1,4,24,55,read_block_documents_by_type
src/prefect/client/orchestration/_blocks_types/client.py,method,A,1,4,146,158,read_block_types
src/prefect/client/orchestration/_blocks_types/client.py,method,A,1,4,204,235,read_block_documents_by_type
src/prefect/client/orchestration/_blocks_types/client.py,method,A,1,4,326,338,read_block_types
src/prefect/client/orchestration/_work_pools/client.py,method,B,7,4,34,80,send_worker_heartbeat
src/prefect/client/orchestration/_work_pools/client.py,method,B,7,4,318,364,send_worker_heartbeat
src/prefect/client/orchestration/_work_pools/client.py,method,A,5,4,173,223,create_work_pool
src/prefect/client/orchestration/_work_pools/client.py,method,A,5,4,272,314,get_scheduled_flow_runs_for_work_pool
src/prefect/client/orchestration/_work_pools/client.py,method,A,5,4,457,507,create_work_pool
src/prefect/client/orchestration/_work_pools/client.py,method,A,5,4,556,598,get_scheduled_flow_runs_for_work_pool
src/prefect/client/orchestration/_work_pools/client.py,class,A,4,0,33,314,WorkPoolClient
src/prefect/client/orchestration/_work_pools/client.py,class,A,4,0,317,598,WorkPoolAsyncClient
src/prefect/client/orchestration/_work_pools/client.py,method,A,3,4,118,142,read_work_pool
src/prefect/client/orchestration/_work_pools/client.py,method,A,3,4,225,248,update_work_pool
src/prefect/client/orchestration/_work_pools/client.py,method,A,3,4,250,270,delete_work_pool
src/prefect/client/orchestration/_work_pools/client.py,method,A,3,4,402,426,read_work_pool
src/prefect/client/orchestration/_work_pools/client.py,method,A,3,4,509,532,update_work_pool
src/prefect/client/orchestration/_work_pools/client.py,method,A,3,4,534,554,delete_work_pool
src/prefect/client/orchestration/_work_pools/client.py,method,A,2,4,82,116,read_workers_for_work_pool
src/prefect/client/orchestration/_work_pools/client.py,method,A,2,4,144,171,read_work_pools
src/prefect/client/orchestration/_work_pools/client.py,method,A,2,4,366,400,read_workers_for_work_pool
src/prefect/client/orchestration/_work_pools/client.py,method,A,2,4,428,455,read_work_pools
src/prefect/client/orchestration/_variables/client.py,class,A,3,0,20,88,VariableClient
src/prefect/client/orchestration/_variables/client.py,method,A,3,4,38,51,read_variable_by_name
src/prefect/client/orchestration/_variables/client.py,method,A,3,4,75,88,delete_variable_by_name
src/prefect/client/orchestration/_variables/client.py,class,A,3,0,91,157,VariableAsyncClient
src/prefect/client/orchestration/_variables/client.py,method,A,3,4,102,117,read_variable_by_name
src/prefect/client/orchestration/_variables/client.py,method,A,3,4,145,157,delete_variable_by_name
src/prefect/client/orchestration/_variables/client.py,method,A,1,4,21,36,create_variable
src/prefect/client/orchestration/_variables/client.py,method,A,1,4,53,58,read_variables
src/prefect/client/orchestration/_variables/client.py,method,A,1,4,60,73,update_variable
src/prefect/client/orchestration/_variables/client.py,method,A,1,4,92,100,create_variable
src/prefect/client/orchestration/_variables/client.py,method,A,1,4,119,126,read_variables
src/prefect/client/orchestration/_variables/client.py,method,A,1,4,128,143,update_variable
src/prefect/client/orchestration/_blocks_schemas/client.py,method,A,4,4,41,61,read_block_schema_by_checksum
src/prefect/client/orchestration/_blocks_schemas/client.py,method,A,4,4,135,155,read_block_schema_by_checksum
src/prefect/client/orchestration/_blocks_schemas/client.py,class,A,3,0,17,106,BlocksSchemaClient
src/prefect/client/orchestration/_blocks_schemas/client.py,method,A,3,4,18,39,create_block_schema
src/prefect/client/orchestration/_blocks_schemas/client.py,class,A,3,0,109,200,BlocksSchemaAsyncClient
src/prefect/client/orchestration/_blocks_schemas/client.py,method,A,3,4,110,133,create_block_schema
src/prefect/client/orchestration/_blocks_schemas/client.py,method,A,2,4,77,106,get_most_recent_block_schema_for_block_type
src/prefect/client/orchestration/_blocks_schemas/client.py,method,A,2,4,171,200,get_most_recent_block_schema_for_block_type
src/prefect/client/orchestration/_blocks_schemas/client.py,method,A,1,4,63,75,read_block_schemas
src/prefect/client/orchestration/_blocks_schemas/client.py,method,A,1,4,157,169,read_block_schemas
src/prefect/client/orchestration/_flow_runs/client.py,method,B,8,4,114,168,update_flow_run
src/prefect/client/orchestration/_flow_runs/client.py,method,B,8,4,548,601,update_flow_run
src/prefect/client/orchestration/_flow_runs/client.py,method,B,7,4,244,303,read_flow_runs
src/prefect/client/orchestration/_flow_runs/client.py,method,B,7,4,679,738,read_flow_runs
src/prefect/client/orchestration/_flow_runs/client.py,method,B,6,4,40,112,create_flow_run
src/prefect/client/orchestration/_flow_runs/client.py,method,B,6,4,474,546,create_flow_run
src/prefect/client/orchestration/_flow_runs/client.py,method,A,4,4,305,353,set_flow_run_state
src/prefect/client/orchestration/_flow_runs/client.py,method,A,4,4,740,788,set_flow_run_state
src/prefect/client/orchestration/_flow_runs/client.py,class,A,3,0,39,470,FlowRunClient
src/prefect/client/orchestration/_flow_runs/client.py,method,A,3,4,171,190,delete_flow_run
src/prefect/client/orchestration/_flow_runs/client.py,method,A,3,4,192,213,read_flow_run
src/prefect/client/orchestration/_flow_runs/client.py,class,A,3,0,473,907,FlowRunAsyncClient
src/prefect/client/orchestration/_flow_runs/client.py,method,A,3,4,604,625,delete_flow_run
src/prefect/client/orchestration/_flow_runs/client.py,method,A,3,4,627,648,read_flow_run
src/prefect/client/orchestration/_flow_runs/client.py,method,A,2,4,215,242,resume_flow_run
src/prefect/client/orchestration/_flow_runs/client.py,method,A,2,4,650,677,resume_flow_run
src/prefect/client/orchestration/_flow_runs/client.py,method,A,1,4,355,371,read_flow_run_states
src/prefect/client/orchestration/_flow_runs/client.py,method,A,1,4,373,381,set_flow_run_name
src/prefect/client/orchestration/_flow_runs/client.py,method,A,1,4,384,406,create_flow_run_input
src/prefect/client/orchestration/_flow_runs/client.py,method,A,1,4,408,424,filter_flow_run_input
src/prefect/client/orchestration/_flow_runs/client.py,method,A,1,4,426,440,read_flow_run_input
src/prefect/client/orchestration/_flow_runs/client.py,method,A,1,4,442,455,delete_flow_run_input
src/prefect/client/orchestration/_flow_runs/client.py,method,A,1,4,457,470,update_flow_run_labels
src/prefect/client/orchestration/_flow_runs/client.py,method,A,1,4,790,806,read_flow_run_states
src/prefect/client/orchestration/_flow_runs/client.py,method,A,1,4,808,816,set_flow_run_name
src/prefect/client/orchestration/_flow_runs/client.py,method,A,1,4,819,843,create_flow_run_input
src/prefect/client/orchestration/_flow_runs/client.py,method,A,1,4,845,861,filter_flow_run_input
src/prefect/client/orchestration/_flow_runs/client.py,method,A,1,4,863,877,read_flow_run_input
src/prefect/client/orchestration/_flow_runs/client.py,method,A,1,4,879,892,delete_flow_run_input
src/prefect/client/orchestration/_flow_runs/client.py,method,A,1,4,894,907,update_flow_run_labels
src/prefect/client/orchestration/_logs/client.py,class,A,4,0,20,54,LogClient
src/prefect/client/orchestration/_logs/client.py,class,A,4,0,57,97,LogAsyncClient
src/prefect/client/orchestration/_logs/client.py,method,A,3,4,21,31,create_logs
src/prefect/client/orchestration/_logs/client.py,method,A,3,4,33,54,read_logs
src/prefect/client/orchestration/_logs/client.py,method,A,3,4,58,73,create_logs
src/prefect/client/orchestration/_logs/client.py,method,A,3,4,75,97,read_logs
src/prefect/client/orchestration/_flows/client.py,method,B,7,4,106,164,read_flows
src/prefect/client/orchestration/_flows/client.py,method,B,7,4,265,323,read_flows
src/prefect/client/orchestration/_flows/client.py,class,A,3,0,28,184,FlowClient
src/prefect/client/orchestration/_flows/client.py,method,A,3,4,88,104,delete_flow
src/prefect/client/orchestration/_flows/client.py,class,A,3,0,187,343,FlowAsyncClient
src/prefect/client/orchestration/_flows/client.py,method,A,3,4,247,263,delete_flow
src/prefect/client/orchestration/_flows/client.py,method,A,2,4,44,71,create_flow_from_name
src/prefect/client/orchestration/_flows/client.py,method,A,2,4,203,230,create_flow_from_name
src/prefect/client/orchestration/_flows/client.py,method,A,1,4,29,42,create_flow
src/prefect/client/orchestration/_flows/client.py,method,A,1,4,73,86,read_flow
src/prefect/client/orchestration/_flows/client.py,method,A,1,4,166,184,read_flow_by_name
src/prefect/client/orchestration/_flows/client.py,method,A,1,4,188,201,create_flow
src/prefect/client/orchestration/_flows/client.py,method,A,1,4,232,245,read_flow
src/prefect/client/orchestration/_flows/client.py,method,A,1,4,325,343,read_flow_by_name
src/prefect/client/orchestration/_blocks_documents/client.py,class,A,3,0,22,177,BlocksDocumentClient
src/prefect/client/orchestration/_blocks_documents/client.py,method,A,3,4,23,58,create_block_document
src/prefect/client/orchestration/_blocks_documents/client.py,method,A,3,4,60,83,update_block_document
src/prefect/client/orchestration/_blocks_documents/client.py,method,A,3,4,85,99,delete_block_document
src/prefect/client/orchestration/_blocks_documents/client.py,method,A,3,4,101,139,read_block_document
src/prefect/client/orchestration/_blocks_documents/client.py,class,A,3,0,180,334,BlocksDocumentAsyncClient
src/prefect/client/orchestration/_blocks_documents/client.py,method,A,3,4,181,216,create_block_document
src/prefect/client/orchestration/_blocks_documents/client.py,method,A,3,4,218,241,update_block_document
src/prefect/client/orchestration/_blocks_documents/client.py,method,A,3,4,243,257,delete_block_document
src/prefect/client/orchestration/_blocks_documents/client.py,method,A,3,4,259,296,read_block_document
src/prefect/client/orchestration/_blocks_documents/client.py,method,A,1,4,141,177,read_block_documents
src/prefect/client/orchestration/_blocks_documents/client.py,method,A,1,4,298,334,read_block_documents
src/prefect/client/orchestration/_deployments/client.py,method,C,13,4,46,149,create_deployment
src/prefect/client/orchestration/_deployments/client.py,method,C,13,4,591,694,create_deployment
src/prefect/client/orchestration/_deployments/client.py,method,B,7,4,269,327,read_deployments
src/prefect/client/orchestration/_deployments/client.py,method,B,7,4,510,587,create_flow_run_from_deployment
src/prefect/client/orchestration/_deployments/client.py,method,B,7,4,818,876,read_deployments
src/prefect/client/orchestration/_deployments/client.py,method,B,7,4,1059,1136,create_flow_run_from_deployment
src/prefect/client/orchestration/_deployments/client.py,class,A,5,0,45,587,DeploymentClient
src/prefect/client/orchestration/_deployments/client.py,method,A,5,4,192,226,read_deployment
src/prefect/client/orchestration/_deployments/client.py,method,A,5,4,228,267,read_deployment_by_name
src/prefect/client/orchestration/_deployments/client.py,method,A,5,4,421,459,update_deployment_schedule
src/prefect/client/orchestration/_deployments/client.py,class,A,5,0,590,1136,DeploymentAsyncClient
src/prefect/client/orchestration/_deployments/client.py,method,A,5,4,741,775,read_deployment
src/prefect/client/orchestration/_deployments/client.py,method,A,5,4,777,816,read_deployment_by_name
src/prefect/client/orchestration/_deployments/client.py,method,A,5,4,970,1008,update_deployment_schedule
src/prefect/client/orchestration/_deployments/client.py,method,A,4,4,488,508,get_scheduled_flow_runs_for_deployments
src/prefect/client/orchestration/_deployments/client.py,method,A,4,4,1037,1057,get_scheduled_flow_runs_for_deployments
src/prefect/client/orchestration/_deployments/client.py,method,A,3,4,329,352,delete_deployment
src/prefect/client/orchestration/_deployments/client.py,method,A,3,4,354,391,create_deployment_schedules
src/prefect/client/orchestration/_deployments/client.py,method,A,3,4,393,419,read_deployment_schedules
src/prefect/client/orchestration/_deployments/client.py,method,A,3,4,461,486,delete_deployment_schedule
src/prefect/client/orchestration/_deployments/client.py,method,A,3,4,878,901,delete_deployment
src/prefect/client/orchestration/_deployments/client.py,method,A,3,4,903,940,create_deployment_schedules
src/prefect/client/orchestration/_deployments/client.py,method,A,3,4,942,968,read_deployment_schedules
src/prefect/client/orchestration/_deployments/client.py,method,A,3,4,1010,1035,delete_deployment_schedule
src/prefect/client/orchestration/_deployments/client.py,method,A,2,4,175,190,_create_deployment_from_schema
src/prefect/client/orchestration/_deployments/client.py,method,A,2,4,722,739,_create_deployment_from_schema
src/prefect/client/orchestration/_deployments/client.py,method,A,1,4,151,156,set_deployment_paused_state
src/prefect/client/orchestration/_deployments/client.py,method,A,1,4,159,171,update_deployment
src/prefect/client/orchestration/_deployments/client.py,method,A,1,4,696,703,set_deployment_paused_state
src/prefect/client/orchestration/_deployments/client.py,method,A,1,4,706,718,update_deployment
src/prefect/client/orchestration/_concurrency_limits/client.py,method,A,5,4,126,160,reset_concurrency_limit_by_tag
src/prefect/client/orchestration/_concurrency_limits/client.py,method,A,5,4,496,530,reset_concurrency_limit_by_tag
src/prefect/client/orchestration/_concurrency_limits/client.py,method,A,4,4,63,98,read_concurrency_limit_by_tag
src/prefect/client/orchestration/_concurrency_limits/client.py,method,A,4,4,347,373,upsert_global_concurrency_limit_by_name
src/prefect/client/orchestration/_concurrency_limits/client.py,method,A,4,4,433,468,read_concurrency_limit_by_tag
src/prefect/client/orchestration/_concurrency_limits/client.py,method,A,4,4,717,745,upsert_global_concurrency_limit_by_name
src/prefect/client/orchestration/_concurrency_limits/client.py,class,A,3,0,23,390,ConcurrencyLimitClient
src/prefect/client/orchestration/_concurrency_limits/client.py,method,A,3,4,162,187,delete_concurrency_limit_by_tag
src/prefect/client/orchestration/_concurrency_limits/client.py,method,A,3,4,298,313,update_global_concurrency_limit
src/prefect/client/orchestration/_concurrency_limits/client.py,method,A,3,4,315,327,delete_global_concurrency_limit_by_name
src/prefect/client/orchestration/_concurrency_limits/client.py,method,A,3,4,329,345,read_global_concurrency_limit_by_name
src/prefect/client/orchestration/_concurrency_limits/client.py,class,A,3,0,393,762,ConcurrencyLimitAsyncClient
src/prefect/client/orchestration/_concurrency_limits/client.py,method,A,3,4,532,557,delete_concurrency_limit_by_tag
src/prefect/client/orchestration/_concurrency_limits/client.py,method,A,3,4,668,683,update_global_concurrency_limit
src/prefect/client/orchestration/_concurrency_limits/client.py,method,A,3,4,685,697,delete_global_concurrency_limit_by_name
src/prefect/client/orchestration/_concurrency_limits/client.py,method,A,3,4,699,715,read_global_concurrency_limit_by_name
src/prefect/client/orchestration/_concurrency_limits/client.py,method,A,2,4,24,61,create_concurrency_limit
src/prefect/client/orchestration/_concurrency_limits/client.py,method,A,2,4,242,256,increment_concurrency_slots
src/prefect/client/orchestration/_concurrency_limits/client.py,method,A,2,4,394,431,create_concurrency_limit
src/prefect/client/orchestration/_concurrency_limits/client.py,method,A,2,4,612,626,increment_concurrency_slots
src/prefect/client/orchestration/_concurrency_limits/client.py,method,A,1,4,100,124,read_concurrency_limits
src/prefect/client/orchestration/_concurrency_limits/client.py,method,A,1,4,189,209,increment_v1_concurrency_slots
src/prefect/client/orchestration/_concurrency_limits/client.py,method,A,1,4,212,239,decrement_v1_concurrency_slots
src/prefect/client/orchestration/_concurrency_limits/client.py,method,A,1,4,260,282,release_concurrency_slots
src/prefect/client/orchestration/_concurrency_limits/client.py,method,A,1,4,286,296,create_global_concurrency_limit
src/prefect/client/orchestration/_concurrency_limits/client.py,method,A,1,4,376,390,read_global_concurrency_limits
src/prefect/client/orchestration/_concurrency_limits/client.py,method,A,1,4,470,494,read_concurrency_limits
src/prefect/client/orchestration/_concurrency_limits/client.py,method,A,1,4,559,579,increment_v1_concurrency_slots
src/prefect/client/orchestration/_concurrency_limits/client.py,method,A,1,4,582,609,decrement_v1_concurrency_slots
src/prefect/client/orchestration/_concurrency_limits/client.py,method,A,1,4,630,652,release_concurrency_slots
src/prefect/client/orchestration/_concurrency_limits/client.py,method,A,1,4,656,666,create_global_concurrency_limit
src/prefect/client/orchestration/_concurrency_limits/client.py,method,A,1,4,748,762,read_global_concurrency_limits
src/prefect/client/orchestration/_artifacts/client.py,class,A,5,0,176,206,ArtifactCollectionClient
src/prefect/client/orchestration/_artifacts/client.py,class,A,5,0,209,239,ArtifactCollectionAsyncClient
src/prefect/client/orchestration/_artifacts/client.py,method,A,4,4,77,106,read_artifacts
src/prefect/client/orchestration/_artifacts/client.py,method,A,4,4,131,160,read_artifacts
src/prefect/client/orchestration/_artifacts/client.py,method,A,4,4,177,206,read_latest_artifacts
src/prefect/client/orchestration/_artifacts/client.py,method,A,4,4,210,239,read_latest_artifacts
src/prefect/client/orchestration/_artifacts/client.py,class,A,3,0,43,106,ArtifactClient
src/prefect/client/orchestration/_artifacts/client.py,method,A,3,4,63,75,delete_artifact
src/prefect/client/orchestration/_artifacts/client.py,class,A,3,0,109,173,ArtifactAsyncClient
src/prefect/client/orchestration/_artifacts/client.py,method,A,3,4,162,173,delete_artifact
src/prefect/client/orchestration/_artifacts/client.py,class,A,1,0,24,28,BaseArtifactReadParams
src/prefect/client/orchestration/_artifacts/client.py,class,A,1,0,31,33,ArtifactReadParams
src/prefect/client/orchestration/_artifacts/client.py,class,A,1,0,36,40,ArtifactCollectionReadParams
src/prefect/client/orchestration/_artifacts/client.py,method,A,1,4,44,52,create_artifact
src/prefect/client/orchestration/_artifacts/client.py,method,A,1,4,54,61,update_artifact
src/prefect/client/orchestration/_artifacts/client.py,method,A,1,4,110,118,create_artifact
src/prefect/client/orchestration/_artifacts/client.py,method,A,1,4,120,129,update_artifact
src/prefect/client/orchestration/_automations/client.py,method,B,10,4,47,80,find_automation
src/prefect/client/orchestration/_automations/client.py,method,B,10,4,206,239,find_automation
src/prefect/client/orchestration/_automations/client.py,class,A,3,0,16,171,AutomationClient
src/prefect/client/orchestration/_automations/client.py,class,A,3,0,175,332,AutomationAsyncClient
src/prefect/client/orchestration/_automations/client.py,method,A,2,4,82,91,read_automation
src/prefect/client/orchestration/_automations/client.py,method,A,2,4,93,125,read_automations_by_name
src/prefect/client/orchestration/_automations/client.py,method,A,2,4,145,154,delete_automation
src/prefect/client/orchestration/_automations/client.py,method,A,2,4,241,250,read_automation
src/prefect/client/orchestration/_automations/client.py,method,A,2,4,252,284,read_automations_by_name
src/prefect/client/orchestration/_automations/client.py,method,A,2,4,304,313,delete_automation
src/prefect/client/orchestration/_automations/client.py,method,A,1,4,17,26,create_automation
src/prefect/client/orchestration/_automations/client.py,method,A,1,4,28,38,update_automation
src/prefect/client/orchestration/_automations/client.py,method,A,1,4,40,45,read_automations
src/prefect/client/orchestration/_automations/client.py,method,A,1,4,127,134,pause_automation
src/prefect/client/orchestration/_automations/client.py,method,A,1,4,136,143,resume_automation
src/prefect/client/orchestration/_automations/client.py,method,A,1,4,156,165,read_resource_related_automations
src/prefect/client/orchestration/_automations/client.py,method,A,1,4,167,171,delete_resource_owned_automations
src/prefect/client/orchestration/_automations/client.py,method,A,1,4,176,185,create_automation
src/prefect/client/orchestration/_automations/client.py,method,A,1,4,187,197,update_automation
src/prefect/client/orchestration/_automations/client.py,method,A,1,4,199,204,read_automations
src/prefect/client/orchestration/_automations/client.py,method,A,1,4,286,293,pause_automation
src/prefect/client/orchestration/_automations/client.py,method,A,1,4,295,302,resume_automation
src/prefect/client/orchestration/_automations/client.py,method,A,1,4,315,326,read_resource_related_automations
src/prefect/client/orchestration/_automations/client.py,method,A,1,4,328,332,delete_resource_owned_automations
src/prefect/logging/configuration.py,function,B,8,0,63,105,setup_logging
src/prefect/logging/configuration.py,function,A,3,0,30,60,load_logging_config
src/prefect/logging/formatters.py,class,A,5,0,76,133,PrefectFormatter
src/prefect/logging/formatters.py,method,A,5,4,77,123,__init__
src/prefect/logging/formatters.py,class,A,4,0,37,73,JsonFormatter
src/prefect/logging/formatters.py,function,A,3,0,19,32,format_exception_info
src/prefect/logging/formatters.py,method,A,3,4,45,55,__init__
src/prefect/logging/formatters.py,method,A,3,4,125,133,formatMessage
src/prefect/logging/formatters.py,method,A,2,4,58,73,format
src/prefect/logging/loggers.py,function,C,12,0,94,163,get_run_logger
src/prefect/logging/loggers.py,function,B,9,0,192,229,task_run_logger
src/prefect/logging/loggers.py,function,A,5,0,290,317,print_as_log
src/prefect/logging/loggers.py,function,A,4,0,166,187,flow_run_logger
src/prefect/logging/loggers.py,class,A,4,0,34,59,PrefectLogAdapter
src/prefect/logging/loggers.py,function,A,3,0,65,91,get_logger
src/prefect/logging/loggers.py,function,A,3,0,234,256,get_worker_logger
src/prefect/logging/loggers.py,method,A,3,4,44,48,process
src/prefect/logging/loggers.py,method,A,3,4,50,59,getChild
src/prefect/logging/loggers.py,class,A,2,0,336,395,LogEavesdropper
src/prefect/logging/loggers.py,method,A,2,4,384,387,__exit__
src/prefect/logging/loggers.py,function,A,1,0,260,276,disable_logger
src/prefect/logging/loggers.py,function,A,1,0,280,287,disable_run_logger
src/prefect/logging/loggers.py,function,A,1,0,321,333,patch_print
src/prefect/logging/loggers.py,method,A,1,4,357,373,__init__
src/prefect/logging/loggers.py,method,A,1,4,376,382,__enter__
src/prefect/logging/loggers.py,method,A,1,4,389,391,emit
src/prefect/logging/loggers.py,method,A,1,4,393,395,text
src/prefect/logging/handlers.py,method,C,12,4,180,243,prepare
src/prefect/logging/handlers.py,method,A,5,4,61,72,_handle_batch
src/prefect/logging/handlers.py,class,A,5,0,94,246,APILogHandler
src/prefect/logging/handlers.py,method,A,4,4,139,155,emit
src/prefect/logging/handlers.py,method,A,4,4,157,178,handleError
src/prefect/logging/handlers.py,class,A,4,0,249,284,WorkerAPILogHandler
src/prefect/logging/handlers.py,class,A,4,0,287,332,PrefectConsoleHandler
src/prefect/logging/handlers.py,class,A,3,0,48,91,APILogWorker
src/prefect/logging/handlers.py,method,A,3,4,103,128,flush
src/prefect/logging/handlers.py,method,A,3,4,258,284,prepare
src/prefect/logging/handlers.py,method,A,3,4,323,332,emit
src/prefect/logging/handlers.py,method,A,2,4,90,91,_get_size
src/prefect/logging/handlers.py,method,A,2,4,250,256,emit
src/prefect/logging/handlers.py,method,A,2,4,288,320,__init__
src/prefect/logging/handlers.py,method,A,1,4,50,54,_max_batch_size
src/prefect/logging/handlers.py,method,A,1,4,58,59,_min_interval
src/prefect/logging/handlers.py,method,A,1,4,75,77,_lifespan
src/prefect/logging/handlers.py,method,A,1,4,80,88,instance
src/prefect/logging/handlers.py,method,A,1,4,131,137,aflush
src/prefect/logging/handlers.py,method,A,1,4,245,246,_get_payload_size
src/prefect/logging/highlighters.py,class,A,2,0,43,50,StateHighlighter
src/prefect/logging/highlighters.py,class,A,1,0,6,15,LevelHighlighter
src/prefect/logging/highlighters.py,class,A,1,0,19,25,UrlHighlighter
src/prefect/logging/highlighters.py,class,A,1,0,29,39,NameHighlighter
src/prefect/logging/highlighters.py,class,A,1,0,54,62,PrefectConsoleHighlighter
src/prefect/logging/filters.py,class,A,3,0,29,41,ObfuscateApiKeyFilter
src/prefect/logging/filters.py,method,A,2,4,34,41,filter
src/prefect/logging/filters.py,function,A,1,0,8,26,redact_substr
src/prefect/deployments/runner.py,function,E,36,0,1054,1289,deploy
src/prefect/deployments/runner.py,method,C,18,4,283,368,_create
src/prefect/deployments/runner.py,method,C,16,4,561,705,from_flow
src/prefect/deployments/runner.py,method,C,13,4,471,550,_construct_deployment_schedules
src/prefect/deployments/runner.py,method,B,7,4,708,809,from_entrypoint
src/prefect/deployments/runner.py,method,B,7,4,812,930,afrom_storage
src/prefect/deployments/runner.py,method,B,7,4,934,1050,from_storage
src/prefect/deployments/runner.py,class,B,6,0,109,1050,RunnerDeployment
src/prefect/deployments/runner.py,method,A,5,4,258,271,validate_deployment_parameters
src/prefect/deployments/runner.py,method,A,5,4,370,406,_update
src/prefect/deployments/runner.py,method,A,5,4,430,457,apply
src/prefect/deployments/runner.py,method,A,4,4,408,427,_create_triggers
src/prefect/deployments/runner.py,method,A,3,4,249,255,validate_automation_names
src/prefect/deployments/runner.py,method,A,3,4,459,467,_create_slas
src/prefect/deployments/runner.py,method,A,3,4,552,558,_set_defaults_from_flow
src/prefect/deployments/runner.py,method,A,2,4,243,246,validate_name
src/prefect/deployments/runner.py,class,A,1,0,103,104,DeploymentApplyError
src/prefect/deployments/runner.py,method,A,1,4,234,235,entrypoint_type
src/prefect/deployments/runner.py,method,A,1,4,238,239,full_name
src/prefect/deployments/runner.py,method,A,1,4,275,276,reconcile_paused
src/prefect/deployments/runner.py,method,A,1,4,280,281,reconcile_schedules
src/prefect/deployments/flow_runs.py,function,D,23,0,50,209,run_deployment
src/prefect/deployments/flow_runs.py,function,A,2,0,22,28,_is_instrumentation_enabled
src/prefect/deployments/__init__.py,function,A,3,0,20,33,__getattr__
src/prefect/deployments/base.py,function,C,16,0,145,205,initialize_project
src/prefect/deployments/base.py,function,C,14,0,274,343,_save_deployment_to_prefect_file
src/prefect/deployments/base.py,function,B,8,0,208,254,_format_deployment_for_saving_to_prefect_file
src/prefect/deployments/base.py,function,A,2,0,26,113,create_default_prefect_yaml
src/prefect/deployments/base.py,function,A,2,0,116,142,configure_project_by_recipe
src/prefect/deployments/base.py,function,A,1,0,257,271,_interval_schedule_to_dict
src/prefect/deployments/schedules.py,function,B,8,0,29,54,normalize_to_deployment_schedule_create
src/prefect/deployments/schedules.py,function,A,3,0,15,25,create_deployment_schedule_create
src/prefect/deployments/schedules.py,function,A,1,0,57,58,_is_server_schema
src/prefect/deployments/steps/pull.py,function,A,4,0,50,93,agit_clone
src/prefect/deployments/steps/pull.py,function,A,4,0,97,200,git_clone
src/prefect/deployments/steps/pull.py,function,A,3,0,245,278,pull_with_block
src/prefect/deployments/steps/pull.py,function,A,1,0,24,36,set_working_directory
src/prefect/deployments/steps/pull.py,function,A,1,0,46,47,_pull_git_repository_with_retries
src/prefect/deployments/steps/pull.py,function,A,1,0,203,242,pull_from_remote_storage
src/prefect/deployments/steps/utility.py,function,B,6,0,76,200,run_shell_script
src/prefect/deployments/steps/utility.py,function,A,3,0,42,59,_stream_capture_process_output
src/prefect/deployments/steps/utility.py,function,A,2,0,204,263,pip_install_requirements
src/prefect/deployments/steps/utility.py,class,A,1,0,63,73,RunShellScriptResult
src/prefect/deployments/steps/core.py,function,C,12,0,140,192,run_steps
src/prefect/deployments/steps/core.py,function,B,9,0,65,99,_get_function_for_step
src/prefect/deployments/steps/core.py,function,A,5,0,102,137,run_step
src/prefect/deployments/steps/core.py,function,A,1,0,44,62,_strip_version
src/prefect/deployments/steps/core.py,function,A,1,0,195,197,_get_step_fully_qualified_name_and_inputs
src/prefect/deployments/steps/core.py,class,A,1,0,38,39,StepExecutionError
